Product Name|Product Link|GPU Name|GPU Variant|Architecture|Foundry|Process Size|Transistors|Density|Die Size|Chip Package|Release Date|Generation|Predecessor|Successor|Production|Bus Interface|Reviews|GPU Clock|Memory Clock|Memory Size|Memory Type|Memory Bus|Bandwidth|Shading Units|TMUs|ROPs|Compute Units|L1 Cache|L2 Cache|Pixel Rate|Texture Rate|FP32 (float)|TDP|Outputs|DirectX|OpenGL|OpenCL|Vulkan|Shader Model|Slot Width|Length|Width|Suggested PSU|Power Connectors|Board Number|FP64 (double)|Launch Price|Height|Base Clock|Boost Clock|Announced|Weight|FP16 (half)|Storage|Inputs|Availability|Part Number|Current Price|SOC Clock|Game Clock
FirePro M3900|/gpu-specs/firepro-m3900.c2287|Seymour|Seymour GL|TeraScale 2|TSMC|40 nm|370 million|5.5M / mm²|67 mm²|FCBGA-631/962|Oct 19th, 2010|"FirePro Mobile
(Mx900)"|FirePro Mobility|Radeon Pro Mobile|End-of-life|PCIe 2.0 x16|2 in our database|750 MHz|"900 MHz
										
					1800 Mbps effective"|1024 MB|GDDR3|64 bit|14.40 GB/s|160.0|8.0|4.0|2.0|8 KB (per CU)|128 KB|3.000 GPixel/s|6.000 GTexel/s|240.0 GFLOPS|20 W|Portable Device Dependent|11.2 (11_0)|4.4|1.2||5.0|||||||||||||||||||||
FirePro RG220|/gpu-specs/firepro-rg220.c582|RV711||TeraScale|TSMC|55 nm|242 million|3.3M / mm²|73 mm²|FCBGA-631|May 4th, 2010|FirePro Remote||Radeon Sky|End-of-life|PCIe 2.0 x16|10 in our database|500 MHz|"800 MHz
										
					1600 Mbps effective"|512 MB|GDDR3|256 bit|51.20 GB/s|80.0|8.0|4.0|1.0|||2.000 GPixel/s|4.000 GTexel/s|80.00 GFLOPS|35 W|1x DMS-59|10.1 (10_1)|3.3|1.1||4.1|Single-slot|"170 mm
					6.7 inches"|"111 mm
					4.4 inches"|200 W||109-B92531-00|||||||||||||||
FirePro RG220A|/gpu-specs/firepro-rg220a.c584|RV711||TeraScale|TSMC|55 nm|242 million|3.3M / mm²|73 mm²|FCBGA-631|May 4th, 2010|FirePro Remote||Radeon Sky|End-of-life|PCIe 2.0 x16||500 MHz|"800 MHz
										
					1600 Mbps effective"|512 MB|GDDR3|256 bit|51.20 GB/s|80.0|8.0|4.0|1.0|||2.000 GPixel/s|4.000 GTexel/s|80.00 GFLOPS|35 W|1x DVI|10.1 (10_1)|3.3|1.1||4.1|Single-slot|"168 mm
					6.6 inches"|"111 mm
					4.4 inches"|200 W||109-B92531-00|||||||||||||||
FireStream 9350|/gpu-specs/firestream-9350.c1184|Cypress|Cypress PRO GL|TeraScale 2|TSMC|40 nm|2,154 million|6.4M / mm²|334 mm²||Jun 1st, 2010|FireStream|Rage GL|FireGL|End-of-life|PCIe 2.0 x16||700 MHz|"1000 MHz
										
					4 Gbps effective"|2 GB|GDDR5|256 bit|128.0 GB/s|1440.0|72.0|32.0|18.0|8 KB (per CU)|512 KB|22.40 GPixel/s|50.40 GTexel/s|2.016 TFLOPS|150 W|1x DisplayPort 1.1|11.2 (11_0)|4.4|1.2||5.0|Single-slot|"241 mm
					9.5 inches"|"111 mm
					4.4 inches"|450 W|1x 6-pin||403.2 GFLOPS (1:5)||||||||||||||
FireStream 9370|/gpu-specs/firestream-9370.c1185|Cypress|Cypress XT GL|TeraScale 2|TSMC|40 nm|2,154 million|6.4M / mm²|334 mm²||Jun 23rd, 2010|FireStream|Rage GL|FireGL|End-of-life|PCIe 2.0 x16||825 MHz|"1150 MHz
										
					4.6 Gbps effective"|4 GB|GDDR5|256 bit|147.2 GB/s|1600.0|80.0|32.0|20.0|8 KB (per CU)|512 KB|26.40 GPixel/s|66.00 GTexel/s|2.640 TFLOPS|225 W|1x DisplayPort 1.1|11.2 (11_0)|4.4|1.2||5.0|Dual-slot|"267 mm
					10.5 inches"|"111 mm
					4.4 inches"|550 W|1x 8-pin||528.0 GFLOPS (1:5)||||||||||||||
Radeon HD 6250 IGP|/gpu-specs/radeon-hd-6250-igp.c2409|Loveland||TeraScale 2|TSMC|40 nm|450 million|6.0M / mm²|75 mm²||Nov 9th, 2010|"TeraScale 2 IGP
(Palm Mobile)"|TeraScale IGP|TeraScale 3 IGP|End-of-life|IGP||500 MHz|System Shared|System Shared|System Shared|System Shared|System Dependent|80.0|8.0|4.0|2.0|||2.000 GPixel/s|4.000 GTexel/s|80.00 GFLOPS|9 W|Portable Device Dependent|11.2 (11_0)|4.4|1.2||5.0|IGP||||||||||||||||||||
Radeon HD 6310 IGP|/gpu-specs/radeon-hd-6310-igp.c2284|Loveland||TeraScale 2|TSMC|40 nm|450 million|6.0M / mm²|75 mm²||Nov 9th, 2010|"TeraScale 2 IGP
(Palm Mobile)"|TeraScale IGP|TeraScale 3 IGP|End-of-life|IGP||276 MHz|System Shared|System Shared|System Shared|System Shared|System Dependent|80.0|8.0|4.0|2.0|||1.104 GPixel/s|2.208 GTexel/s|44.16 GFLOPS|18 W|Portable Device Dependent|11.2 (11_0)|4.4|1.2||5.0|IGP||||||||||||||||||||
Radeon HD 6310 IGP|/gpu-specs/radeon-hd-6310-igp.c2286|Loveland||TeraScale 2|TSMC|40 nm|450 million|6.0M / mm²|75 mm²||Nov 9th, 2010|"TeraScale 2 IGP
(Palm Mobile)"|TeraScale IGP|TeraScale 3 IGP|End-of-life|IGP||488 MHz|System Shared|System Shared|System Shared|System Shared|System Dependent|80.0|8.0|4.0|2.0|||1.952 GPixel/s|3.904 GTexel/s|78.08 GFLOPS|18 W|Portable Device Dependent|11.2 (11_0)|4.4|1.2||5.0|IGP||||||||||||||||||||
Radeon HD 6330M|/gpu-specs/radeon-hd-6330m.c337|Robson|"Robson LP S3
										
(216-0774191)"|TeraScale 2|TSMC|40 nm|292 million|4.9M / mm²|59 mm²|FCBGA-631/962|Nov 26th, 2010|"Vancouver
(HD 6300M)"|Manhattan|London|End-of-life|PCIe 2.0 x16||500 MHz|"800 MHz
										
					1600 Mbps effective"|1024 MB|GDDR3|64 bit|12.80 GB/s|80.0|8.0|4.0|2.0|8 KB (per CU)|128 KB|2.000 GPixel/s|4.000 GTexel/s|80.00 GFLOPS|7 W|Portable Device Dependent|11.2 (11_0)|4.4|1.2||5.0|||||||||||||||||||||
Radeon HD 6350M|/gpu-specs/radeon-hd-6350m.c336|Robson|"Robson PRO S3
										
(216-0774207)"|TeraScale 2|TSMC|40 nm|292 million|4.9M / mm²|59 mm²|FCBGA-631/962|Nov 26th, 2010|"Vancouver
(HD 6300M)"|Manhattan|London|End-of-life|PCIe 2.0 x16||500 MHz|"800 MHz
										
					1600 Mbps effective"|1024 MB|GDDR3|64 bit|12.80 GB/s|80.0|8.0|4.0|2.0|8 KB (per CU)|128 KB|2.000 GPixel/s|4.000 GTexel/s|80.00 GFLOPS|7 W|Portable Device Dependent|11.2 (11_0)|4.4|1.2||5.0|||||||||||||||||||||
Radeon HD 6370M|/gpu-specs/radeon-hd-6370m.c335|Robson|"Robson XT S3
										
(216-0774207)"|TeraScale 2|TSMC|40 nm|292 million|4.9M / mm²|59 mm²|FCBGA-631/962|Nov 26th, 2010|"Vancouver
(HD 6300M)"|Manhattan|London|End-of-life|PCIe 2.0 x16||750 MHz|"800 MHz
										
					1600 Mbps effective"|1024 MB|GDDR3|64 bit|12.80 GB/s|80.0|8.0|4.0|2.0|8 KB (per CU)|128 KB|3.000 GPixel/s|6.000 GTexel/s|120.0 GFLOPS|11 W|Portable Device Dependent|11.2 (11_0)|4.4|1.2||5.0|||||||||||||||||||||
Radeon HD 6530M|/gpu-specs/radeon-hd-6530m.c330|Capilano|"Capilano LP
										
(216-0772000)"|TeraScale 2|TSMC|40 nm|627 million|6.0M / mm²|104 mm²|FCBGA-962|Nov 26th, 2010|"Vancouver
(HD 6500M)"|Manhattan|London|End-of-life|MXM-II||450 MHz|"900 MHz
										
					1800 Mbps effective"|1024 MB|DDR3|128 bit|28.80 GB/s|400.0|20.0|8.0|5.0|8 KB (per CU)|256 KB|3.600 GPixel/s|9.000 GTexel/s|360.0 GFLOPS|26 W|Portable Device Dependent|11.2 (11_0)|4.4|1.2||5.0|MXM Module||||||||||||||||||||
Radeon HD 6550M|/gpu-specs/radeon-hd-6550m.c3275|Lexington||TeraScale 2|TSMC|40 nm|2,154 million|6.4M / mm²|334 mm²||Nov 26th, 2010|"Vancouver
(HD 6500M)"|Manhattan|London|End-of-life|MXM-II||650 MHz|"900 MHz
										
					1800 Mbps effective"|1024 MB|DDR3|128 bit|28.80 GB/s|400.0|20.0|8.0|5.0|8 KB (per CU)|256 KB|5.200 GPixel/s|13.00 GTexel/s|520.0 GFLOPS|26 W|Portable Device Dependent|11.2 (11_0)|4.4|1.2||5.0|MXM Module||||||||||||||||||||
Radeon HD 6550M|/gpu-specs/radeon-hd-6550m.c329|Capilano|"Capilano PRO
										
(216-0772000)"|TeraScale 2|TSMC|40 nm|627 million|6.0M / mm²|104 mm²|FCBGA-962|Nov 26th, 2010|"Vancouver
(HD 6500M)"|Manhattan|London|End-of-life|MXM-II||600 MHz|"900 MHz
										
					1800 Mbps effective"|1024 MB|DDR3|128 bit|28.80 GB/s|400.0|20.0|8.0|5.0|8 KB (per CU)|256 KB|4.800 GPixel/s|12.00 GTexel/s|480.0 GFLOPS|26 W|Portable Device Dependent|11.2 (11_0)|4.4|1.2||5.0|MXM Module||||||||||||||||||||
Radeon HD 6570M|/gpu-specs/radeon-hd-6570m.c1211|Capilano|"Capilano XT
										
(216-0772003)"|TeraScale 2|TSMC|40 nm|627 million|6.0M / mm²|104 mm²|FCBGA-962|Nov 26th, 2010|"Vancouver
(HD 6500M)"|Manhattan|London|End-of-life|MXM-II||650 MHz|"800 MHz
										
					1600 Mbps effective"|1024 MB|GDDR3|128 bit|25.60 GB/s|400.0|20.0|8.0|5.0|8 KB (per CU)|256 KB|5.200 GPixel/s|13.00 GTexel/s|520.0 GFLOPS|30 W|Portable Device Dependent|11.2 (11_0)|4.4|1.2||5.0|MXM Module||||||||||||||||||||
Radeon HD 6850|/gpu-specs/radeon-hd-6850.c255|Barts|"Barts PRO
										
(215-0798006)"|TeraScale 2|TSMC|40 nm|1,700 million|6.7M / mm²|255 mm²|HFCBGA-1737|Oct 21st, 2010|"Northern Islands
(HD 6800)"|Evergreen|Southern Islands|End-of-life|PCIe 2.0 x16|105 in our database|775 MHz|"1000 MHz
										
					4 Gbps effective"|1024 MB|GDDR5|256 bit|128.0 GB/s|960.0|48.0|32.0|12.0|8 KB (per CU)|512 KB|24.80 GPixel/s|37.20 GTexel/s|1,488.0 GFLOPS|127 W|2x DVI1x HDMI 1.3a2x mini-DisplayPort 1.1|11.2 (11_0)|4.4|1.2||5.0|Dual-slot|"198 mm
					7.8 inches"||300 W|1x 6-pin|109-C22301-00B||179 USD|||||||||||||
Radeon HD 6870|/gpu-specs/radeon-hd-6870.c256|Barts|"Barts XT
										
(215-0798000)"|TeraScale 2|TSMC|40 nm|1,700 million|6.7M / mm²|255 mm²|HFCBGA-1737|Oct 21st, 2010|"Northern Islands
(HD 6800)"|Evergreen|Southern Islands|End-of-life|PCIe 2.0 x16|170 in our database|900 MHz|"1050 MHz
										
					4.2 Gbps effective"|1024 MB|GDDR5|256 bit|134.4 GB/s|1120.0|56.0|32.0|14.0|8 KB (per CU)|512 KB|28.80 GPixel/s|50.40 GTexel/s|2.016 TFLOPS|151 W|2x DVI1x HDMI 1.3a2x mini-DisplayPort 1.1|11.2 (11_0)|4.4|1.2||5.0|Dual-slot|"247 mm
					9.7 inches"|"111 mm
					4.4 inches"|450 W|2x 6-pin|109-C22237-00||239 USD|"36 mm
					1.4 inches"||||||||||||
Radeon HD 6950|/gpu-specs/radeon-hd-6950.c405|Cayman|"Cayman PRO
										
(215-0807019)"|TeraScale 3|TSMC|40 nm|2,640 million|6.8M / mm²|389 mm²||Dec 14th, 2010|"Northern Islands
(HD 6900)"|Evergreen|Southern Islands|End-of-life|PCIe 2.0 x16|111 in our database|800 MHz|"1250 MHz
										
					5 Gbps effective"|2 GB|GDDR5|256 bit|160.0 GB/s|1408.0|88.0|32.0|22.0|8 KB (per CU)|512 KB|25.60 GPixel/s|70.40 GTexel/s|2.253 TFLOPS|200 W|2x DVI1x HDMI 1.4a2x mini-DisplayPort 1.2|11.2 (11_0)|4.4|1.2||5.0|Dual-slot|"286 mm
					11.3 inches"|"126 mm
					5 inches"|550 W|2x 6-pin|109-C21647-00|563.2 GFLOPS (1:4)|299 USD|"42 mm
					1.7 inches"||||||||||||
Radeon HD 6970|/gpu-specs/radeon-hd-6970.c258|Cayman|"Cayman XT
										
(215-0807007)"|TeraScale 3|TSMC|40 nm|2,640 million|6.8M / mm²|389 mm²||Dec 14th, 2010|"Northern Islands
(HD 6900)"|Evergreen|Southern Islands|End-of-life|PCIe 2.0 x16|80 in our database|880 MHz|"1375 MHz
										
					5.5 Gbps effective"|2 GB|GDDR5|256 bit|176.0 GB/s|1536.0|96.0|32.0|24.0|8 KB (per CU)|512 KB|28.16 GPixel/s|84.48 GTexel/s|2.703 TFLOPS|250 W|2x DVI1x HDMI 1.4a2x mini-DisplayPort 1.2|11.2 (11_0)|4.4|1.2||5.0|Dual-slot|"286 mm
					11.3 inches"|"126 mm
					5 inches"|600 W|1x 6-pin + 1x 8-pin|109-C20047-00|675.8 GFLOPS (1:4)|369 USD|"42 mm
					1.7 inches"||||||||||||
FirePro 2270|/gpu-specs/firepro-2270.c1183|Cedar|Cedar WS|TeraScale 2|TSMC|40 nm|292 million|4.9M / mm²|59 mm²|FCBGA-631|Jan 31st, 2011|"FirePro Multi-View
(2200)"|||End-of-life|PCIe 2.0 x16||600 MHz|"600 MHz
										
					1200 Mbps effective"|512 MB|GDDR3|64 bit|9.600 GB/s|80.0|8.0|4.0|1.0|8 KB (per CU)|128 KB|2.400 GPixel/s|4.800 GTexel/s|96.00 GFLOPS|15 W|1x DMS-59|11.2 (11_0)|4.4|1.2||5.0|Single-slot|"170 mm
					6.7 inches"|"69 mm
					2.7 inches"|200 W||109-C31981-00A|||||||||||||||
FirePro 2270 PCIe x1|/gpu-specs/firepro-2270-pcie-x1.c3096|Cedar|Cedar WS|TeraScale 2|TSMC|40 nm|292 million|4.9M / mm²|59 mm²|FCBGA-631|Jan 31st, 2011|"FirePro Multi-View
(2200)"|||End-of-life|PCIe 2.0 x1||600 MHz|"600 MHz
										
					1200 Mbps effective"|512 MB|GDDR3|64 bit|9.600 GB/s|80.0|8.0|4.0|1.0|8 KB (per CU)|128 KB|2.400 GPixel/s|4.800 GTexel/s|96.00 GFLOPS|15 W|1x DMS-59|11.2 (11_0)|4.4|1.2||5.0|Single-slot|"170 mm
					6.7 inches"|"69 mm
					2.7 inches"|200 W||109-C32081-00|||||||||||||||
FirePro M5950|/gpu-specs/firepro-m5950.c1398|Whistler|"Whistler XT GL MXM
										
(216-0810001)"|TeraScale 2|TSMC|40 nm|716 million|6.1M / mm²|118 mm²|FCBGA-962/1336|Jan 4th, 2011|"FirePro Mobile
(Mx900)"|FirePro Mobility|Radeon Pro Mobile|End-of-life|MXM-A (3.0)|10 in our database|725 MHz|"900 MHz
										
					3.6 Gbps effective"|1024 MB|GDDR5|128 bit|57.60 GB/s|480.0|24.0|8.0|6.0|8 KB (per CU)|256 KB|5.800 GPixel/s|17.40 GTexel/s|696.0 GFLOPS|35 W|Portable Device Dependent|11.2 (11_0)|4.4|1.2||5.0|MXM Module|||||109-C29841-00|||||||||||||||
FirePro M8900|/gpu-specs/firepro-m8900.c1674|Blackcomb|Blackcomb XT GL|TeraScale 2|TSMC|40 nm|1,700 million|8.0M / mm²|212 mm²|HFCBGA-1737|Apr 12th, 2011|"FirePro Mobile
(Mx900)"|FirePro Mobility|Radeon Pro Mobile|End-of-life|MXM-B (3.0)|2 in our database|680 MHz|"900 MHz
										
					3.6 Gbps effective"|2 GB|GDDR5|256 bit|115.2 GB/s|960.0|48.0|32.0|12.0|8 KB (per CU)|512 KB|21.76 GPixel/s|32.64 GTexel/s|1,305.6 GFLOPS|75 W|Portable Device Dependent|11.2 (11_0)|4.4|1.2||5.0|MXM Module|||||C296|||||||||||||||
FirePro V4900|/gpu-specs/firepro-v4900.c578|Turks|Turks XT GL|TeraScale 2|TSMC|40 nm|716 million|6.1M / mm²|118 mm²|FCBGA-962|Nov 1st, 2011|"FirePro Terascale
(Vx900)"|FireGL|Radeon Pro GCN|End-of-life|PCIe 2.0 x16|1 in our database|800 MHz|"1000 MHz
										
					4 Gbps effective"|1024 MB|GDDR5|128 bit|64.00 GB/s|480.0|24.0|8.0|6.0|8 KB (per CU)|256 KB|6.400 GPixel/s|19.20 GTexel/s|768.0 GFLOPS|75 W|1x DVI2x DisplayPort 1.1|11.2 (11_0)|4.4|1.2||5.0|Single-slot|"163 mm
					6.4 inches"|"111 mm
					4.4 inches"|250 W||109-C33871-00|||||||||||||||
FirePro V5900|/gpu-specs/firepro-v5900.c577|Cayman|Cayman LE WS|TeraScale 3|TSMC|40 nm|2,640 million|6.8M / mm²|389 mm²||May 24th, 2011|"FirePro Terascale
(Vx900)"|FireGL|Radeon Pro GCN|End-of-life|PCIe 2.0 x16||600 MHz|"500 MHz
										
					2 Gbps effective"|2 GB|GDDR5|256 bit|64.00 GB/s|512.0|32.0|32.0|8.0|8 KB (per CU)|512 KB|19.20 GPixel/s|19.20 GTexel/s|614.4 GFLOPS|75 W|1x DVI2x DisplayPort 1.2|11.2 (11_0)|4.4|1.2||5.0|Single-slot|"229 mm
					9 inches"|"112 mm
					4.4 inches"|250 W||109-C20371-00|153.6 GFLOPS (1:4)||"19 mm
					0.7 inches"||||||||||||
FirePro V7900|/gpu-specs/firepro-v7900.c580|Cayman|Cayman PRO GL|TeraScale 3|TSMC|40 nm|2,640 million|6.8M / mm²|389 mm²||May 24th, 2011|"FirePro Terascale
(Vx900)"|FireGL|Radeon Pro GCN|End-of-life|PCIe 2.0 x16||725 MHz|"1250 MHz
										
					5 Gbps effective"|2 GB|GDDR5|256 bit|160.0 GB/s|1280.0|80.0|32.0|20.0|8 KB (per CU)|512 KB|23.20 GPixel/s|58.00 GTexel/s|1.856 TFLOPS|150 W|4x DisplayPort 1.2|11.2 (11_0)|4.4|1.2||5.0|Single-slot|"279 mm
					11 inches"|"111 mm
					4.4 inches"|450 W|1x 6-pin|109-C32671-00|464.0 GFLOPS (1:4)||||||||||||||
FirePro V7900 SDI|/gpu-specs/firepro-v7900-sdi.c576|Cayman|Cayman PRO GL|TeraScale 3|TSMC|40 nm|2,640 million|6.8M / mm²|389 mm²||May 24th, 2011|"FirePro Terascale
(Vx900)"|FireGL|Radeon Pro GCN|End-of-life|PCIe 2.0 x16||725 MHz|"1250 MHz
										
					5 Gbps effective"|2 GB|GDDR5|256 bit|160.0 GB/s|1280.0|80.0|32.0|20.0|8 KB (per CU)|512 KB|23.20 GPixel/s|58.00 GTexel/s|1.856 TFLOPS|150 W|4x DisplayPort 1.21x SDI|11.2 (11_0)|4.4|1.2||5.0|Single-slot|"279 mm
					11 inches"|"111 mm
					4.4 inches"|450 W|1x 6-pin|C326|464.0 GFLOPS (1:4)||||||||||||||
Radeon E6460|/gpu-specs/radeon-e6460.c1738|Caicos|E6460|TeraScale 2|TSMC|40 nm|370 million|5.5M / mm²|67 mm²|FCBGA-631|Apr 7th, 2011|"Embedded
(6000)"|||End-of-life|PCIe 2.0 x16||600 MHz|"800 MHz
										
					3.2 Gbps effective"|512 MB|GDDR5|64 bit|25.60 GB/s|160.0|8.0|4.0|2.0|8 KB (per CU)|128 KB|2.400 GPixel/s|4.800 GTexel/s|192.0 GFLOPS|25 W|Portable Device Dependent|11.2 (11_0)|4.4|1.2||5.0|IGP||||||||||||||||||||
Radeon E6760 MXM|/gpu-specs/radeon-e6760-mxm.c1736|Whistler|"Whistler CSP
										
(216-0810025)"|TeraScale 2|TSMC|40 nm|716 million|6.1M / mm²|118 mm²|FCBGA-962/1336|May 2nd, 2011|"Embedded
(6000)"|||End-of-life|MXM-A (3.0)||600 MHz|"800 MHz
										
					3.2 Gbps effective"|1024 MB|GDDR5|128 bit|51.20 GB/s|480.0|24.0|8.0|6.0|8 KB (per CU)|256 KB|4.800 GPixel/s|14.40 GTexel/s|576.0 GFLOPS|45 W|Portable Device Dependent|11.2 (11_0)|4.4|1.2||5.0|IGP||||||||||||||||||||
Radeon E6760 PCIe|/gpu-specs/radeon-e6760-pcie.c3022|Whistler|"Whistler CSP
										
(216-0810025)"|TeraScale 2|TSMC|40 nm|716 million|6.1M / mm²|118 mm²|FCBGA-962/1336|May 2nd, 2011|"Embedded
(6000)"|||End-of-life|PCIe 2.0 x16||600 MHz|"800 MHz
										
					3.2 Gbps effective"|1024 MB|GDDR5|128 bit|51.20 GB/s|480.0|24.0|8.0|6.0|8 KB (per CU)|256 KB|4.800 GPixel/s|14.40 GTexel/s|576.0 GFLOPS|45 W|6x mini-DisplayPort 1.1|11.2 (11_0)|4.4|1.2||5.0|Single-slot|"175 mm
					6.9 inches"|||||||||||||||||||
Radeon HD 6230|/gpu-specs/radeon-hd-6230.c2070|Park|"Park LP S3
										
(216-0774008)"|TeraScale 2|TSMC|40 nm|292 million|4.9M / mm²|59 mm²|FCBGA-631/962|Jul 2nd, 2011|"Northern Islands
(HD 6200)"|Evergreen|Southern Islands|End-of-life|PCIe 2.0 x16||650 MHz|"667 MHz
										
					1334 Mbps effective"|512 MB|DDR2|64 bit|10.67 GB/s|80.0|8.0|4.0|2.0|8 KB (per CU)|128 KB|2.600 GPixel/s|5.200 GTexel/s|104.0 GFLOPS|19 W|1x DVI1x HDMI 1.3a|11.2 (11_0)|4.4|1.2||5.0|Single-slot|"168 mm
					6.6 inches"||200 W|||||||||||||||||
Radeon HD 6250|/gpu-specs/radeon-hd-6250.c2066|Cedar|"Cedar PRO
										
(215-0767003)"|TeraScale 2|TSMC|40 nm|292 million|4.9M / mm²|59 mm²|FCBGA-631|Jan 31st, 2011|"Northern Islands
(HD 6200)"|Evergreen|Southern Islands|End-of-life|PCIe 2.0 x16||650 MHz|"500 MHz
										
					1000 Mbps effective"|512 MB|GDDR3|64 bit|8.000 GB/s|80.0|8.0|4.0|2.0|8 KB (per CU)|128 KB|2.600 GPixel/s|5.200 GTexel/s|104.0 GFLOPS|19 W|1x DVI1x HDMI 1.3a|11.2 (11_0)|4.4|1.2||5.0|Single-slot|"168 mm
					6.6 inches"||200 W||C026, C027|||||||||||||||
Radeon HD 6290|/gpu-specs/radeon-hd-6290.c2069|Cedar|Cedar LE|TeraScale 2|TSMC|40 nm|292 million|4.9M / mm²|59 mm²|FCBGA-631|Dec 4th, 2011|"Northern Islands
(HD 6200)"|Evergreen|Southern Islands|End-of-life|PCIe 2.0 x16||650 MHz|"800 MHz
										
					1600 Mbps effective"|1024 MB|GDDR3|64 bit|12.80 GB/s|80.0|8.0|4.0|2.0|8 KB (per CU)|128 KB|2.600 GPixel/s|5.200 GTexel/s|104.0 GFLOPS|19 W|1x DVI1x HDMI 1.3a|11.2 (11_0)|4.4|1.2||5.0|Single-slot|"168 mm
					6.6 inches"||200 W|||||||||||||||||
Radeon HD 6290 IGP|/gpu-specs/radeon-hd-6290-igp.c831|Loveland||TeraScale 2|TSMC|40 nm|450 million|6.0M / mm²|75 mm²||Jan 7th, 2011|"TeraScale 2 IGP
(Wrestler Mobile)"|TeraScale IGP|TeraScale 3 IGP|End-of-life|IGP||276 MHz|System Shared|System Shared|System Shared|System Shared|System Dependent|80.0|8.0|4.0|2.0|||1.104 GPixel/s|2.208 GTexel/s|44.16 GFLOPS|9 W|Portable Device Dependent|11.2 (11_0)|4.4|1.2||5.0|IGP||||||||||||||||||||
Radeon HD 6320 IGP|/gpu-specs/radeon-hd-6320-igp.c675|Loveland||TeraScale 2|TSMC|40 nm|450 million|6.0M / mm²|75 mm²||Aug 15th, 2011|"TeraScale 2 IGP
(Wrestler Mobile)"|TeraScale IGP|TeraScale 3 IGP|End-of-life|IGP||508 MHz|System Shared|System Shared|System Shared|System Shared|System Dependent|80.0|8.0|4.0|2.0|||2.032 GPixel/s|4.064 GTexel/s|81.28 GFLOPS|18 W|Portable Device Dependent|11.2 (11_0)|4.4|1.2||5.0|IGP||||||||||||||||||||
Radeon HD 6350|/gpu-specs/radeon-hd-6350.c3992|Park|"Park LP S3
										
(216-0774008)"|TeraScale 2|TSMC|40 nm|292 million|4.9M / mm²|59 mm²|FCBGA-631/962|Feb 7th, 2011|"Northern Islands
(HD 6300)"|Evergreen|Southern Islands|End-of-life|PCIe 2.0 x16||650 MHz|"400 MHz
										
					800 Mbps effective"|512 MB|GDDR3|64 bit|6.400 GB/s|80.0|8.0|4.0|2.0|8 KB (per CU)|128 KB|2.600 GPixel/s|5.200 GTexel/s|104.0 GFLOPS|19 W|1x DVI1x HDMI 1.3a|11.2 (11_0)|4.4|1.2||5.0|Single-slot|"168 mm
					6.6 inches"||200 W||C026||23 USD|||||||||||||
Radeon HD 6350|/gpu-specs/radeon-hd-6350.c302|Cedar|"Cedar PRO
										
(215-0767003)"|TeraScale 2|TSMC|40 nm|292 million|4.9M / mm²|59 mm²|FCBGA-631|Feb 7th, 2011|"Northern Islands
(HD 6300)"|Evergreen|Southern Islands|End-of-life|PCIe 2.0 x16||650 MHz|"500 MHz
										
					1000 Mbps effective"|512 MB|GDDR3|64 bit|8.000 GB/s|80.0|8.0|4.0|2.0|8 KB (per CU)|128 KB|2.600 GPixel/s|5.200 GTexel/s|104.0 GFLOPS|19 W|1x DVI1x HDMI 1.3a|11.2 (11_0)|4.4|1.2||5.0|Single-slot|"168 mm
					6.6 inches"||200 W||B890, C027, C090, C093||23 USD|||||||||||||
Radeon HD 6350A|/gpu-specs/radeon-hd-6350a.c1874|Cedar||TeraScale 2|TSMC|40 nm|292 million|4.9M / mm²|59 mm²|FCBGA-631|Apr 7th, 2011|"All-In-One
(HD 6000)"|||End-of-life|MXM-A (3.0)||650 MHz|"800 MHz
										
					1600 Mbps effective"|512 MB|DDR3|64 bit|12.80 GB/s|80.0|8.0|4.0|2.0|8 KB (per CU)|128 KB|2.600 GPixel/s|5.200 GTexel/s|104.0 GFLOPS|25 W|Portable Device Dependent|11.2 (11_0)|4.4|1.2||5.0|MXM Module||||||||||||||||||||
Radeon HD 6370D IGP|/gpu-specs/radeon-hd-6370d-igp.c833|SuperSumo||TeraScale 2|TSMC|32 nm|1,178 million|5.2M / mm²|227 mm²|µPGA-722/905|Nov 1st, 2011|"TeraScale 2 IGP
(Sumo)"|TeraScale IGP|TeraScale 3 IGP|End-of-life|IGP||444 MHz|System Shared|System Shared|System Shared|System Shared|System Dependent|160.0|8.0|4.0|2.0|||1.776 GPixel/s|3.552 GTexel/s|142.1 GFLOPS|65 W|Motherboard Dependent|11.2 (11_0)|4.4|1.2||5.0|IGP||||||||||||||||||||
Radeon HD 6380G IGP|/gpu-specs/radeon-hd-6380g-igp.c826|SuperSumo||TeraScale 2|TSMC|32 nm|1,178 million|5.2M / mm²|227 mm²|µPGA-722/905|Jun 14th, 2011|"TeraScale 2 IGP
(Sumo Mobile)"|TeraScale IGP|TeraScale 3 IGP|End-of-life|IGP||400 MHz|System Shared|System Shared|System Shared|System Shared|System Dependent|160.0|8.0|4.0|2.0|||1.600 GPixel/s|3.200 GTexel/s|128.0 GFLOPS|35 W|Portable Device Dependent|11.2 (11_0)|4.4|1.2||5.0|IGP||||||||||||||||||||
Radeon HD 6390|/gpu-specs/radeon-hd-6390.c2068|Redwood|Redwood PRO2|TeraScale 2|TSMC|40 nm|627 million|6.0M / mm²|104 mm²|FCBGA-962|Jul 4th, 2011|"Northern Islands
(HD 6300)"|Evergreen|Southern Islands|End-of-life|PCIe 2.0 x16||550 MHz|"500 MHz
										
					1000 Mbps effective"|1024 MB|DDR2|128 bit|16.00 GB/s|320.0|16.0|8.0|4.0|8 KB (per CU)|256 KB|4.400 GPixel/s|8.800 GTexel/s|352.0 GFLOPS|39 W|1x DVI1x HDMI 1.3a1x VGA|11.2 (11_0)|4.4|1.2||5.0|Single-slot|"165 mm
					6.5 inches"||200 W||C264|||||||||||||||
Radeon HD 6410D IGP|/gpu-specs/radeon-hd-6410d-igp.c2410|SuperSumo||TeraScale 2|TSMC|32 nm|1,178 million|5.2M / mm²|227 mm²|µPGA-722/905|Jun 20th, 2011|"TeraScale 2 IGP
(Sumo)"|TeraScale IGP|TeraScale 3 IGP|End-of-life|IGP||444 MHz|System Shared|System Shared|System Shared|System Shared|System Dependent|160.0|8.0|4.0|2.0|||1.776 GPixel/s|3.552 GTexel/s|142.1 GFLOPS|65 W|Motherboard Dependent|11.2 (11_0)|4.4|1.2||5.0|IGP||||||||||||||||||||
Radeon HD 6430M|/gpu-specs/radeon-hd-6430m.c334|Seymour|"Seymour LP S3
										
(216-0809020)"|TeraScale 2|TSMC|40 nm|370 million|5.5M / mm²|67 mm²|FCBGA-631/962|Jan 4th, 2011|"Vancouver
(HD 6400M)"|Manhattan|London|End-of-life|PCIe 2.0 x16||480 MHz|"800 MHz
										
					1600 Mbps effective"|1024 MB|DDR3|64 bit|12.80 GB/s|160.0|8.0|4.0|2.0|8 KB (per CU)|128 KB|1.920 GPixel/s|3.840 GTexel/s|153.6 GFLOPS|unknown|Portable Device Dependent|11.2 (11_0)|4.4|1.2||5.0|||||||||||||||||||||
Radeon HD 6450|/gpu-specs/radeon-hd-6450.c402|Caicos|Caicos PRO|TeraScale 2|TSMC|40 nm|370 million|5.5M / mm²|67 mm²|FCBGA-631|Apr 7th, 2011|"Northern Islands
(HD 6400)"|Evergreen|Southern Islands|End-of-life|PCIe 2.0 x16|14 in our database|625 MHz|"500 MHz
										
					1000 Mbps effective"|512 MB|GDDR3|64 bit|8.000 GB/s|160.0|8.0|4.0|2.0|8 KB (per CU)|128 KB|2.500 GPixel/s|5.000 GTexel/s|200.0 GFLOPS|18 W|1x DVI1x HDMI 1.3a1x VGA|11.2 (11_0)|4.4|1.2||5.0|Single-slot|"168 mm
					6.6 inches"||200 W||109-C26037-00A||55 USD|||||||||||||
Radeon HD 6450 OEM|/gpu-specs/radeon-hd-6450-oem.c1416|Caicos|Junbonator|TeraScale 2|TSMC|40 nm|370 million|5.5M / mm²|67 mm²|FCBGA-631|Feb 7th, 2011|"Northern Islands
(HD 6400)"|Evergreen|Southern Islands|End-of-life|PCIe 2.0 x16|14 in our database|625 MHz|"533 MHz
										
					1066 Mbps effective"|512 MB|GDDR3|64 bit|8.528 GB/s|160.0|8.0|4.0|2.0|8 KB (per CU)|128 KB|2.500 GPixel/s|5.000 GTexel/s|200.0 GFLOPS|18 W|1x DVI1x HDMI 1.3a1x VGA|11.2 (11_0)|4.4|1.2||5.0|Single-slot|"168 mm
					6.6 inches"||200 W||C264|||||||||||||||
Radeon HD 6450A|/gpu-specs/radeon-hd-6450a.c1691|Caicos||TeraScale 2|TSMC|40 nm|370 million|5.5M / mm²|67 mm²|FCBGA-631|Apr 7th, 2011|"All-In-One
(HD 6000)"|||End-of-life|MXM-A (3.0)||625 MHz|"533 MHz
										
					1066 Mbps effective"|512 MB|DDR3|64 bit|8.528 GB/s|160.0|8.0|4.0|2.0|8 KB (per CU)|128 KB|2.500 GPixel/s|5.000 GTexel/s|200.0 GFLOPS|25 W|Portable Device Dependent|11.2 (11_0)|4.4|1.2||5.0|MXM Module||||||||||||||||||||
Radeon HD 6450M|/gpu-specs/radeon-hd-6450m.c333|Seymour|"Seymour PRO S3
										
(216-0809024)"|TeraScale 2|TSMC|40 nm|370 million|5.5M / mm²|67 mm²|FCBGA-631/962|Jan 4th, 2011|"Vancouver
(HD 6400M)"|Manhattan|London|End-of-life|PCIe 2.0 x16||600 MHz|"800 MHz
										
					1600 Mbps effective"|1024 MB|DDR3|64 bit|12.80 GB/s|160.0|8.0|4.0|2.0|8 KB (per CU)|128 KB|2.400 GPixel/s|4.800 GTexel/s|192.0 GFLOPS|unknown|Portable Device Dependent|11.2 (11_0)|4.4|1.2||5.0|||||||||||||||||||||
Radeon HD 6470M|/gpu-specs/radeon-hd-6470m.c332|Seymour|"Seymour XT M2
										
(216-0809000)"|TeraScale 2|TSMC|40 nm|370 million|5.5M / mm²|67 mm²|FCBGA-631/962|Jan 4th, 2011|"Vancouver
(HD 6400M)"|Manhattan|London|End-of-life|PCIe 2.0 x16||700 MHz|"800 MHz
										
					1600 Mbps effective"|512 MB|DDR3|64 bit|12.80 GB/s|160.0|8.0|4.0|2.0|8 KB (per CU)|128 KB|2.800 GPixel/s|5.600 GTexel/s|224.0 GFLOPS|25 W|Portable Device Dependent|11.2 (11_0)|4.4|1.2||5.0|||||||||||||||||||||
Radeon HD 6480G IGP|/gpu-specs/radeon-hd-6480g-igp.c2413|SuperSumo||TeraScale 2|TSMC|32 nm|1,178 million|5.2M / mm²|227 mm²|µPGA-722/905|Jun 14th, 2011|"TeraScale 2 IGP
(Sumo Mobile)"|TeraScale IGP|TeraScale 3 IGP|End-of-life|IGP||593 MHz|System Shared|System Shared|System Shared|System Shared|System Dependent|160.0|8.0|4.0|2.0|||2.372 GPixel/s|4.744 GTexel/s|189.8 GFLOPS|35 W|Portable Device Dependent|11.2 (11_0)|4.4|1.2||5.0|IGP||||||||||||||||||||
Radeon HD 6480G IGP|/gpu-specs/radeon-hd-6480g-igp.c827|Sumo||TeraScale 2|TSMC|32 nm|1,178 million|5.2M / mm²|227 mm²|µPGA-722/905|Jun 14th, 2011|"TeraScale 2 IGP
(Sumo Mobile)"|TeraScale IGP|TeraScale 3 IGP|End-of-life|IGP||444 MHz|System Shared|System Shared|System Shared|System Shared|System Dependent|240.0|12.0|4.0|3.0|||1.776 GPixel/s|5.328 GTexel/s|213.1 GFLOPS|35 W|Portable Device Dependent|11.2 (11_0)|4.4|1.2||5.0|IGP||||||||||||||||||||
Radeon HD 6490|/gpu-specs/radeon-hd-6490.c2475|Redwood|Redwood LE|TeraScale 2|TSMC|40 nm|627 million|6.0M / mm²|104 mm²|FCBGA-962|Jul 4th, 2011|"Northern Islands
(HD 6400)"|Evergreen|Southern Islands|End-of-life|PCIe 2.0 x16||550 MHz|"500 MHz
										
					1000 Mbps effective"|1024 MB|DDR2|128 bit|16.00 GB/s|320.0|16.0|8.0|4.0|8 KB (per CU)|256 KB|4.400 GPixel/s|8.800 GTexel/s|352.0 GFLOPS|39 W|1x DVI1x HDMI 1.3a1x VGA|11.2 (11_0)|4.4|1.2||5.0|Single-slot|"165 mm
					6.5 inches"||200 W|||||||||||||||||
Radeon HD 6490M|/gpu-specs/radeon-hd-6490m.c414|Seymour|"Seymour XTX S3
										
(216-0809024)"|TeraScale 2|TSMC|40 nm|370 million|5.5M / mm²|67 mm²|FCBGA-631/962|Jan 4th, 2011|"Vancouver
(HD 6400M)"|Manhattan|London|End-of-life|PCIe 2.0 x16||800 MHz|"800 MHz
										
					3.2 Gbps effective"|512 MB|GDDR5|64 bit|25.60 GB/s|160.0|8.0|4.0|2.0|8 KB (per CU)|128 KB|3.200 GPixel/s|6.400 GTexel/s|256.0 GFLOPS|unknown|Portable Device Dependent|11.2 (11_0)|4.4|1.2||5.0|||||||||||||||||||||
Radeon HD 6490M Mac Edition|/gpu-specs/radeon-hd-6490m-mac-edition.c2288|Seymour|"Seymour XTX M2
										
(216-0809000)"|TeraScale 2|TSMC|40 nm|370 million|5.5M / mm²|67 mm²|FCBGA-631/962|May 2nd, 2011|"Vancouver
(HD 6400M)"|Manhattan|London|End-of-life|PCIe 2.0 x16||750 MHz|"794 MHz
										
					3.2 Gbps effective"|256 MB|GDDR5|64 bit|25.41 GB/s|160.0|8.0|4.0|2.0|8 KB (per CU)|128 KB|3.000 GPixel/s|6.000 GTexel/s|240.0 GFLOPS|unknown|Portable Device Dependent|11.2 (11_0)|4.4|1.2||5.0|||||||||||||||||||||
Radeon HD 6510|/gpu-specs/radeon-hd-6510.c2395|Turks|Turks LE|TeraScale 2|TSMC|40 nm|716 million|6.1M / mm²|118 mm²|FCBGA-962|May 14th, 2011|"Northern Islands
(HD 6500)"|Evergreen|Southern Islands|End-of-life|PCIe 2.0 x16||650 MHz|"667 MHz
										
					1334 Mbps effective"|1024 MB|GDDR3|128 bit|21.34 GB/s|320.0|16.0|8.0|4.0|8 KB (per CU)|256 KB|5.200 GPixel/s|10.40 GTexel/s|416.0 GFLOPS|39 W|1x DVI1x HDMI 1.3a1x VGA|11.2 (11_0)|4.4|1.2||5.0|Single-slot|"165 mm
					6.5 inches"||200 W|||||||||||||||||
Radeon HD 6510|/gpu-specs/radeon-hd-6510.c2067|Redwood|"Redwood PRO
										
(215-0757004)"|TeraScale 2|TSMC|40 nm|627 million|6.0M / mm²|104 mm²|FCBGA-962|May 14th, 2011|"Northern Islands
(HD 6500)"|Evergreen|Southern Islands|End-of-life|PCIe 2.0 x16||650 MHz|"500 MHz
										
					1000 Mbps effective"|1024 MB|GDDR3|128 bit|16.00 GB/s|400.0|20.0|8.0|5.0|8 KB (per CU)|256 KB|5.200 GPixel/s|13.00 GTexel/s|520.0 GFLOPS|39 W|1x DVI1x HDMI 1.3a1x VGA|11.2 (11_0)|4.4|1.2||5.0|Single-slot|"165 mm
					6.5 inches"||200 W||C021|||||||||||||||
Radeon HD 6520G IGP|/gpu-specs/radeon-hd-6520g-igp.c829|Sumo||TeraScale 2|TSMC|32 nm|1,178 million|5.2M / mm²|227 mm²|µPGA-722/905|Dec 7th, 2011|"TeraScale 2 IGP
(Sumo Mobile)"|TeraScale IGP|TeraScale 3 IGP|End-of-life|IGP||400 MHz|System Shared|System Shared|System Shared|System Shared|System Dependent|320.0|16.0|8.0|4.0|||3.200 GPixel/s|6.400 GTexel/s|256.0 GFLOPS|35 W|Portable Device Dependent|11.2 (11_0)|4.4|1.2||5.0|IGP||||||||||||||||||||
Radeon HD 6530|/gpu-specs/radeon-hd-6530.c2361|Redwood|"Redwood PRO
										
(215-0757004)"|TeraScale 2|TSMC|40 nm|627 million|6.0M / mm²|104 mm²|FCBGA-962|May 14th, 2011|"Northern Islands
(HD 6500)"|Evergreen|Southern Islands|End-of-life|PCIe 2.0 x16||650 MHz|"600 MHz
										
					1200 Mbps effective"|1024 MB|GDDR3|128 bit|19.20 GB/s|400.0|20.0|8.0|5.0|8 KB (per CU)|256 KB|5.200 GPixel/s|13.00 GTexel/s|520.0 GFLOPS|39 W|1x DVI1x HDMI 1.3a1x VGA|11.2 (11_0)|4.4|1.2||5.0|Single-slot|"165 mm
					6.5 inches"||200 W|||||||||||||||||
Radeon HD 6530D IGP|/gpu-specs/radeon-hd-6530d-igp.c835|Sumo||TeraScale 2|TSMC|32 nm|1,178 million|5.2M / mm²|227 mm²|µPGA-722/905|Jun 20th, 2011|"TeraScale 2 IGP
(Sumo)"|TeraScale IGP|TeraScale 3 IGP|End-of-life|IGP||444 MHz|System Shared|System Shared|System Shared|System Shared|System Dependent|320.0|16.0|8.0|4.0|||3.552 GPixel/s|7.104 GTexel/s|284.2 GFLOPS|65 W|Motherboard Dependent|11.2 (11_0)|4.4|1.2||5.0|IGP||||||||||||||||||||
Radeon HD 6550A|/gpu-specs/radeon-hd-6550a.c1693|Pinewood|Pinewood PRO|TeraScale 2|TSMC|40 nm|627 million|6.0M / mm²|104 mm²|FCBGA-962|Feb 7th, 2011|"All-In-One
(HD 6000)"|||End-of-life|MXM-A (3.0)||550 MHz|"800 MHz
										
					1600 Mbps effective"|2 GB|GDDR3|128 bit|25.60 GB/s|480.0|24.0|8.0|6.0|8 KB (per CU)|256 KB|4.400 GPixel/s|13.20 GTexel/s|528.0 GFLOPS|35 W|Portable Device Dependent|11.2 (11_0)|4.4|1.2||5.0|MXM Module||||||||||||||||||||
Radeon HD 6550D IGP|/gpu-specs/radeon-hd-6550d-igp.c836|Sumo||TeraScale 2|TSMC|32 nm|1,178 million|5.2M / mm²|227 mm²|µPGA-722/905|Jun 20th, 2011|"TeraScale 2 IGP
(Sumo)"|TeraScale IGP|TeraScale 3 IGP|End-of-life|IGP||600 MHz|System Shared|System Shared|System Shared|System Shared|System Dependent|400.0|20.0|8.0|5.0|||4.800 GPixel/s|12.00 GTexel/s|480.0 GFLOPS|65 W|Motherboard Dependent|11.2 (11_0)|4.4|1.2||5.0|IGP||||||||||||||||||||
Radeon HD 6570|/gpu-specs/radeon-hd-6570.c3152|Thames|"Thames M2 XTX
										
(216-0833132)"|TeraScale 2|TSMC|40 nm|716 million|6.1M / mm²|118 mm²|FCBGA-631/962|Feb 7th, 2011|"Northern Islands
(HD 6500)"|Evergreen|Southern Islands|End-of-life|PCIe 2.0 x16|7 in our database|650 MHz|"500 MHz
										
					1000 Mbps effective"|1024 MB|GDDR3|128 bit|16.00 GB/s|480.0|24.0|8.0|6.0|8 KB (per CU)|256 KB|5.200 GPixel/s|15.60 GTexel/s|624.0 GFLOPS|44 W|1x DVI1x HDMI 1.3a1x VGA|11.2 (11_0)|4.4|1.2||5.0|Single-slot|"168 mm
					6.6 inches"||200 W||C239|||||||||||||||
Radeon HD 6570|/gpu-specs/radeon-hd-6570.c277|Turks|"Turks PRO
										
(215-0803002)"|TeraScale 2|TSMC|40 nm|716 million|6.1M / mm²|118 mm²|FCBGA-962|Apr 19th, 2011|"Northern Islands
(HD 6500)"|Evergreen|Southern Islands|End-of-life|PCIe 2.0 x16|7 in our database|650 MHz|"1000 MHz
										
					4 Gbps effective"|2 GB|GDDR5|128 bit|64.00 GB/s|480.0|24.0|8.0|6.0|8 KB (per CU)|256 KB|5.200 GPixel/s|15.60 GTexel/s|624.0 GFLOPS|60 W|1x DVI1x HDMI 1.3a1x VGA|11.2 (11_0)|4.4|1.2||5.0|Single-slot|"168 mm
					6.6 inches"||250 W||C331||79 USD|||||||||||||
Radeon HD 6570 OEM|/gpu-specs/radeon-hd-6570-oem.c408|Turks|Turks PRO-G|TeraScale 2|TSMC|40 nm|716 million|6.1M / mm²|118 mm²|FCBGA-962|Feb 7th, 2011|"Northern Islands
(HD 6500)"|Evergreen|Southern Islands|End-of-life|PCIe 2.0 x16|7 in our database|650 MHz|"900 MHz
										
					1800 Mbps effective"|1024 MB|GDDR3|128 bit|28.80 GB/s|480.0|24.0|8.0|6.0|8 KB (per CU)|256 KB|5.200 GPixel/s|15.60 GTexel/s|624.0 GFLOPS|44 W|1x DVI1x HDMI 1.3a1x VGA|11.2 (11_0)|4.4|1.2||5.0|Single-slot|"168 mm
					6.6 inches"||200 W||C239|||||||||||||||
Radeon HD 6570M|/gpu-specs/radeon-hd-6570m.c2289|Whistler||TeraScale 2|TSMC|40 nm|716 million|6.1M / mm²|118 mm²|FCBGA-962/1336|Apr 25th, 2011|"Vancouver
(HD 6500M)"|Manhattan|London|End-of-life|MXM-A (3.0)||600 MHz|"800 MHz
										
					1600 Mbps effective"|1024 MB|GDDR3|128 bit|25.60 GB/s|480.0|24.0|8.0|6.0|8 KB (per CU)|256 KB|4.800 GPixel/s|14.40 GTexel/s|576.0 GFLOPS|30 W|Portable Device Dependent|11.2 (11_0)|4.4|1.2||5.0|MXM Module||||||||||||||||||||
Radeon HD 6610M|/gpu-specs/radeon-hd-6610m.c1734|Whistler|"Whistler LP
										
(216-0810005)"|TeraScale 2|TSMC|40 nm|716 million|6.1M / mm²|118 mm²|FCBGA-962/1336|Jan 4th, 2011|"Vancouver
(HD 6600M)"|Manhattan|London|End-of-life|PCIe 2.0 x16||450 MHz|"800 MHz
										
					1600 Mbps effective"|1024 MB|DDR3|128 bit|25.60 GB/s|400.0|20.0|8.0|5.0|8 KB (per CU)|256 KB|3.600 GPixel/s|9.000 GTexel/s|360.0 GFLOPS|26 W|Portable Device Dependent|11.2 (11_0)|4.4|1.2||5.0|||||||||||||||||||||
Radeon HD 6620G IGP|/gpu-specs/radeon-hd-6620g-igp.c830|Sumo||TeraScale 2|TSMC|32 nm|1,178 million|5.2M / mm²|227 mm²|µPGA-722/905|Dec 7th, 2011|"TeraScale 2 IGP
(Sumo Mobile)"|TeraScale IGP|TeraScale 3 IGP|End-of-life|IGP||444 MHz|System Shared|System Shared|System Shared|System Shared|System Dependent|400.0|20.0|8.0|5.0|||3.552 GPixel/s|8.880 GTexel/s|355.2 GFLOPS|35 W|Portable Device Dependent|11.2 (11_0)|4.4|1.2||5.0|IGP||||||||||||||||||||
Radeon HD 6625M|/gpu-specs/radeon-hd-6625m.c2207|Whistler|"Whistler LP
										
(216-0810005)"|TeraScale 2|TSMC|40 nm|716 million|6.1M / mm²|118 mm²|FCBGA-962/1336|Jan 4th, 2011|"Vancouver
(HD 6600M)"|Manhattan|London|End-of-life|PCIe 2.0 x16||450 MHz|"800 MHz
										
					1600 Mbps effective"|1024 MB|DDR3|128 bit|25.60 GB/s|480.0|20.0|8.0|5.0|8 KB (per CU)|256 KB|3.600 GPixel/s|9.000 GTexel/s|432.0 GFLOPS|26 W|Portable Device Dependent|11.2 (11_0)|4.4|1.2||5.0|||||||||||||||||||||
Radeon HD 6630M|/gpu-specs/radeon-hd-6630m.c327|Whistler|"Whistler LP
										
(216-0810005)"|TeraScale 2|TSMC|40 nm|716 million|6.1M / mm²|118 mm²|FCBGA-962/1336|Jan 4th, 2011|"Vancouver
(HD 6600M)"|Manhattan|London|End-of-life|PCIe 2.0 x16||500 MHz|"800 MHz
										
					1600 Mbps effective"|1024 MB|DDR3|128 bit|25.60 GB/s|480.0|24.0|8.0|6.0|8 KB (per CU)|256 KB|4.000 GPixel/s|12.00 GTexel/s|480.0 GFLOPS|26 W|Portable Device Dependent|11.2 (11_0)|4.4|1.2||5.0|||||||||||||||||||||
Radeon HD 6630M Mac Edition|/gpu-specs/radeon-hd-6630m-mac-edition.c2294|Whistler|"Whistler LP
										
(216-0810005)"|TeraScale 2|TSMC|40 nm|716 million|6.1M / mm²|118 mm²|FCBGA-962/1336|Jan 4th, 2011|"Vancouver
(HD 6600M)"|Manhattan|London|End-of-life|PCIe 2.0 x16||500 MHz|"600 MHz
										
					2.4 Gbps effective"|256 MB|GDDR5|64 bit|19.20 GB/s|480.0|24.0|8.0|6.0|||4.000 GPixel/s|12.00 GTexel/s|480.0 GFLOPS|26 W|Portable Device Dependent|11.2 (11_0)|4.4|1.2||5.0|||||||||||||||||||||
Radeon HD 6650A|/gpu-specs/radeon-hd-6650a.c1726|Onega||TeraScale 2|TSMC|40 nm|716 million|6.1M / mm²|118 mm²|FCBGA-962|Apr 19th, 2011|"All-In-One
(HD 6000)"|||End-of-life|MXM-A (3.0)||600 MHz|"900 MHz
										
					1800 Mbps effective"|1024 MB|DDR3|128 bit|28.80 GB/s|480.0|24.0|8.0|6.0|8 KB (per CU)|256 KB|4.800 GPixel/s|14.40 GTexel/s|576.0 GFLOPS|45 W|Portable Device Dependent|11.2 (11_0)|4.4|1.2||5.0|MXM Module||||||||||||||||||||
Radeon HD 6650M|/gpu-specs/radeon-hd-6650m.c326|Whistler|"Whistler LE
										
(216-0810028)"|TeraScale 2|TSMC|40 nm|716 million|6.1M / mm²|118 mm²|FCBGA-962/1336|Jan 4th, 2011|"Vancouver
(HD 6600M)"|Manhattan|London|End-of-life|PCIe 2.0 x16||600 MHz|"800 MHz
										
					1600 Mbps effective"|1024 MB|DDR3|128 bit|25.60 GB/s|480.0|24.0|8.0|6.0|8 KB (per CU)|256 KB|4.800 GPixel/s|14.40 GTexel/s|576.0 GFLOPS|unknown|Portable Device Dependent|11.2 (11_0)|4.4|1.2||5.0|||||||||||||||||||||
Radeon HD 6670|/gpu-specs/radeon-hd-6670.c406|Turks|"Turks XT
										
(215-0803000)"|TeraScale 2|TSMC|40 nm|716 million|6.1M / mm²|118 mm²|FCBGA-962|Apr 19th, 2011|"Northern Islands
(HD 6600)"|Evergreen|Southern Islands|End-of-life|PCIe 2.0 x16|35 in our database|800 MHz|"1000 MHz
										
					4 Gbps effective"|1024 MB|GDDR5|128 bit|64.00 GB/s|480.0|24.0|8.0|6.0|8 KB (per CU)|256 KB|6.400 GPixel/s|19.20 GTexel/s|768.0 GFLOPS|66 W|1x DVI1x HDMI 1.3a1x VGA|11.2 (11_0)|4.4|1.2||5.0|Single-slot|"168 mm
					6.6 inches"||250 W||109-C33437-00||99 USD|||||||||||||
Radeon HD 6670A|/gpu-specs/radeon-hd-6670a.c1690|Turks|"Turks XT
										
(215-0803000)"|TeraScale 2|TSMC|40 nm|716 million|6.1M / mm²|118 mm²|FCBGA-962|Apr 19th, 2011|"All-In-One
(HD 6000)"|||End-of-life|MXM-A (3.0)||600 MHz|"1000 MHz
										
					4 Gbps effective"|1024 MB|GDDR5|128 bit|64.00 GB/s|480.0|24.0|8.0|6.0|8 KB (per CU)|256 KB|4.800 GPixel/s|14.40 GTexel/s|576.0 GFLOPS|45 W|Portable Device Dependent|11.2 (11_0)|4.4|1.2||5.0|MXM Module||||||||||||||||||||
Radeon HD 6730M|/gpu-specs/radeon-hd-6730m.c325|Whistler|"Whistler LE
										
(216-0810028)"|TeraScale 2|TSMC|40 nm|716 million|6.1M / mm²|118 mm²|FCBGA-962/1336|Jan 4th, 2011|"Vancouver
(HD 6700M)"|Manhattan|London|End-of-life|MXM-A (3.0)||725 MHz|"800 MHz
										
					1600 Mbps effective"|1024 MB|GDDR3|128 bit|25.60 GB/s|480.0|24.0|8.0|6.0|8 KB (per CU)|256 KB|5.800 GPixel/s|17.40 GTexel/s|696.0 GFLOPS|35 W|Portable Device Dependent|11.2 (11_0)|4.4|1.2||5.0|MXM Module||||||||||||||||||||
Radeon HD 6750|/gpu-specs/radeon-hd-6750.c279|Juniper|"Juniper LE
										
(215-0754009)"|TeraScale 2|TSMC|40 nm|1,040 million|6.3M / mm²|166 mm²|FCBGA-962|Jan 21st, 2011|"Northern Islands
(HD 6700)"|Evergreen|Southern Islands|End-of-life|PCIe 2.0 x16|4 in our database|700 MHz|"1150 MHz
										
					4.6 Gbps effective"|1024 MB|GDDR5|128 bit|73.60 GB/s|720.0|36.0|16.0|9.0|8 KB (per CU)|256 KB|11.20 GPixel/s|25.20 GTexel/s|1,008.0 GFLOPS|86 W|2x DVI1x HDMI 1.3a2x mini-DisplayPort 1.1|11.2 (11_0)|4.4|1.2||5.0|Dual-slot|"170 mm
					6.7 inches"||250 W|1x 6-pin|C012|||||||||||||||
Radeon HD 6750M|/gpu-specs/radeon-hd-6750m.c324|Whistler|"Whistler PRO
										
(216-0810005)"|TeraScale 2|TSMC|40 nm|716 million|6.1M / mm²|118 mm²|FCBGA-962/1336|Jan 4th, 2011|"Vancouver
(HD 6700M)"|Manhattan|London|End-of-life|MXM-A (3.0)||600 MHz|"800 MHz
										
					1600 Mbps effective"|1024 MB|GDDR3|128 bit|25.60 GB/s|480.0|24.0|8.0|6.0|8 KB (per CU)|256 KB|4.800 GPixel/s|14.40 GTexel/s|576.0 GFLOPS|35 W|Portable Device Dependent|11.2 (11_0)|4.4|1.2||5.0|MXM Module||||||||||||||||||||
Radeon HD 6750M Mac Edition|/gpu-specs/radeon-hd-6750m-mac-edition.c2248|Whistler|"Whistler PRO
										
(216-0810005)"|TeraScale 2|TSMC|40 nm|716 million|6.1M / mm²|118 mm²|FCBGA-962/1336|Apr 18th, 2011|"Vancouver
(HD 6700M)"|Manhattan|London|End-of-life|MXM-A (3.0)||598 MHz|"794 MHz
										
					3.2 Gbps effective"|512 MB|GDDR5|128 bit|50.82 GB/s|480.0|24.0|8.0|6.0|8 KB (per CU)|256 KB|4.784 GPixel/s|14.35 GTexel/s|574.1 GFLOPS|35 W|Portable Device Dependent|11.2 (11_0)|4.4|1.2||5.0|MXM Module||||||||||||||||||||
Radeon HD 6770|/gpu-specs/radeon-hd-6770.c280|Juniper|"Juniper XT
										
(215-0754013)"|TeraScale 2|TSMC|40 nm|1,040 million|6.3M / mm²|166 mm²|FCBGA-962|Jan 21st, 2011|"Northern Islands
(HD 6700)"|Evergreen|Southern Islands|End-of-life|PCIe 2.0 x16|35 in our database|850 MHz|"1200 MHz
										
					4.8 Gbps effective"|1024 MB|GDDR5|128 bit|76.80 GB/s|800.0|40.0|16.0|10.0|8 KB (per CU)|256 KB|13.60 GPixel/s|34.00 GTexel/s|1,360.0 GFLOPS|108 W|2x DVI1x HDMI 1.3a2x mini-DisplayPort 1.1|11.2 (11_0)|4.4|1.2||5.0|Dual-slot|"198 mm
					7.8 inches"||300 W|1x 6-pin|C010||129 USD|||||||||||||
Radeon HD 6770M|/gpu-specs/radeon-hd-6770m.c323|Whistler|"Whistler XT
										
(216-0810001)"|TeraScale 2|TSMC|40 nm|716 million|6.1M / mm²|118 mm²|FCBGA-962/1336|Jan 4th, 2011|"Vancouver
(HD 6700M)"|Manhattan|London|End-of-life|MXM-A (3.0)||725 MHz|"900 MHz
										
					3.6 Gbps effective"|1024 MB|GDDR5|128 bit|57.60 GB/s|480.0|24.0|8.0|6.0|8 KB (per CU)|256 KB|5.800 GPixel/s|17.40 GTexel/s|696.0 GFLOPS|35 W|Portable Device Dependent|11.2 (11_0)|4.4|1.2||5.0|MXM Module||||||||||||||||||||
Radeon HD 6770M Mac Edition|/gpu-specs/radeon-hd-6770m-mac-edition.c2254|Whistler|"Whistler XT Mac
										
(216-0810084)"|TeraScale 2|TSMC|40 nm|716 million|6.1M / mm²|118 mm²|FCBGA-962/1336|Jan 28th, 2011|"Vancouver
(HD 6700M)"|Manhattan|London|End-of-life|MXM-A (3.0)||675 MHz|"794 MHz
										
					3.2 Gbps effective"|1024 MB|GDDR5|128 bit|50.82 GB/s|480.0|24.0|8.0|6.0|8 KB (per CU)|256 KB|5.400 GPixel/s|16.20 GTexel/s|648.0 GFLOPS|35 W|Portable Device Dependent|11.2 (11_0)|4.4|1.2||5.0|MXM Module||||||||||||||||||||
Radeon HD 6790|/gpu-specs/radeon-hd-6790.c283|Barts|"Barts LE
										
(215-0798002)"|TeraScale 2|TSMC|40 nm|1,700 million|6.7M / mm²|255 mm²|HFCBGA-1737|Apr 4th, 2011|"Northern Islands
(HD 6700)"|Evergreen|Southern Islands|End-of-life|PCIe 2.0 x16|37 in our database|840 MHz|"1050 MHz
										
					4.2 Gbps effective"|1024 MB|GDDR5|256 bit|134.4 GB/s|800.0|40.0|16.0|10.0|8 KB (per CU)|512 KB|13.44 GPixel/s|33.60 GTexel/s|1,344.0 GFLOPS|150 W|2x DVI1x HDMI 1.3a1x DisplayPort 1.1|11.2 (11_0)|4.4|1.2||5.0|Dual-slot|"198 mm
					7.8 inches"||450 W|2x 6-pin|C220, 109-C22237-00||149 USD|||||||||||||
Radeon HD 6830M|/gpu-specs/radeon-hd-6830m.c322|Granville|"Granville LP
										
(215-0769024)"|TeraScale 2|TSMC|40 nm|1,040 million|6.3M / mm²|166 mm²|FCBGA-962|Jan 4th, 2011|"Vancouver
(HD 6800M)"|Manhattan|London|End-of-life|PCIe 2.0 x16||575 MHz|"800 MHz
										
					1600 Mbps effective"|1024 MB|DDR3|128 bit|25.60 GB/s|800.0|40.0|16.0|10.0|8 KB (per CU)|256 KB|9.200 GPixel/s|23.00 GTexel/s|920.0 GFLOPS|39 W|Portable Device Dependent|11.2 (11_0)|4.4|1.2||5.0|||||||||||||||||||||
Radeon HD 6850 X2|/gpu-specs/radeon-hd-6850-x2.c1698|Barts|"Barts PRO
										
(215-0798006)"|TeraScale 2|TSMC|40 nm|1,700 million|6.7M / mm²|255 mm²|HFCBGA-1737|Sep 19th, 2011|"Northern Islands
(HD 6800)"|Evergreen|Southern Islands|End-of-life|PCIe 2.0 x16|105 in our database|800 MHz|"1050 MHz
										
					4.2 Gbps effective"|2 GB|GDDR5|256 bit|134.4 GB/s|960.0|48.0|32.0|12.0|8 KB (per CU)|512 KB|25.60 GPixel/s|38.40 GTexel/s|1.536 TFLOPS|254 W|2x DVI1x HDMI 1.3a1x DisplayPort 1.1|11.2 (11_0)|4.4|1.2||5.0|Dual-slot|||600 W|2x 8-pin||||||||||||||||
Radeon HD 6850M|/gpu-specs/radeon-hd-6850m.c1193|Granville|"Granville PRO
										
(215-0769024)"|TeraScale 2|TSMC|40 nm|1,040 million|6.3M / mm²|166 mm²|FCBGA-962|Jan 4th, 2011|"Vancouver
(HD 6800M)"|Manhattan|London|End-of-life|PCIe 2.0 x16||675 MHz|"800 MHz
										
					1600 Mbps effective"|1024 MB|GDDR3|128 bit|25.60 GB/s|800.0|40.0|16.0|10.0|8 KB (per CU)|256 KB|10.80 GPixel/s|27.00 GTexel/s|1,080.0 GFLOPS|50 W|Portable Device Dependent|11.2 (11_0)|4.4|1.2||5.0|||||||||||||||||||||
Radeon HD 6870 X2|/gpu-specs/radeon-hd-6870-x2.c1174|Barts|"Barts XT
										
(215-0798000)"|TeraScale 2|TSMC|40 nm|1,700 million|6.7M / mm²|255 mm²|HFCBGA-1737|Jul 8th, 2011|"Northern Islands
(HD 6800)"|Evergreen|Southern Islands|End-of-life|PCIe 2.0 x16|170 in our database|900 MHz|"1050 MHz
										
					4.2 Gbps effective"|1024 MB|GDDR5|256 bit|134.4 GB/s|1120.0|56.0|32.0|14.0|8 KB (per CU)|512 KB|28.80 GPixel/s|50.40 GTexel/s|2.016 TFLOPS|300 W|2x DVI1x HDMI 1.3a2x mini-DisplayPort 1.1|11.2 (11_0)|4.4|1.2||5.0|Dual-slot|"304 mm
					12 inches"||700 W|2x 8-pin|||520 USD|||||||||||||
Radeon HD 6870M|/gpu-specs/radeon-hd-6870m.c320|Granville|"Granville XT
										
(216-0769024)"|TeraScale 2|TSMC|40 nm|1,040 million|6.3M / mm²|166 mm²|FCBGA-962|Jan 4th, 2011|"Vancouver
(HD 6800M)"|Manhattan|London|End-of-life|MXM-B (3.0)||675 MHz|"1000 MHz
										
					4 Gbps effective"|1024 MB|GDDR5|128 bit|64.00 GB/s|800.0|40.0|16.0|10.0|8 KB (per CU)|256 KB|10.80 GPixel/s|27.00 GTexel/s|1,080.0 GFLOPS|50 W|Portable Device Dependent|11.2 (11_0)|4.4|1.2||5.0|MXM Module||||||||||||||||||||
Radeon HD 6930|/gpu-specs/radeon-hd-6930.c306|Cayman|"Cayman CE
										
(215-0807105)"|TeraScale 3|TSMC|40 nm|2,640 million|6.8M / mm²|389 mm²||Dec 1st, 2011|"Northern Islands
(HD 6900)"|Evergreen|Southern Islands|End-of-life|PCIe 2.0 x16|1 in our database|750 MHz|"1200 MHz
										
					4.8 Gbps effective"|1024 MB|GDDR5|256 bit|153.6 GB/s|1280.0|80.0|32.0|20.0|8 KB (per CU)|512 KB|24.00 GPixel/s|60.00 GTexel/s|1.920 TFLOPS|186 W|2x DVI1x HDMI 1.4a2x mini-DisplayPort 1.2|11.2 (11_0)|4.4|1.2||5.0|Dual-slot|"220 mm
					8.7 inches"||450 W|2x 6-pin|C205|480.0 GFLOPS (1:4)|180 USD|||||||||||||
Radeon HD 6950M|/gpu-specs/radeon-hd-6950m.c319|Blackcomb|"Blackcomb PRO
										
(216-0811004)"|TeraScale 2|TSMC|40 nm|1,700 million|8.0M / mm²|212 mm²|HFCBGA-1737|Jan 4th, 2011|"Vancouver
(HD 6900M)"|Manhattan|London|End-of-life|MXM-B (3.0)||580 MHz|"900 MHz
										
					3.6 Gbps effective"|1024 MB|GDDR5|256 bit|115.2 GB/s|960.0|48.0|32.0|12.0|8 KB (per CU)|512 KB|18.56 GPixel/s|27.84 GTexel/s|1,113.6 GFLOPS|50 W|Portable Device Dependent|11.2 (11_0)|4.4|1.2||5.0|MXM Module||||||||||||||||||||
Radeon HD 6970 X2|/gpu-specs/radeon-hd-6970-x2.c3037|Antilles|"Antilles XT
										
(215-0807027)"|TeraScale 3|TSMC|40 nm|2,640 million|6.8M / mm²|389 mm²||Never Released|"Northern Islands
(HD 6900)"|Evergreen|Southern Islands|End-of-life|PCIe 2.0 x16||880 MHz|"1375 MHz
										
					5.5 Gbps effective"|2 GB|GDDR5|256 bit|176.0 GB/s|1536.0|96.0|32.0|24.0|8 KB (per CU)|512 KB|28.16 GPixel/s|84.48 GTexel/s|2.703 TFLOPS|375 W|2x DVI1x HDMI 1.4a2x mini-DisplayPort 1.2|11.2 (11_0)|4.4|1.2||5.0|Dual-slot|||750 W|3x 8-pin||||||||||||||||
Radeon HD 6970M|/gpu-specs/radeon-hd-6970m.c318|Blackcomb|"Blackcomb XT
										
(216-0811000)"|TeraScale 2|TSMC|40 nm|1,700 million|8.0M / mm²|212 mm²|HFCBGA-1737|Jan 4th, 2011|"Vancouver
(HD 6900M)"|Manhattan|London|End-of-life|MXM-B (3.0)||680 MHz|"900 MHz
										
					3.6 Gbps effective"|1024 MB|GDDR5|256 bit|115.2 GB/s|960.0|48.0|32.0|12.0|8 KB (per CU)|512 KB|21.76 GPixel/s|32.64 GTexel/s|1,305.6 GFLOPS|75 W|Portable Device Dependent|11.2 (11_0)|4.4|1.2||5.0|MXM Module|||||C296|||||||||||||||
Radeon HD 6970M Mac Edition|/gpu-specs/radeon-hd-6970m-mac-edition.c2250|Blackcomb|"Blackcomb XT
										
(216-0811000)"|TeraScale 2|TSMC|40 nm|1,700 million|8.0M / mm²|212 mm²|HFCBGA-1737|Aug 25th, 2011|"Vancouver
(HD 6900M)"|Manhattan|London|End-of-life|MXM-B (3.0)||680 MHz|"900 MHz
										
					3.6 Gbps effective"|2 GB|GDDR5|256 bit|115.2 GB/s|960.0|48.0|32.0|12.0|8 KB (per CU)|512 KB|21.76 GPixel/s|32.64 GTexel/s|1,305.6 GFLOPS|75 W|Portable Device Dependent|11.2 (11_0)|4.4|1.2||5.0|MXM Module|||||C296|||||||||||||||
Radeon HD 6970M Rebrand|/gpu-specs/radeon-hd-6970m-rebrand.c2447|Broadway|"Broadway PRO
										
(216-0769023)"|TeraScale 2|TSMC|40 nm|1,040 million|6.3M / mm²|166 mm²|FCBGA-962|Jan 4th, 2011|"Vancouver
(HD 6900M)"|Manhattan|London|End-of-life|MXM-B (3.0)||800 MHz|"1000 MHz
										
					4 Gbps effective"|1024 MB|GDDR5|128 bit|64.00 GB/s|800.0|40.0|16.0|10.0|8 KB (per CU)|256 KB|12.80 GPixel/s|32.00 GTexel/s|1,280.0 GFLOPS|75 W|Portable Device Dependent|11.2 (11_0)|4.4|1.2||5.0|MXM Module||||||||||||||||||||
Radeon HD 6970M X2|/gpu-specs/radeon-hd-6970m-x2.c4126|Blackcomb|"Blackcomb XT
										
(216-0811000)"|TeraScale 2|TSMC|40 nm|1,700 million|8.0M / mm²|212 mm²|HFCBGA-1737|Jan 4th, 2011|"Vancouver
(HD 6900M)"|Manhattan|London|End-of-life|MXM-B (3.0)||680 MHz|"900 MHz
										
					3.6 Gbps effective"|2 GB|GDDR5|256 bit|115.2 GB/s|960.0|48.0|32.0|12.0|8 KB (per CU)|512 KB|21.76 GPixel/s|32.64 GTexel/s|1,305.6 GFLOPS|150 W|Portable Device Dependent|11.2 (11_0)|4.4|1.2||5.0|MXM Module|||||C296|||||||||||||||
Radeon HD 6990|/gpu-specs/radeon-hd-6990.c275|Antilles|"Antilles XT
										
(215-0807027)"|TeraScale 3|TSMC|40 nm|2,640 million|6.8M / mm²|389 mm²||Mar 8th, 2011|"Northern Islands
(HD 6900)"|Evergreen|Southern Islands|End-of-life|PCIe 2.0 x16|47 in our database|830 MHz|"1250 MHz
										
					5 Gbps effective"|2 GB|GDDR5|256 bit|160.0 GB/s|1536.0|96.0|32.0|24.0|8 KB (per CU)|512 KB|26.56 GPixel/s|79.68 GTexel/s|2.550 TFLOPS|375 W|1x DVI4x mini-DisplayPort 1.2|11.2 (11_0)|4.4|1.2||5.0|Dual-slot|"310 mm
					12.2 inches"|"115 mm
					4.5 inches"|750 W|2x 8-pin|109-C20647-00|637.4 GFLOPS (1:4)|699 USD|"40 mm
					1.6 inches"||||||||||||
Radeon HD 6990M|/gpu-specs/radeon-hd-6990m.c317|Blackcomb|"Blackcomb XTX
										
(216-0811030)"|TeraScale 2|TSMC|40 nm|1,700 million|8.0M / mm²|212 mm²|HFCBGA-1737|Jul 12th, 2011|"Vancouver
(HD 6900M)"|Manhattan|London|End-of-life|MXM-B (3.0)||715 MHz|"900 MHz
										
					3.6 Gbps effective"|2 GB|GDDR5|256 bit|115.2 GB/s|1120.0|56.0|32.0|14.0|8 KB (per CU)|512 KB|22.88 GPixel/s|40.04 GTexel/s|1.602 TFLOPS|100 W|Portable Device Dependent|11.2 (11_0)|4.4|1.2||5.0|MXM Module|||||C296|||||||||||||||
Radeon HD 6990M Rebrand|/gpu-specs/radeon-hd-6990m-rebrand.c2267|Broadway|"Broadway XT
										
(216-0769008)"|TeraScale 2|TSMC|40 nm|1,040 million|6.3M / mm²|166 mm²|FCBGA-962|Jul 12th, 2011|"Vancouver
(HD 6900M)"|Manhattan|London|End-of-life|MXM-B (3.0)||700 MHz|"1000 MHz
										
					4 Gbps effective"|1024 MB|GDDR5|128 bit|64.00 GB/s|800.0|40.0|16.0|14.0|8 KB (per CU)|256 KB|11.20 GPixel/s|28.00 GTexel/s|1,120.0 GFLOPS|100 W|Portable Device Dependent|11.2 (11_0)|4.4|1.2||5.0|MXM Module||||||||||||||||||||
Radeon HD 7410M|/gpu-specs/radeon-hd-7410m.c4073|Seymour|"Seymour LP S3
										
(216-0809020)"|TeraScale 2|TSMC|40 nm|370 million|5.5M / mm²|67 mm²|FCBGA-631/962|Jan 4th, 2011|"London
(HD 7400M)"|Vancouver|Solar System|End-of-life|PCIe 2.0 x16||480 MHz|"800 MHz
										
					1600 Mbps effective"|1024 MB|DDR3|64 bit|12.80 GB/s|160.0|8.0|4.0|2.0|8 KB (per CU)|128 KB|1.920 GPixel/s|3.840 GTexel/s|153.6 GFLOPS|unknown|Portable Device Dependent|11.2 (11_0)|4.4|1.2||5.0|||||||||||||||||||||
Radeon HD 7690M|/gpu-specs/radeon-hd-7690m.c2295|Thames|"Thames M2 XTX
										
(216-0833132)"|TeraScale 2|TSMC|40 nm|716 million|6.1M / mm²|118 mm²|FCBGA-631/962|Dec 25th, 2011|"London
(HD 7600M)"|Vancouver|Solar System|End-of-life|MXM-A (3.0)||725 MHz|"900 MHz
										
					1800 Mbps effective"|1024 MB|DDR3|128 bit|28.80 GB/s|480.0|24.0|16.0|6.0|8 KB (per CU)|256 KB|11.60 GPixel/s|17.40 GTexel/s|696.0 GFLOPS|20 W|Portable Device Dependent|11.2 (11_0)|4.4|1.2||5.0|MXM Module|||||C017|||||||||||||||
FirePro A300|/gpu-specs/firepro-a300.c1889|Devastator|A300|TeraScale 3|GlobalFoundries|32 nm|1,303 million|5.3M / mm²|246 mm²|µPGA-722/904|Jun 6th, 2012|"TeraScale 3 IGP
(Trinity Mobile)"|TeraScale 2 IGP|GCN 2.0 IGP|End-of-life|PCIe 2.0 x16|||System Shared|System Shared|System Shared|System Shared|System Dependent|384.0|24.0|8.0|6.0|||7.240 GPixel/s|21.72 GTexel/s|695.0 GFLOPS|65 W|Motherboard Dependent|11.2 (11_0)|4.4|1.2||5.0|IGP|||||||||760 MHz|905 MHz||||||||||
FirePro A320|/gpu-specs/firepro-a320.c1890|Devastator|A320|TeraScale 3|GlobalFoundries|32 nm|1,303 million|5.3M / mm²|246 mm²|µPGA-722/904|Jun 6th, 2012|"TeraScale 3 IGP
(Trinity Mobile)"|TeraScale 2 IGP|GCN 2.0 IGP|End-of-life|PCIe 2.0 x16|||System Shared|System Shared|System Shared|System Shared|System Dependent|384.0|24.0|8.0|6.0|||7.640 GPixel/s|22.92 GTexel/s|733.4 GFLOPS|100 W|Motherboard Dependent|11.2 (11_0)|4.4|1.2||5.0|IGP|||||||||800 MHz|955 MHz||||||||||
FirePro M2000|/gpu-specs/firepro-m2000.c1676|Turks|Turks GL|TeraScale 2|TSMC|40 nm|716 million|6.1M / mm²|118 mm²|FCBGA-962|Jul 1st, 2012|"FirePro Mobile
(Mx000)"|FirePro Mobility|Radeon Pro Mobile|End-of-life|PCIe 2.0 x16|2 in our database|500 MHz|"800 MHz
										
					3.2 Gbps effective"|1024 MB|GDDR5|64 bit|25.60 GB/s|480.0|24.0|8.0|6.0|||4.000 GPixel/s|12.00 GTexel/s|480.0 GFLOPS|33 W|Portable Device Dependent|11.2 (11_0)|4.4|1.2||5.0|||||||||||||||||||||
FirePro M4000|/gpu-specs/firepro-m4000.c1677|Chelsea|"Chelsea XT GL
										
(216-0834044)"|GCN 1.0|TSMC|28 nm|1,500 million|12.2M / mm²|123 mm²|FCBGA-962|Jun 27th, 2012|"FirePro Mobile
(Mx000)"|FirePro Mobility|Radeon Pro Mobile|End-of-life|MXM-A (3.0)|2 in our database|675 MHz|"1000 MHz
										
					4 Gbps effective"|1024 MB|GDDR5|128 bit|64.00 GB/s|512.0|32.0|16.0|8.0|16 KB (per CU)|256 KB|10.80 GPixel/s|21.60 GTexel/s|691.2 GFLOPS|33 W|Portable Device Dependent|12 (11_1)|4.6|2.1 (1.2)|1.2.170|6.5 (5.1)|MXM Module|||||109-C42251-00A, 109-C56351-00_02|43.20 GFLOPS (1:16)||||||||||||||
FirePro M6000|/gpu-specs/firepro-m6000.c1678|Heathrow|"Heathrow XT GL
										
(216-0835033)"|GCN 1.0|TSMC|28 nm|1,500 million|12.2M / mm²|123 mm²|FCBGA-962|Jul 1st, 2012|"FirePro Mobile
(Mx000)"|FirePro Mobility|Radeon Pro Mobile|End-of-life|MXM-B (3.0)|2 in our database|800 MHz|"1000 MHz
										
					4 Gbps effective"|2 GB|GDDR5|128 bit|64.00 GB/s|640.0|40.0|16.0|10.0|16 KB (per CU)|256 KB|12.80 GPixel/s|32.00 GTexel/s|1,024.0 GFLOPS|43 W|Portable Device Dependent|12 (11_1)|4.6|2.1 (1.2)|1.2.170|6.5 (5.1)|MXM Module|||||109-C42551-00A, 109-C42551-00B|64.00 GFLOPS (1:16)||||||||||||||
FirePro S10000|/gpu-specs/firepro-s10000.c802|Tahiti|Zaphod|GCN 1.0|TSMC|28 nm|4,313 million|12.3M / mm²|352 mm²||Nov 12th, 2012|"FirePro Server
(Sx000)"|FirePro Terascale|Radeon Pro GCN|End-of-life|PCIe 3.0 x16|||"1250 MHz
										
					5 Gbps effective"|3 GB|GDDR5|384 bit|240.0 GB/s|1792.0|112.0|32.0|28.0|16 KB (per CU)|768 KB|30.40 GPixel/s|106.4 GTexel/s|3.405 TFLOPS|375 W|1x DVI4x mini-DisplayPort 1.2|12 (11_1)|4.6|2.1 (1.2)|1.2.170|6.5 (5.1)|Dual-slot|"305 mm
					12 inches"|"111 mm
					4.4 inches"|750 W|2x 8-pin|C387|851.2 GFLOPS (1:4)|3,599 USD||825 MHz|950 MHz||||||||||
FirePro S10000 Passive|/gpu-specs/firepro-s10000-passive.c2507|Tahiti|Tahiti PRO GL|GCN 1.0|TSMC|28 nm|4,313 million|12.3M / mm²|352 mm²||Nov 12th, 2012|"FirePro Server
(Sx000)"|FirePro Terascale|Radeon Pro GCN|End-of-life|PCIe 3.0 x16|||"1250 MHz
										
					5 Gbps effective"|3 GB|GDDR5|384 bit|240.0 GB/s|1792.0|112.0|32.0|28.0|16 KB (per CU)|768 KB|30.40 GPixel/s|106.4 GTexel/s|3.405 TFLOPS|375 W|1x DVI1x mini-DisplayPort 1.2|12 (11_1)|4.6|2.1 (1.2)|1.2.170|6.5 (5.1)|Dual-slot|"305 mm
					12 inches"|"111 mm
					4.4 inches"|750 W|2x 8-pin|C476|851.2 GFLOPS (1:4)|3,599 USD||825 MHz|950 MHz||||||||||
FirePro S7000|/gpu-specs/firepro-s7000.c801|Pitcairn|"Pitcairn XT GL
										
(215-0828073)"|GCN 1.0|TSMC|28 nm|2,800 million|13.2M / mm²|212 mm²|FCBGA-1737|Aug 27th, 2012|"FirePro Server
(Sx000)"|FirePro Terascale|Radeon Pro GCN|End-of-life|PCIe 3.0 x16||950 MHz|"1200 MHz
										
					4.8 Gbps effective"|4 GB|GDDR5|256 bit|153.6 GB/s|1280.0|80.0|32.0|20.0|16 KB (per CU)|512 KB|30.40 GPixel/s|76.00 GTexel/s|2.432 TFLOPS|150 W|1x DisplayPort 1.2|12 (11_1)|4.6|2.1 (1.2)|1.2.170|6.5 (5.1)|Single-slot|"292 mm
					11.5 inches"|"111 mm
					4.4 inches"|450 W|1x 6-pin|C414|152.0 GFLOPS (1:16)|1,249 USD|||||||||||||
FirePro S9000|/gpu-specs/firepro-s9000.c1879|Tahiti|Tahiti PRO GL|GCN 1.0|TSMC|28 nm|4,313 million|12.3M / mm²|352 mm²||Aug 24th, 2012|"FirePro Server
(Sx000)"|FirePro Terascale|Radeon Pro GCN|End-of-life|PCIe 3.0 x16||900 MHz|"1375 MHz
										
					5.5 Gbps effective"|6 GB|GDDR5|384 bit|264.0 GB/s|1792.0|112.0|32.0|28.0|16 KB (per CU)|768 KB|28.80 GPixel/s|100.8 GTexel/s|3.226 TFLOPS|225 W|1x DisplayPort 1.2|12 (11_1)|4.6|2.1 (1.2)|1.2.170|6.5 (5.1)|Dual-slot|"267 mm
					10.5 inches"|"111 mm
					4.4 inches"|550 W|1x 8-pin|C480|806.4 GFLOPS (1:4)|2,499 USD|||||||||||||
FirePro S9010|/gpu-specs/firepro-s9010.c3237|Tahiti|"Tahiti PRO
										
(215-0821056)"|GCN 1.0|TSMC|28 nm|4,313 million|12.3M / mm²|352 mm²||Aug 24th, 2012|"FirePro Server
(Sx000)"|FirePro Terascale|Radeon Pro GCN|End-of-life|PCIe 3.0 x16||800 MHz|"1250 MHz
										
					5 Gbps effective"|3 GB|GDDR5|384 bit|240.0 GB/s|1792.0|112.0|32.0|28.0|16 KB (per CU)|768 KB|25.60 GPixel/s|89.60 GTexel/s|2.867 TFLOPS|200 W|1x DVI1x HDMI 1.4a2x mini-DisplayPort 1.2|12 (11_1)|4.6|2.1 (1.2)|1.2.170|6.5 (5.1)|Dual-slot|"267 mm
					10.5 inches"|"111 mm
					4.4 inches"|550 W|2x 6-pin|C386|716.8 GFLOPS (1:4)||||||||||||||
FirePro V3900|/gpu-specs/firepro-v3900.c579|Turks|Turks GL|TeraScale 2|TSMC|40 nm|716 million|6.1M / mm²|118 mm²|FCBGA-962|Feb 7th, 2012|"FirePro Terascale
(Vx900)"|FireGL|Radeon Pro GCN|End-of-life|PCIe 2.0 x16|1 in our database|650 MHz|"900 MHz
										
					1800 Mbps effective"|1024 MB|GDDR3|128 bit|28.80 GB/s|480.0|24.0|8.0|6.0|8 KB (per CU)|256 KB|5.200 GPixel/s|15.60 GTexel/s|624.0 GFLOPS|50 W|1x DVI1x DisplayPort 1.1|11.2 (11_0)|4.4|1.2||5.0|Single-slot|"168 mm
					6.6 inches"|"69 mm
					2.7 inches"|250 W||109-C33171-00|||||||||||||||
FirePro W4000|/gpu-specs/firepro-w4000.c1880|Pitcairn|Pitcairn LE GL|GCN 1.0|TSMC|28 nm|2,800 million|13.2M / mm²|212 mm²|FCBGA-1737|Aug 7th, 2012|"FirePro GCN
(Wx000)"|FirePro Terascale|Radeon Pro Polaris|End-of-life|PCIe 3.0 x16||825 MHz|"800 MHz
										
					3.2 Gbps effective"|2 GB|GDDR5|256 bit|102.4 GB/s|768.0|48.0|32.0|12.0|16 KB (per CU)|512 KB|26.40 GPixel/s|39.60 GTexel/s|1,267.2 GFLOPS|75 W|1x DVI2x DisplayPort 1.2|12 (11_1)|4.6|2.1 (1.2)|1.2.170|6.5 (5.1)|Single-slot|"183 mm
					7.2 inches"|"111 mm
					4.4 inches"|250 W||109-C41771-00|79.20 GFLOPS (1:16)||||||||||||||
FirePro W5000|/gpu-specs/firepro-w5000.c588|Pitcairn|Pitcairn LE GL|GCN 1.0|TSMC|28 nm|2,800 million|13.2M / mm²|212 mm²|FCBGA-1737|Aug 7th, 2012|"FirePro GCN
(Wx000)"|FirePro Terascale|Radeon Pro Polaris|End-of-life|PCIe 3.0 x16||825 MHz|"800 MHz
										
					3.2 Gbps effective"|2 GB|GDDR5|256 bit|102.4 GB/s|768.0|48.0|32.0|12.0|16 KB (per CU)|512 KB|26.40 GPixel/s|39.60 GTexel/s|1,267.2 GFLOPS|75 W|1x DVI2x DisplayPort 1.2|12 (11_1)|4.6|2.1 (1.2)|1.2.170|6.5 (5.1)|Single-slot|"183 mm
					7.2 inches"|"111 mm
					4.4 inches"|250 W||109-C41771-00A|79.20 GFLOPS (1:16)|599 USD|||||||||||||
FirePro W600|/gpu-specs/firepro-w600.c562|Cape Verde|"Cape Verde PRO GL
										
(216-0834044)"|GCN 1.0|TSMC|28 nm|1,500 million|12.2M / mm²|123 mm²|FCBGA-962|Jun 13th, 2012|"FirePro GCN
(Wx000)"|FirePro Terascale|Radeon Pro Polaris|End-of-life|PCIe 3.0 x16||750 MHz|"1000 MHz
										
					4 Gbps effective"|2 GB|GDDR5|128 bit|64.00 GB/s|512.0|32.0|16.0|8.0|16 KB (per CU)|256 KB|12.00 GPixel/s|24.00 GTexel/s|768.0 GFLOPS|75 W|6x mini-DisplayPort 1.2|12 (11_1)|4.6|2.1 (1.2)|1.2.170|6.5 (5.1)|Single-slot|"168 mm
					6.6 inches"|"111 mm
					4.4 inches"|250 W||109-C44971-00, 109-C46857-00|48.00 GFLOPS (1:16)|599 USD|"20 mm
					0.8 inches"||||||||||||
FirePro W7000|/gpu-specs/firepro-w7000.c587|Pitcairn|"Pitcairn XT GL
										
(215-0828073)"|GCN 1.0|TSMC|28 nm|2,800 million|13.2M / mm²|212 mm²|FCBGA-1737|Jun 13th, 2012|"FirePro GCN
(Wx000)"|FirePro Terascale|Radeon Pro Polaris|End-of-life|PCIe 3.0 x16||950 MHz|"1200 MHz
										
					4.8 Gbps effective"|4 GB|GDDR5|256 bit|153.6 GB/s|1280.0|80.0|32.0|20.0|16 KB (per CU)|512 KB|30.40 GPixel/s|76.00 GTexel/s|2.432 TFLOPS|150 W|4x DisplayPort 1.2|12 (11_1)|4.6|2.1 (1.2)|1.2.170|6.5 (5.1)|Single-slot|"242 mm
					9.5 inches"|"111 mm
					4.4 inches"|450 W|1x 6-pin|C418|152.0 GFLOPS (1:16)|899 USD|||||||||||||
FirePro W8000|/gpu-specs/firepro-w8000.c586|Tahiti|Tahiti PRO GL|GCN 1.0|TSMC|28 nm|4,313 million|12.3M / mm²|352 mm²||Jun 14th, 2012|"FirePro GCN
(Wx000)"|FirePro Terascale|Radeon Pro Polaris|End-of-life|PCIe 3.0 x16|2 in our database|900 MHz|"1375 MHz
										
					5.5 Gbps effective"|4 GB|GDDR5|256 bit|176.0 GB/s|1792.0|112.0|32.0|28.0|16 KB (per CU)|512 KB|28.80 GPixel/s|100.8 GTexel/s|3.226 TFLOPS|225 W|4x DisplayPort 1.21x SDI|12 (11_1)|4.6|2.1 (1.2)|1.2.170|6.5 (5.1)|Dual-slot|"279 mm
					11 inches"|"111 mm
					4.4 inches"|550 W|2x 6-pin|C383|806.4 GFLOPS (1:4)|1,599 USD|||||||||||||
FirePro W9000|/gpu-specs/firepro-w9000.c585|Tahiti|Tahiti XT GL|GCN 1.0|TSMC|28 nm|4,313 million|12.3M / mm²|352 mm²||Jun 14th, 2012|"FirePro GCN
(Wx000)"|FirePro Terascale|Radeon Pro Polaris|End-of-life|PCIe 3.0 x16||975 MHz|"1375 MHz
										
					5.5 Gbps effective"|6 GB|GDDR5|384 bit|264.0 GB/s|2048.0|128.0|32.0|32.0|16 KB (per CU)|768 KB|31.20 GPixel/s|124.8 GTexel/s|3.994 TFLOPS|274 W|6x mini-DisplayPort 1.21x SDI|12 (11_1)|4.6|2.1 (1.2)|1.2.170|6.5 (5.1)|Dual-slot|"279 mm
					11 inches"|"111 mm
					4.4 inches"|600 W|1x 6-pin + 1x 8-pin|C388|998.4 GFLOPS (1:4)|3,999 USD|||||||||||||
FirePro W9000 X2|/gpu-specs/firepro-w9000-x2.c3956|Tahiti|Zaphod|GCN 1.0|TSMC|28 nm|4,313 million|12.3M / mm²|352 mm²||Never Released|"FirePro GCN
(Wx000)"|FirePro Terascale|Radeon Pro Polaris|End-of-life|PCIe 3.0 x16|||"1250 MHz
										
					5 Gbps effective"|3 GB|GDDR5|384 bit|240.0 GB/s|1792.0|112.0|32.0|28.0|16 KB (per CU)|768 KB|30.40 GPixel/s|106.4 GTexel/s|3.405 TFLOPS|375 W|1x DVI4x mini-DisplayPort 1.2|12 (11_1)|4.6|2.1 (1.2)|1.2.170|6.5 (5.1)|Dual-slot|"305 mm
					12 inches"|"111 mm
					4.4 inches"|750 W|2x 8-pin|C387|851.2 GFLOPS (1:4)|3,599 USD||825 MHz|950 MHz||||||||||
Radeon HD 6250 IGP|/gpu-specs/radeon-hd-6250-igp.c2417|Loveland||TeraScale 2|TSMC|40 nm|450 million|6.0M / mm²|75 mm²||Oct 9th, 2012|"TeraScale 2 IGP
(Palm Mobile)"|TeraScale IGP|TeraScale 3 IGP|End-of-life|IGP||276 MHz|System Shared|System Shared|System Shared|System Shared|System Dependent|80.0|8.0|4.0|2.0|||1.104 GPixel/s|2.208 GTexel/s|44.16 GFLOPS|7 W|Portable Device Dependent|11.2 (11_0)|4.4|1.2||5.0|IGP||||||||||||||||||||
Radeon HD 6250 IGP|/gpu-specs/radeon-hd-6250-igp.c832|Loveland||TeraScale 2|TSMC|40 nm|450 million|6.0M / mm²|75 mm²||Apr 4th, 2012|"TeraScale 2 IGP
(Wrestler Mobile)"|TeraScale IGP|TeraScale 3 IGP|End-of-life|IGP||277 MHz|System Shared|System Shared|System Shared|System Shared|System Dependent|80.0|8.0|4.0|2.0|||1.108 GPixel/s|2.216 GTexel/s|44.32 GFLOPS|9 W|Portable Device Dependent|11.2 (11_0)|4.4|1.2||5.0|IGP||||||||||||||||||||
Radeon HD 6850 1440SP Edition|/gpu-specs/radeon-hd-6850-1440sp-edition.c2219|Cypress|"Cypress PRO
										
(215-0735043)"|TeraScale 2|TSMC|40 nm|2,154 million|6.4M / mm²|334 mm²||Aug 21st, 2012|"Northern Islands
(HD 6800)"|Evergreen|Southern Islands|End-of-life|PCIe 2.0 x16|105 in our database|725 MHz|"1000 MHz
										
					4 Gbps effective"|1024 MB|GDDR5|256 bit|128.0 GB/s|1440.0|72.0|32.0|18.0|8 KB (per CU)|512 KB|23.20 GPixel/s|52.20 GTexel/s|2.088 TFLOPS|151 W|2x DVI1x HDMI 1.3a1x DisplayPort 1.1|11.2 (11_0)|4.4|1.2||5.0|Dual-slot|"241 mm
					9.5 inches"||450 W|2x 6-pin|E174|417.6 GFLOPS (1:5)||||||||||||||
Radeon HD 7290 IGP|/gpu-specs/radeon-hd-7290-igp.c1999|Loveland||TeraScale 2|TSMC|40 nm|450 million|6.0M / mm²|75 mm²||Jun 6th, 2012|"TeraScale 2 IGP
(Wrestler 2 Mobile)"|TeraScale IGP|TeraScale 3 IGP|End-of-life|IGP||276 MHz|System Shared|System Shared|System Shared|System Shared|System Dependent|80.0|8.0|4.0|2.0|||1.104 GPixel/s|2.208 GTexel/s|44.16 GFLOPS|18 W|Portable Device Dependent|11.2 (11_0)|4.4|1.2||5.0|IGP||||||||||||||||||||
Radeon HD 7310 IGP|/gpu-specs/radeon-hd-7310-igp.c884|Loveland||TeraScale 2|TSMC|40 nm|450 million|6.0M / mm²|75 mm²||Jun 6th, 2012|"TeraScale 2 IGP
(Wrestler 2 Mobile)"|TeraScale IGP|TeraScale 3 IGP|End-of-life|IGP||500 MHz|System Shared|System Shared|System Shared|System Shared|System Dependent|80.0|8.0|4.0|2.0|||2.000 GPixel/s|4.000 GTexel/s|80.00 GFLOPS|18 W|Portable Device Dependent|11.2 (11_0)|4.4|1.2||5.0|IGP||||||||||||||||||||
Radeon HD 7330M|/gpu-specs/radeon-hd-7330m.c1194|Robson|"Robson LP S3
										
(216-0774191)"|TeraScale 2|TSMC|40 nm|292 million|4.9M / mm²|59 mm²|FCBGA-631/962|Jan 7th, 2012|"London
(HD 7300M)"|Vancouver|Solar System|End-of-life|PCIe 2.0 x16||650 MHz|"500 MHz
										
					1000 Mbps effective"|1024 MB|GDDR3|64 bit|8.000 GB/s|80.0|8.0|4.0|2.0|8 KB (per CU)|128 KB|2.600 GPixel/s|5.200 GTexel/s|104.0 GFLOPS|5 W|Portable Device Dependent|11.2 (11_0)|4.4|1.2||5.0|||||||||||||||||||||
Radeon HD 7340 IGP|/gpu-specs/radeon-hd-7340-igp.c885|Loveland||TeraScale 2|TSMC|40 nm|450 million|6.0M / mm²|75 mm²||Jun 6th, 2012|"TeraScale 2 IGP
(Wrestler 2 Mobile)"|TeraScale IGP|TeraScale 3 IGP|End-of-life|IGP||523 MHz|System Shared|System Shared|System Shared|System Shared|System Dependent|80.0|8.0|4.0|2.0|||2.092 GPixel/s|4.184 GTexel/s|83.68 GFLOPS|18 W|Portable Device Dependent|11.2 (11_0)|4.4|1.2||5.0|IGP||||||||||||||||||||
Radeon HD 7350 OEM|/gpu-specs/radeon-hd-7350-oem.c632|Cedar||TeraScale 2|TSMC|40 nm|292 million|4.9M / mm²|59 mm²|FCBGA-631|Jan 5th, 2012|"Southern Islands
(HD 7300)"|Northern Islands|Sea Islands|End-of-life|PCIe 2.0 x16||650 MHz|"800 MHz
										
					1600 Mbps effective"|512 MB|GDDR3|64 bit|12.80 GB/s|80.0|8.0|4.0|2.0|8 KB (per CU)|128 KB|2.600 GPixel/s|5.200 GTexel/s|104.0 GFLOPS|19 W|1x DVI1x HDMI 1.3a|11.2 (11_0)|4.4|1.2||5.0|Single-slot|"168 mm
					6.6 inches"||200 W||C027, C093|||||||||||||||
Radeon HD 7350 OEM PCI|/gpu-specs/radeon-hd-7350-oem-pci.c2365|Cedar||TeraScale 2|TSMC|40 nm|292 million|4.9M / mm²|59 mm²|FCBGA-631|Jan 5th, 2012|"Southern Islands
(HD 7300)"|Northern Islands|Sea Islands|End-of-life|PCI||650 MHz|"500 MHz
										
					1000 Mbps effective"|512 MB|GDDR3|64 bit|8.000 GB/s|80.0|8.0|4.0|2.0|8 KB (per CU)|128 KB|2.600 GPixel/s|5.200 GTexel/s|104.0 GFLOPS|19 W|1x DVI1x HDMI 1.3a|11.2 (11_0)|4.4|1.2||5.0|Single-slot|"168 mm
					6.6 inches"||200 W|||||||||||||||||
Radeon HD 7350M|/gpu-specs/radeon-hd-7350m.c1196|Robson|"Robson PRO M2
										
(216-0774211)"|TeraScale 2|TSMC|40 nm|292 million|4.9M / mm²|59 mm²|FCBGA-631/962|Jan 7th, 2012|"London
(HD 7300M)"|Vancouver|Solar System|End-of-life|PCIe 2.0 x16||650 MHz|"500 MHz
										
					1000 Mbps effective"|1024 MB|GDDR3|64 bit|8.000 GB/s|80.0|8.0|4.0|2.0|8 KB (per CU)|128 KB|2.600 GPixel/s|5.200 GTexel/s|104.0 GFLOPS|7 W|Portable Device Dependent|11.2 (11_0)|4.4|1.2||5.0||||||B982|||||||||||||||
Radeon HD 7370M|/gpu-specs/radeon-hd-7370m.c1192|Robson|"Robson XT M2
										
(216-0774211)"|TeraScale 2|TSMC|40 nm|292 million|4.9M / mm²|59 mm²|FCBGA-631/962|Jan 7th, 2012|"London
(HD 7300M)"|Vancouver|Solar System|End-of-life|PCIe 2.0 x16||750 MHz|"800 MHz
										
					1600 Mbps effective"|1024 MB|DDR3|64 bit|12.80 GB/s|80.0|8.0|4.0|2.0|8 KB (per CU)|128 KB|3.000 GPixel/s|6.000 GTexel/s|120.0 GFLOPS|11 W|Portable Device Dependent|11.2 (11_0)|4.4|1.2||5.0|||||||||||||||||||||
Radeon HD 7400G IGP|/gpu-specs/radeon-hd-7400g-igp.c1399|Scrapper||TeraScale 3|GlobalFoundries|32 nm|1,303 million|5.3M / mm²|246 mm²|µPGA-722/904|Oct 2nd, 2012|"TeraScale 3 IGP
(Trinity Mobile)"|TeraScale 2 IGP|GCN 2.0 IGP|End-of-life|IGP|||System Shared|System Shared|System Shared|System Shared|System Dependent|192.0|12.0|4.0|3.0|||1.696 GPixel/s|5.088 GTexel/s|162.8 GFLOPS|17 W|Portable Device Dependent|11.2 (11_0)|4.4|1.2||5.0|IGP|||||||||327 MHz|424 MHz||||||||||
Radeon HD 7420G IGP|/gpu-specs/radeon-hd-7420g-igp.c683|Scrapper Lite||TeraScale 3|GlobalFoundries|32 nm|1,303 million|5.3M / mm²|246 mm²|µPGA-722/904|Jun 6th, 2012|"TeraScale 3 IGP
(Trinity Mobile)"|TeraScale 2 IGP|GCN 2.0 IGP|End-of-life|IGP|||System Shared|System Shared|System Shared|System Shared|System Dependent|128.0|8.0|4.0|2.0|||2.620 GPixel/s|5.240 GTexel/s|167.7 GFLOPS|35 W|Portable Device Dependent|11.2 (11_0)|4.4|1.2||5.0|IGP|||||||||480 MHz|655 MHz||||||||||
Radeon HD 7430M|/gpu-specs/radeon-hd-7430m.c1205|Seymour|"Seymour PRO S3
										
(216-0809024)"|TeraScale 2|TSMC|40 nm|370 million|5.5M / mm²|67 mm²|FCBGA-631/962|Jan 7th, 2012|"London
(HD 7400M)"|Vancouver|Solar System|End-of-life|PCIe 2.0 x16||600 MHz|"800 MHz
										
					1600 Mbps effective"|1024 MB|DDR3|64 bit|12.80 GB/s|160.0|8.0|4.0|2.0|8 KB (per CU)|128 KB|2.400 GPixel/s|4.800 GTexel/s|192.0 GFLOPS|7 W|Portable Device Dependent|11.2 (11_0)|4.4|1.2||5.0|||||||||||||||||||||
Radeon HD 7450 OEM|/gpu-specs/radeon-hd-7450-oem.c300|Caicos|Caimour|TeraScale 2|TSMC|40 nm|370 million|5.5M / mm²|67 mm²|FCBGA-631|Jan 5th, 2012|"Southern Islands
(HD 7400)"|Northern Islands|Sea Islands|End-of-life|PCIe 2.0 x16||625 MHz|"533 MHz
										
					1066 Mbps effective"|512 MB|GDDR3|64 bit|8.528 GB/s|160.0|8.0|4.0|2.0|8 KB (per CU)|128 KB|2.500 GPixel/s|5.000 GTexel/s|200.0 GFLOPS|18 W|1x DVI1x HDMI 1.3a|11.2 (11_0)|4.4|1.2||5.0|Single-slot|"168 mm
					6.6 inches"||200 W||C264|||||||||||||||
Radeon HD 7450A|/gpu-specs/radeon-hd-7450a.c1688|Caicos||TeraScale 2|TSMC|40 nm|370 million|5.5M / mm²|67 mm²|FCBGA-631|Jan 5th, 2012|"All-In-One
(HD 7000)"|||End-of-life|MXM-A (3.0)||625 MHz|"800 MHz
										
					1600 Mbps effective"|512 MB|GDDR3|64 bit|12.80 GB/s|160.0|8.0|4.0|2.0|8 KB (per CU)|128 KB|2.500 GPixel/s|5.000 GTexel/s|200.0 GFLOPS|25 W|Portable Device Dependent|11.2 (11_0)|4.4|1.2||5.0|MXM Module||||||||||||||||||||
Radeon HD 7450M|/gpu-specs/radeon-hd-7450m.c369|Seymour|"Seymour XT M2
										
(216-0809000)"|TeraScale 2|TSMC|40 nm|370 million|5.5M / mm²|67 mm²|FCBGA-631/962|Jan 7th, 2012|"London
(HD 7400M)"|Vancouver|Solar System|End-of-life|PCIe 2.0 x16||750 MHz|"900 MHz
										
					1800 Mbps effective"|1024 MB|DDR3|64 bit|14.40 GB/s|160.0|8.0|4.0|2.0|8 KB (per CU)|128 KB|3.000 GPixel/s|6.000 GTexel/s|240.0 GFLOPS|7 W|Portable Device Dependent|11.2 (11_0)|4.4|1.2||5.0|||||||||||||||||||||
Radeon HD 7470 OEM|/gpu-specs/radeon-hd-7470-oem.c299|Caicos|Khalidster|TeraScale 2|TSMC|40 nm|370 million|5.5M / mm²|67 mm²|FCBGA-631|Jan 5th, 2012|"Southern Islands
(HD 7400)"|Northern Islands|Sea Islands|End-of-life|PCIe 2.0 x16||750 MHz|"900 MHz
										
					3.6 Gbps effective"|1024 MB|GDDR5|64 bit|28.80 GB/s|160.0|8.0|4.0|2.0|8 KB (per CU)|128 KB|3.000 GPixel/s|6.000 GTexel/s|240.0 GFLOPS|27 W|1x DVI1x DisplayPort 1.1|11.2 (11_0)|4.4|1.2||5.0|Single-slot|"168 mm
					6.6 inches"||200 W||C264|||||||||||||||
Radeon HD 7470A|/gpu-specs/radeon-hd-7470a.c2394|Caicos||TeraScale 2|TSMC|40 nm|370 million|5.5M / mm²|67 mm²|FCBGA-631|Jan 5th, 2012|"All-In-One
(HD 7000)"|||End-of-life|MXM-A (3.0)||625 MHz|"800 MHz
										
					1600 Mbps effective"|512 MB|GDDR3|64 bit|12.80 GB/s|160.0|8.0|4.0|2.0|8 KB (per CU)|128 KB|2.500 GPixel/s|5.000 GTexel/s|200.0 GFLOPS|25 W|Portable Device Dependent|11.2 (11_0)|4.4|1.2||5.0|MXM Module||||||||||||||||||||
Radeon HD 7470A|/gpu-specs/radeon-hd-7470a.c1692|Redwood||TeraScale 2|TSMC|40 nm|627 million|6.0M / mm²|104 mm²|FCBGA-962|Jan 5th, 2012|"All-In-One
(HD 7000)"|||End-of-life|MXM-A (3.0)||775 MHz|"800 MHz
										
					1600 Mbps effective"|1024 MB|DDR3|64 bit|12.80 GB/s|400.0|20.0|8.0|5.0|8 KB (per CU)|128 KB|6.200 GPixel/s|15.50 GTexel/s|620.0 GFLOPS|18 W|Portable Device Dependent|11.2 (11_0)|4.4|1.2||5.0|MXM Module||||||||||||||||||||
Radeon HD 7470M|/gpu-specs/radeon-hd-7470m.c370|Seymour|"Seymour XTX M2
										
(216-0809000)"|TeraScale 2|TSMC|40 nm|370 million|5.5M / mm²|67 mm²|FCBGA-631/962|Jan 7th, 2012|"London
(HD 7400M)"|Vancouver|Solar System|End-of-life|PCIe 2.0 x16|||"900 MHz
										
					1800 Mbps effective"|1024 MB|DDR3|64 bit|14.40 GB/s|160.0|8.0|4.0|2.0|8 KB (per CU)|128 KB|3.200 GPixel/s|6.400 GTexel/s|256.0 GFLOPS|25 W|Portable Device Dependent|11.2 (11_0)|4.4|1.2||5.0||||||||||750 MHz|800 MHz||||||||||
Radeon HD 7480D IGP|/gpu-specs/radeon-hd-7480d-igp.c822|Scrapper Lite||TeraScale 3|GlobalFoundries|32 nm|1,303 million|5.3M / mm²|246 mm²|µPGA-722/904|Oct 2nd, 2012|"TeraScale 3 IGP
(Trinity)"|TeraScale 2 IGP|GCN 2.0 IGP|End-of-life|IGP||720 MHz|System Shared|System Shared|System Shared|System Shared|System Dependent|128.0|8.0|4.0|2.0|||2.880 GPixel/s|5.760 GTexel/s|184.3 GFLOPS|65 W|Motherboard Dependent|11.2 (11_0)|4.4|1.2||5.0|IGP|||||||53 USD|||||||||||||
Radeon HD 7490M|/gpu-specs/radeon-hd-7490m.c371|Seymour|"Seymour XTX M2
										
(216-0809000)"|TeraScale 2|TSMC|40 nm|370 million|5.5M / mm²|67 mm²|FCBGA-631/962|Jan 7th, 2012|"London
(HD 7400M)"|Vancouver|Solar System|End-of-life|PCIe 2.0 x16||800 MHz|"950 MHz
										
					3.8 Gbps effective"|1024 MB|GDDR5|64 bit|30.40 GB/s|160.0|8.0|4.0|2.0|8 KB (per CU)|128 KB|3.200 GPixel/s|6.400 GTexel/s|256.0 GFLOPS|9 W|Portable Device Dependent|11.2 (11_0)|4.4|1.2||5.0|||||||||||||||||||||
Radeon HD 7500G IGP|/gpu-specs/radeon-hd-7500g-igp.c684|Devastator Lite||TeraScale 3|GlobalFoundries|32 nm|1,303 million|5.3M / mm²|246 mm²|µPGA-722/904|May 15th, 2012|"TeraScale 3 IGP
(Trinity Mobile)"|TeraScale 2 IGP|GCN 2.0 IGP|End-of-life|IGP|||System Shared|System Shared|System Shared|System Shared|System Dependent|256.0|16.0|8.0|4.0|||3.392 GPixel/s|6.784 GTexel/s|217.1 GFLOPS|17 W|Portable Device Dependent|11.2 (11_0)|4.4|1.2||5.0|IGP|||||||||327 MHz|424 MHz||||||||||
Radeon HD 7510M|/gpu-specs/radeon-hd-7510m.c372|Thames|"Thames M2 LE
										
(216-0833028)"|TeraScale 2|TSMC|40 nm|716 million|6.1M / mm²|118 mm²|FCBGA-631/962|Jan 7th, 2012|"London
(HD 7500M)"|Vancouver|Solar System|End-of-life|PCIe 2.0 x16||450 MHz|"800 MHz
										
					1600 Mbps effective"|1024 MB|DDR3|64 bit|12.80 GB/s|400.0|20.0|8.0|5.0|||3.600 GPixel/s|9.000 GTexel/s|360.0 GFLOPS|11 W|Portable Device Dependent|11.2 (11_0)|4.4|1.2||5.0|||||||||||||||||||||
Radeon HD 7520G IGP|/gpu-specs/radeon-hd-7520g-igp.c685|Scrapper||TeraScale 3|GlobalFoundries|32 nm|1,303 million|5.3M / mm²|246 mm²|µPGA-722/904|Jun 6th, 2012|"TeraScale 3 IGP
(Trinity Mobile)"|TeraScale 2 IGP|GCN 2.0 IGP|End-of-life|IGP|||System Shared|System Shared|System Shared|System Shared|System Dependent|192.0|12.0|4.0|3.0|||2.744 GPixel/s|8.232 GTexel/s|263.4 GFLOPS|35 W|Portable Device Dependent|11.2 (11_0)|4.4|1.2||5.0|IGP|||||||||496 MHz|686 MHz||||||||||
Radeon HD 7530M|/gpu-specs/radeon-hd-7530m.c373|Thames|"Thames M2 LP
										
(216-0833002)"|TeraScale 2|TSMC|40 nm|716 million|6.1M / mm²|118 mm²|FCBGA-631/962|Jan 7th, 2012|"London
(HD 7500M)"|Vancouver|Solar System|End-of-life|PCIe 2.0 x16||450 MHz|"900 MHz
										
					1800 Mbps effective"|1024 MB|DDR3|64 bit|14.40 GB/s|400.0|20.0|8.0|5.0|||3.600 GPixel/s|9.000 GTexel/s|360.0 GFLOPS|11 W|Portable Device Dependent|11.2 (11_0)|4.4|1.2||5.0|||||||||||||||||||||
Radeon HD 7540D IGP|/gpu-specs/radeon-hd-7540d-igp.c823|Scrapper||TeraScale 3|GlobalFoundries|32 nm|1,303 million|5.3M / mm²|246 mm²|µPGA-722/904|Oct 2nd, 2012|"TeraScale 3 IGP
(Trinity)"|TeraScale 2 IGP|GCN 2.0 IGP|End-of-life|IGP||760 MHz|System Shared|System Shared|System Shared|System Shared|System Dependent|192.0|12.0|4.0|3.0|||3.040 GPixel/s|9.120 GTexel/s|291.8 GFLOPS|65 W|Motherboard Dependent|11.2 (11_0)|4.4|1.2||5.0|IGP|||||||67 USD|||||||||||||
Radeon HD 7550M|/gpu-specs/radeon-hd-7550m.c2290|Thames|"Thames M2 PRO
										
(216-0833002)"|TeraScale 2|TSMC|40 nm|716 million|6.1M / mm²|118 mm²|FCBGA-631/962|Jan 7th, 2012|"London
(HD 7500M)"|Vancouver|Solar System|End-of-life|PCIe 2.0 x16||500 MHz|"900 MHz
										
					1800 Mbps effective"|1024 MB|DDR3|128 bit|28.80 GB/s|480.0|24.0|16.0|6.0|8 KB (per CU)|256 KB|8.000 GPixel/s|12.00 GTexel/s|480.0 GFLOPS|14 W|Portable Device Dependent|11.2 (11_0)|4.4|1.2||5.0|||||||||||||||||||||
Radeon HD 7550M|/gpu-specs/radeon-hd-7550m.c1209|Thames|"Thames M2 LP
										
(216-0833002)"|TeraScale 2|TSMC|40 nm|716 million|6.1M / mm²|118 mm²|FCBGA-631/962|Jan 7th, 2012|"London
(HD 7500M)"|Vancouver|Solar System|End-of-life|PCIe 2.0 x16|||"900 MHz
										
					1800 Mbps effective"|1024 MB|DDR3|64 bit|14.40 GB/s|480.0|24.0|16.0|6.0|||8.800 GPixel/s|13.20 GTexel/s|528.0 GFLOPS|14 W|Portable Device Dependent|11.2 (11_0)|4.4|1.2||5.0||||||||||450 MHz|550 MHz||||||||||
Radeon HD 7560D IGP|/gpu-specs/radeon-hd-7560d-igp.c824|Devastator Lite||TeraScale 3|GlobalFoundries|32 nm|1,303 million|5.3M / mm²|246 mm²|µPGA-722/904|Oct 2nd, 2012|"TeraScale 3 IGP
(Trinity)"|TeraScale 2 IGP|GCN 2.0 IGP|End-of-life|IGP||760 MHz|System Shared|System Shared|System Shared|System Shared|System Dependent|256.0|16.0|8.0|4.0|||6.080 GPixel/s|12.16 GTexel/s|389.1 GFLOPS|65 W|Motherboard Dependent|11.2 (11_0)|4.4|1.2||5.0|IGP|||||||101 USD|||||||||||||
Radeon HD 7560G IGP|/gpu-specs/radeon-hd-7560g-igp.c2408|Devastator Lite||TeraScale 3|GlobalFoundries|32 nm|1,303 million|5.3M / mm²|246 mm²|µPGA-722/904|May 15th, 2012|"TeraScale 3 IGP
(Trinity Mobile)"|TeraScale 2 IGP|GCN 2.0 IGP|End-of-life|IGP|||System Shared|System Shared|System Shared|System Shared|System Dependent|256.0|16.0|8.0|4.0|||6.080 GPixel/s|12.16 GTexel/s|389.1 GFLOPS|35 W|Portable Device Dependent|11.2 (11_0)|4.4|1.2||5.0|IGP|||||||||496 MHz|760 MHz||||||||||
Radeon HD 7570|/gpu-specs/radeon-hd-7570.c393|Turks|Turks PRO-L|TeraScale 2|TSMC|40 nm|716 million|6.1M / mm²|118 mm²|FCBGA-962|Jan 5th, 2012|"Southern Islands
(HD 7500)"|Northern Islands|Sea Islands|End-of-life|PCIe 2.0 x16||650 MHz|"800 MHz
										
					1600 Mbps effective"|1024 MB|GDDR3|128 bit|25.60 GB/s|480.0|24.0|8.0|6.0|8 KB (per CU)|256 KB|5.200 GPixel/s|15.60 GTexel/s|624.0 GFLOPS|60 W|1x DVI1x HDMI 1.3a1x VGA|11.2 (11_0)|4.4|1.2||5.0|Single-slot|||250 W||C245, C331, C334|||||||||||||||
Radeon HD 7570M|/gpu-specs/radeon-hd-7570m.c399|Thames|"Thames M2 PRO
										
(216-0833002)"|TeraScale 2|TSMC|40 nm|716 million|6.1M / mm²|118 mm²|FCBGA-631/962|Jan 7th, 2012|"London
(HD 7500M)"|Vancouver|Solar System|End-of-life|PCIe 2.0 x16||500 MHz|"800 MHz
										
					3.2 Gbps effective"|1024 MB|GDDR5|64 bit|25.60 GB/s|480.0|24.0|16.0|6.0|||8.000 GPixel/s|12.00 GTexel/s|480.0 GFLOPS|13 W|Portable Device Dependent|11.2 (11_0)|4.4|1.2||5.0|||||||||||||||||||||
Radeon HD 7590M|/gpu-specs/radeon-hd-7590m.c376|Thames|"Thames M2 XT
										
(216-0833000)"|TeraScale 2|TSMC|40 nm|716 million|6.1M / mm²|118 mm²|FCBGA-631/962|Jan 7th, 2012|"London
(HD 7500M)"|Vancouver|Solar System|End-of-life|PCIe 2.0 x16||600 MHz|"800 MHz
										
					3.2 Gbps effective"|1024 MB|GDDR5|64 bit|25.60 GB/s|480.0|24.0|16.0|6.0|||9.600 GPixel/s|14.40 GTexel/s|576.0 GFLOPS|18 W|Portable Device Dependent|11.2 (11_0)|4.4|1.2||5.0|||||||||||||||||||||
Radeon HD 7600G IGP|/gpu-specs/radeon-hd-7600g-igp.c1400|Devastator||TeraScale 3|GlobalFoundries|32 nm|1,303 million|5.3M / mm²|246 mm²|µPGA-722/904|Sep 1st, 2012|"TeraScale 3 IGP
(Trinity Mobile)"|TeraScale 2 IGP|GCN 2.0 IGP|End-of-life|IGP|||System Shared|System Shared|System Shared|System Shared|System Dependent|384.0|24.0|8.0|6.0|||3.392 GPixel/s|10.18 GTexel/s|325.6 GFLOPS|19 W|Portable Device Dependent|11.2 (11_0)|4.4|1.2||5.0|IGP|||||||||320 MHz|424 MHz||||||||||
Radeon HD 7610M|/gpu-specs/radeon-hd-7610m.c377|Whistler|"Whistler PX4 M2 LE
										
(216-0810028)"|TeraScale 2|TSMC|40 nm|716 million|6.1M / mm²|118 mm²|FCBGA-962/1336|Jan 7th, 2012|"London
(HD 7600M)"|Vancouver|Solar System|End-of-life|PCIe 2.0 x16||500 MHz|"800 MHz
										
					1600 Mbps effective"|1024 MB|GDDR3|128 bit|25.60 GB/s|400.0|20.0|8.0|5.0|8 KB (per CU)|256 KB|4.000 GPixel/s|10.00 GTexel/s|400.0 GFLOPS|20 W|Portable Device Dependent|11.2 (11_0)|4.4|1.2||5.0|||||||||||||||||||||
Radeon HD 7620G IGP|/gpu-specs/radeon-hd-7620g-igp.c686|Devastator||TeraScale 3|GlobalFoundries|32 nm|1,303 million|5.3M / mm²|246 mm²|µPGA-722/904|May 15th, 2012|"TeraScale 3 IGP
(Trinity Mobile)"|TeraScale 2 IGP|GCN 2.0 IGP|End-of-life|IGP|||System Shared|System Shared|System Shared|System Shared|System Dependent|384.0|24.0|8.0|6.0|||3.976 GPixel/s|11.93 GTexel/s|381.7 GFLOPS|25 W|Portable Device Dependent|11.2 (11_0)|4.4|1.2||5.0|IGP|||||||||360 MHz|497 MHz||||||||||
Radeon HD 7630M|/gpu-specs/radeon-hd-7630m.c378|Thames|"Thames M2 LP
										
(216-0833002)"|TeraScale 2|TSMC|40 nm|716 million|6.1M / mm²|118 mm²|FCBGA-631/962|Jan 7th, 2012|"London
(HD 7600M)"|Vancouver|Solar System|End-of-life|PCIe 2.0 x16||450 MHz|"800 MHz
										
					1600 Mbps effective"|1024 MB|DDR3|128 bit|25.60 GB/s|480.0|24.0|16.0|6.0|8 KB (per CU)|256 KB|7.200 GPixel/s|10.80 GTexel/s|432.0 GFLOPS|20 W|Portable Device Dependent|11.2 (11_0)|4.4|1.2||5.0|||||||||||||||||||||
Radeon HD 7640G IGP|/gpu-specs/radeon-hd-7640g-igp.c701|Devastator Lite||TeraScale 3|GlobalFoundries|32 nm|1,303 million|5.3M / mm²|246 mm²|µPGA-722/904|May 15th, 2012|"TeraScale 3 IGP
(Trinity Mobile)"|TeraScale 2 IGP|GCN 2.0 IGP|End-of-life|IGP|||System Shared|System Shared|System Shared|System Shared|System Dependent|256.0|16.0|8.0|4.0|||5.240 GPixel/s|10.48 GTexel/s|335.4 GFLOPS|35 W|Portable Device Dependent|11.2 (11_0)|4.4|1.2||5.0|IGP|||||||||496 MHz|655 MHz||||||||||
Radeon HD 7650A|/gpu-specs/radeon-hd-7650a.c1694|Onega||TeraScale 2|TSMC|40 nm|716 million|6.1M / mm²|118 mm²|FCBGA-962|Jan 5th, 2012|"All-In-One
(HD 7000)"|||End-of-life|MXM-A (3.0)||600 MHz|"900 MHz
										
					1800 Mbps effective"|1024 MB|DDR3|128 bit|28.80 GB/s|480.0|24.0|8.0|6.0|8 KB (per CU)|256 KB|4.800 GPixel/s|14.40 GTexel/s|576.0 GFLOPS|33 W|Portable Device Dependent|11.2 (11_0)|4.4|1.2||5.0|MXM Module||||||||||||||||||||
Radeon HD 7650M|/gpu-specs/radeon-hd-7650m.c1210|Thames|"Thames M2 PRO
										
(216-0833002)"|TeraScale 2|TSMC|40 nm|716 million|6.1M / mm²|118 mm²|FCBGA-631/962|Jan 7th, 2012|"London
(HD 7600M)"|Vancouver|Solar System|End-of-life|PCIe 2.0 x16||500 MHz|"800 MHz
										
					1600 Mbps effective"|1024 MB|DDR3|128 bit|25.60 GB/s|480.0|24.0|16.0|6.0|8 KB (per CU)|256 KB|8.000 GPixel/s|12.00 GTexel/s|480.0 GFLOPS|20 W|Portable Device Dependent|11.2 (11_0)|4.4|1.2||5.0|||||||||||||||||||||
Radeon HD 7650M Rebrand|/gpu-specs/radeon-hd-7650m-rebrand.c2291|Whistler|"Whistler PRO
										
(216-0810005)"|TeraScale 2|TSMC|40 nm|716 million|6.1M / mm²|118 mm²|FCBGA-962/1336|Mar 28th, 2012|"London
(HD 7600M)"|Vancouver|Solar System|End-of-life|PCIe 2.0 x16||485 MHz|"800 MHz
										
					1600 Mbps effective"|1024 MB|DDR3|128 bit|25.60 GB/s|480.0|24.0|8.0|6.0|8 KB (per CU)|256 KB|3.880 GPixel/s|11.64 GTexel/s|465.6 GFLOPS|20 W|Portable Device Dependent|11.2 (11_0)|4.4|1.2||5.0|||||||||||||||||||||
Radeon HD 7660D IGP|/gpu-specs/radeon-hd-7660d-igp.c825|Devastator||TeraScale 3|GlobalFoundries|32 nm|1,303 million|5.3M / mm²|246 mm²|µPGA-722/904|Oct 2nd, 2012|"TeraScale 3 IGP
(Trinity)"|TeraScale 2 IGP|GCN 2.0 IGP|End-of-life|IGP||760 MHz|System Shared|System Shared|System Shared|System Shared|System Dependent|384.0|24.0|8.0|6.0|||6.080 GPixel/s|18.24 GTexel/s|583.7 GFLOPS|100 W|Motherboard Dependent|11.2 (11_0)|4.4|1.2||5.0|IGP|||||||122 USD|||||||||||||
Radeon HD 7660G IGP|/gpu-specs/radeon-hd-7660g-igp.c688|Devastator||TeraScale 3|GlobalFoundries|32 nm|1,303 million|5.3M / mm²|246 mm²|µPGA-722/904|May 15th, 2012|"TeraScale 3 IGP
(Trinity Mobile)"|TeraScale 2 IGP|GCN 2.0 IGP|End-of-life|IGP||686 MHz|System Shared|System Shared|System Shared|System Shared|System Dependent|384.0|24.0|8.0|6.0|||5.488 GPixel/s|16.46 GTexel/s|526.8 GFLOPS|35 W|Portable Device Dependent|11.2 (11_0)|4.4|1.2||5.0|IGP||||||||||||||||||||
Radeon HD 7670 OEM|/gpu-specs/radeon-hd-7670-oem.c392|Turks|"Turks XT
										
(215-0803000)"|TeraScale 2|TSMC|40 nm|716 million|6.1M / mm²|118 mm²|FCBGA-962|Jan 5th, 2012|"Southern Islands
(HD 7600)"|Northern Islands|Sea Islands|End-of-life|PCIe 2.0 x16||800 MHz|"1000 MHz
										
					4 Gbps effective"|512 MB|GDDR5|128 bit|64.00 GB/s|480.0|24.0|8.0|6.0|8 KB (per CU)|256 KB|6.400 GPixel/s|19.20 GTexel/s|768.0 GFLOPS|66 W|1x DVI1x DisplayPort 1.11x VGA|11.2 (11_0)|4.4|1.2||5.0|Single-slot|"145 mm
					5.7 inches"||250 W||C243, C331, C337|||||||||||||||
Radeon HD 7670A|/gpu-specs/radeon-hd-7670a.c1689|Turks|"Turks XT
										
(215-0803000)"|TeraScale 2|TSMC|40 nm|716 million|6.1M / mm²|118 mm²|FCBGA-962|Jan 5th, 2012|"All-In-One
(HD 7000)"|||End-of-life|MXM-A (3.0)||600 MHz|"1000 MHz
										
					4 Gbps effective"|1024 MB|GDDR5|128 bit|64.00 GB/s|480.0|24.0|8.0|6.0|8 KB (per CU)|256 KB|4.800 GPixel/s|14.40 GTexel/s|576.0 GFLOPS|45 W|Portable Device Dependent|11.2 (11_0)|4.4|1.2||5.0|MXM Module||||||||||||||||||||
Radeon HD 7670M|/gpu-specs/radeon-hd-7670m.c380|Thames|"Thames M2 XT
										
(216-0833000)"|TeraScale 2|TSMC|40 nm|716 million|6.1M / mm²|118 mm²|FCBGA-631/962|Feb 17th, 2012|"London
(HD 7600M)"|Vancouver|Solar System|End-of-life|PCIe 2.0 x16||600 MHz|"900 MHz
										
					1800 Mbps effective"|1024 MB|DDR3|128 bit|28.80 GB/s|480.0|24.0|16.0|6.0|8 KB (per CU)|256 KB|9.600 GPixel/s|14.40 GTexel/s|576.0 GFLOPS|20 W|Portable Device Dependent|11.2 (11_0)|4.4|1.2||5.0|||||||||||||||||||||
Radeon HD 7670M Rebrand|/gpu-specs/radeon-hd-7670m-rebrand.c2321|Whistler|"Whistler XT
										
(216-0810001)"|TeraScale 2|TSMC|40 nm|716 million|6.1M / mm²|118 mm²|FCBGA-962/1336|Jul 1st, 2012|"London
(HD 7600M)"|Vancouver|Solar System|End-of-life|PCIe 2.0 x16||600 MHz|"900 MHz
										
					1800 Mbps effective"|1024 MB|GDDR3|128 bit|28.80 GB/s|480.0|24.0|8.0|6.0|8 KB (per CU)|256 KB|4.800 GPixel/s|14.40 GTexel/s|576.0 GFLOPS|20 W|Portable Device Dependent|11.2 (11_0)|4.4|1.2||5.0|||||||||||||||||||||
Radeon HD 7690M Rebrand|/gpu-specs/radeon-hd-7690m-rebrand.c1199|Whistler|"Whistler XT
										
(216-0810001)"|TeraScale 2|TSMC|40 nm|716 million|6.1M / mm²|118 mm²|FCBGA-962/1336|Jan 7th, 2012|"London
(HD 7600M)"|Vancouver|Solar System|End-of-life|PCIe 2.0 x16||600 MHz|"800 MHz
										
					1600 Mbps effective"|1024 MB|GDDR3|128 bit|25.60 GB/s|480.0|24.0|8.0|6.0|8 KB (per CU)|256 KB|4.800 GPixel/s|14.40 GTexel/s|576.0 GFLOPS|20 W|Portable Device Dependent|11.2 (11_0)|4.4|1.2||5.0|||||||||||||||||||||
Radeon HD 7690M XT Rebrand|/gpu-specs/radeon-hd-7690m-xt-rebrand.c2296|Whistler|"Whistler XT
										
(216-0810001)"|TeraScale 2|TSMC|40 nm|716 million|6.1M / mm²|118 mm²|FCBGA-962/1336|Jan 4th, 2012|"London
(HD 7600M)"|Vancouver|Solar System|End-of-life|PCIe 2.0 x16||725 MHz|"800 MHz
										
					3.2 Gbps effective"|1024 MB|GDDR5|128 bit|51.20 GB/s|480.0|24.0|8.0|6.0|8 KB (per CU)|256 KB|5.800 GPixel/s|17.40 GTexel/s|696.0 GFLOPS|25 W|Portable Device Dependent|11.2 (11_0)|4.4|1.2||5.0|||||||||||||||||||||
Radeon HD 7730M|/gpu-specs/radeon-hd-7730m.c1200|Chelsea|"Chelsea PRO
										
(216-0834065)"|GCN 1.0|TSMC|28 nm|1,500 million|12.2M / mm²|123 mm²|FCBGA-962|Apr 24th, 2012|"London
(HD 7700M)"|Vancouver|Solar System|End-of-life|PCIe 2.0 x16|||"900 MHz
										
					1800 Mbps effective"|2 GB|DDR3|128 bit|28.80 GB/s|512.0|32.0|16.0|8.0|16 KB (per CU)|256 KB|10.80 GPixel/s|21.60 GTexel/s|691.2 GFLOPS|25 W|Portable Device Dependent|12 (11_1)|4.6|2.1 (1.2)|1.2.170|6.5 (5.1)|||||||43.20 GFLOPS (1:16)|||575 MHz|675 MHz||||||||||
Radeon HD 7750|/gpu-specs/radeon-hd-7750.c309|Cape Verde|"Cape Verde PRO
										
(215-0825156)"|GCN 1.0|TSMC|28 nm|1,500 million|12.2M / mm²|123 mm²|FCBGA-962|Feb 15th, 2012|"Southern Islands
(HD 7700)"|Northern Islands|Sea Islands|End-of-life|PCIe 3.0 x16|61 in our database|800 MHz|"1125 MHz
										
					4.5 Gbps effective"|1024 MB|GDDR5|128 bit|72.00 GB/s|512.0|32.0|16.0|8.0|16 KB (per CU)|256 KB|12.80 GPixel/s|25.60 GTexel/s|819.2 GFLOPS|55 W|1x DVI1x HDMI 1.4a1x DisplayPort 1.2|12 (11_1)|4.6|2.1 (1.2)|1.2.170|6.5 (5.1)|Single-slot|"168 mm
					6.6 inches"||250 W||C441, 109-C44537-00B|51.20 GFLOPS (1:16)|109 USD|||||||||||||
Radeon HD 7750M|/gpu-specs/radeon-hd-7750m.c384|Chelsea|"Chelsea PRO
										
(216-0834065)"|GCN 1.0|TSMC|28 nm|1,500 million|12.2M / mm²|123 mm²|FCBGA-962|Apr 24th, 2012|"London
(HD 7700M)"|Vancouver|Solar System|End-of-life|PCIe 2.0 x16||575 MHz|"1000 MHz
										
					4 Gbps effective"|1024 MB|GDDR5|128 bit|64.00 GB/s|512.0|32.0|16.0|8.0|16 KB (per CU)|256 KB|9.200 GPixel/s|18.40 GTexel/s|588.8 GFLOPS|28 W|Portable Device Dependent|12 (11_1)|4.6|2.1 (1.2)|1.2.170|6.5 (5.1)|IGP||||||36.80 GFLOPS (1:16)||||||||||||||
Radeon HD 7770 GHz Edition|/gpu-specs/radeon-hd-7770-ghz-edition.c308|Cape Verde|"Cape Verde XT
										
(215-0825117)"|GCN 1.0|TSMC|28 nm|1,500 million|12.2M / mm²|123 mm²|FCBGA-962|Feb 15th, 2012|"Southern Islands
(HD 7700)"|Northern Islands|Sea Islands|End-of-life|PCIe 3.0 x16|97 in our database|1000 MHz|"1125 MHz
										
					4.5 Gbps effective"|1024 MB|GDDR5|128 bit|72.00 GB/s|640.0|40.0|16.0|10.0|16 KB (per CU)|256 KB|16.00 GPixel/s|40.00 GTexel/s|1,280.0 GFLOPS|80 W|1x DVI1x HDMI 1.4a2x mini-DisplayPort 1.2|12 (11_1)|4.6|2.1 (1.2)|1.2.170|6.5 (5.1)|Dual-slot|"210 mm
					8.3 inches"||250 W|1x 6-pin|109-C44157-00C, C468|80.00 GFLOPS (1:16)|159 USD|||||||||||||
Radeon HD 7770M|/gpu-specs/radeon-hd-7770m.c1204|Chelsea|"Chelsea XT
										
(216-0834044)"|GCN 1.0|TSMC|28 nm|1,500 million|12.2M / mm²|123 mm²|FCBGA-962|Apr 24th, 2012|"London
(HD 7700M)"|Vancouver|Solar System|End-of-life|PCIe 2.0 x16||675 MHz|"1000 MHz
										
					4 Gbps effective"|1024 MB|GDDR5|128 bit|64.00 GB/s|512.0|32.0|16.0|8.0|16 KB (per CU)|256 KB|10.80 GPixel/s|21.60 GTexel/s|691.2 GFLOPS|32 W|Portable Device Dependent|12 (11_1)|4.6|2.1 (1.2)|1.2.170|6.5 (5.1)|||||||43.20 GFLOPS (1:16)||||||||||||||
Radeon HD 7850|/gpu-specs/radeon-hd-7850.c1055|Pitcairn|"Pitcairn PRO
										
(215-0828062)"|GCN 1.0|TSMC|28 nm|2,800 million|13.2M / mm²|212 mm²|FCBGA-1737|Mar 5th, 2012|"Southern Islands
(HD 7800)"|Northern Islands|Sea Islands|End-of-life|PCIe 3.0 x16|71 in our database|860 MHz|"1200 MHz
										
					4.8 Gbps effective"|2 GB|GDDR5|256 bit|153.6 GB/s|1024.0|64.0|32.0|16.0|16 KB (per CU)|512 KB|27.52 GPixel/s|55.04 GTexel/s|1.761 TFLOPS|130 W|1x DVI1x HDMI 1.4a2x mini-DisplayPort 1.2|12 (11_1)|4.6|2.1 (1.2)|1.2.170|6.5 (5.1)|Dual-slot|"210 mm
					8.3 inches"||300 W|1x 6-pin|109-C40147-00, 109-C40337-00A|110.1 GFLOPS (1:16)|249 USD|||||||||||||
Radeon HD 7850M|/gpu-specs/radeon-hd-7850m.c386|Heathrow|"Heathrow PRO
										
(216-0835063)"|GCN 1.0|TSMC|28 nm|1,500 million|12.2M / mm²|123 mm²|FCBGA-962|Apr 24th, 2012|"London
(HD 7800M)"|Vancouver|Solar System|End-of-life|PCIe 3.0 x16||675 MHz|"1000 MHz
										
					4 Gbps effective"|2 GB|GDDR5|128 bit|64.00 GB/s|640.0|40.0|16.0|10.0|16 KB (per CU)|256 KB|10.80 GPixel/s|27.00 GTexel/s|864.0 GFLOPS|40 W|Portable Device Dependent|12 (11_1)|4.6|2.1 (1.2)|1.2.170|6.5 (5.1)||||||C434|54.00 GFLOPS (1:16)||||||||||||||
Radeon HD 7870 GHz Edition|/gpu-specs/radeon-hd-7870-ghz-edition.c339|Pitcairn|"Pitcairn XT
										
(215-0828047)"|GCN 1.0|TSMC|28 nm|2,800 million|13.2M / mm²|212 mm²|FCBGA-1737|Mar 5th, 2012|"Southern Islands
(HD 7800)"|Northern Islands|Sea Islands|End-of-life|PCIe 3.0 x16|95 in our database|1000 MHz|"1200 MHz
										
					4.8 Gbps effective"|2 GB|GDDR5|256 bit|153.6 GB/s|1280.0|80.0|32.0|20.0|16 KB (per CU)|512 KB|32.00 GPixel/s|80.00 GTexel/s|2.560 TFLOPS|175 W|1x DVI1x HDMI 1.4a2x mini-DisplayPort 1.2|12 (11_1)|4.6|2.1 (1.2)|1.2.170|6.5 (5.1)|Dual-slot|"241 mm
					9.5 inches"||450 W|2x 6-pin|109-C40147-00, 109-C40147-00B|160.0 GFLOPS (1:16)|349 USD|||||||||||||
Radeon HD 7870 XT|/gpu-specs/radeon-hd-7870-xt.c1860|Tahiti|"Tahiti LE
										
(215-0821122)"|GCN 1.0|TSMC|28 nm|4,313 million|12.3M / mm²|352 mm²||Nov 19th, 2012|"Southern Islands
(HD 7800)"|Northern Islands|Sea Islands|End-of-life|PCIe 3.0 x16|95 in our database||"1500 MHz
										
					6 Gbps effective"|2 GB|GDDR5|256 bit|192.0 GB/s|1536.0|96.0|32.0|24.0|16 KB (per CU)|512 KB|31.20 GPixel/s|93.60 GTexel/s|2.995 TFLOPS|185 W|1x DVI1x HDMI 1.4a2x mini-DisplayPort 1.2|12 (11_1)|4.6|2.1 (1.2)|1.2.170|6.5 (5.1)|Dual-slot|"267 mm
					10.5 inches"||450 W|2x 6-pin|C474|748.8 GFLOPS (1:4)|270 USD||925 MHz|975 MHz||||||||||
Radeon HD 7870M|/gpu-specs/radeon-hd-7870m.c387|Heathrow|"Heathrow XT
										
(216-0835033)"|GCN 1.0|TSMC|28 nm|1,500 million|12.2M / mm²|123 mm²|FCBGA-962|Apr 24th, 2012|"London
(HD 7800M)"|Vancouver|Solar System|End-of-life|PCIe 3.0 x16||800 MHz|"1000 MHz
										
					4 Gbps effective"|2 GB|GDDR5|128 bit|64.00 GB/s|640.0|40.0|16.0|10.0|16 KB (per CU)|256 KB|12.80 GPixel/s|32.00 GTexel/s|1,024.0 GFLOPS|45 W|Portable Device Dependent|12 (11_1)|4.6|2.1 (1.2)|1.2.170|6.5 (5.1)|||||||64.00 GFLOPS (1:16)||||||||||||||
Radeon HD 7950|/gpu-specs/radeon-hd-7950.c307|Tahiti|"Tahiti PRO
										
(215-0821056)"|GCN 1.0|TSMC|28 nm|4,313 million|12.3M / mm²|352 mm²||Jan 31st, 2012|"Southern Islands
(HD 7900)"|Northern Islands|Sea Islands|End-of-life|PCIe 3.0 x16|118 in our database|800 MHz|"1250 MHz
										
					5 Gbps effective"|3 GB|GDDR5|384 bit|240.0 GB/s|1792.0|112.0|32.0|28.0|16 KB (per CU)|768 KB|25.60 GPixel/s|89.60 GTexel/s|2.867 TFLOPS|200 W|1x DVI1x HDMI 1.4a2x mini-DisplayPort 1.2|12 (11_1)|4.6|2.1 (1.2)|1.2.170|6.5 (5.1)|Dual-slot|"278 mm
					10.9 inches"|"111 mm
					4.4 inches"|550 W|2x 6-pin|109-C38637-00|716.8 GFLOPS (1:4)|449 USD|"38 mm
					1.5 inches"||||||||||||
Radeon HD 7950 Boost|/gpu-specs/radeon-hd-7950-boost.c1181|Tahiti|"Tahiti PRO2
										
(215-0821282)"|GCN 1.0|TSMC|28 nm|4,313 million|12.3M / mm²|352 mm²||Jun 22nd, 2012|"Southern Islands
(HD 7900)"|Northern Islands|Sea Islands|End-of-life|PCIe 3.0 x16|118 in our database||"1250 MHz
										
					5 Gbps effective"|3 GB|GDDR5|384 bit|240.0 GB/s|1792.0|112.0|32.0|28.0|16 KB (per CU)|768 KB|29.60 GPixel/s|103.6 GTexel/s|3.315 TFLOPS|200 W|1x DVI1x HDMI 1.4a2x mini-DisplayPort 1.2|12 (11_1)|4.6|2.1 (1.2)|1.2.170|6.5 (5.1)|Dual-slot|"275 mm
					10.8 inches"|"111 mm
					4.4 inches"|550 W|2x 6-pin|109-C38637-00|828.8 GFLOPS (1:4)|449 USD|"38 mm
					1.5 inches"|850 MHz|925 MHz||||||||||
Radeon HD 7950 Monica BIOS 1|/gpu-specs/radeon-hd-7950-monica-bios-1.c3076|Tahiti|"Tahiti PRO
										
(215-0821056)"|GCN 1.0|TSMC|28 nm|4,313 million|12.3M / mm²|352 mm²||Jan 31st, 2012|"Southern Islands
(HD 7900)"|Northern Islands|Sea Islands|End-of-life|PCIe 3.0 x16|118 in our database|925 MHz|"1250 MHz
										
					5 Gbps effective"|3 GB|GDDR5|384 bit|240.0 GB/s|1536.0|96.0|32.0|24.0|16 KB (per CU)|768 KB|29.60 GPixel/s|88.80 GTexel/s|2.842 TFLOPS|185 W|1x DVI1x HDMI 1.4a2x mini-DisplayPort 1.2|12 (11_1)|4.6|2.1 (1.2)|1.2.170|6.5 (5.1)|Dual-slot|"267 mm
					10.5 inches"||450 W|1x 6-pin + 1x 8-pin|C386|710.4 GFLOPS (1:4)||||||||||||||
Radeon HD 7950 Monica BIOS 2|/gpu-specs/radeon-hd-7950-monica-bios-2.c3077|Tahiti|"Tahiti PRO
										
(215-0821056)"|GCN 1.0|TSMC|28 nm|4,313 million|12.3M / mm²|352 mm²||Jan 31st, 2012|"Southern Islands
(HD 7900)"|Northern Islands|Sea Islands|End-of-life|PCIe 3.0 x16|118 in our database|800 MHz|"1250 MHz
										
					5 Gbps effective"|3 GB|GDDR5|384 bit|240.0 GB/s|768.0|48.0|32.0|12.0|16 KB (per CU)|768 KB|25.60 GPixel/s|38.40 GTexel/s|1,228.8 GFLOPS|85 W|1x DVI1x HDMI 1.4a2x mini-DisplayPort 1.2|12 (11_1)|4.6|2.1 (1.2)|1.2.170|6.5 (5.1)|Dual-slot|"267 mm
					10.5 inches"||250 W|1x 6-pin + 1x 8-pin|C386|307.2 GFLOPS (1:4)||||||||||||||
Radeon HD 7950M|/gpu-specs/radeon-hd-7950m.c1293|Wimbledon|Wimbledon PRO|GCN 1.0|TSMC|28 nm|2,800 million|13.2M / mm²|212 mm²|FCBGA-1737|Apr 24th, 2012|"London
(HD 7900M)"|Vancouver|Solar System|End-of-life|MXM-B (3.0)||700 MHz|"1000 MHz
										
					4 Gbps effective"|2 GB|GDDR5|256 bit|128.0 GB/s|1280.0|80.0|32.0|20.0|16 KB (per CU)|512 KB|22.40 GPixel/s|56.00 GTexel/s|1.792 TFLOPS|75 W|Portable Device Dependent|12 (11_1)|4.6|2.1 (1.2)|1.2.170|6.5 (5.1)|MXM Module||||||||||||||||||||
Radeon HD 7970|/gpu-specs/radeon-hd-7970.c296|Tahiti|"Tahiti XT
										
(215-0821060)"|GCN 1.0|TSMC|28 nm|4,313 million|12.3M / mm²|352 mm²||Jan 9th, 2012|"Southern Islands
(HD 7900)"|Northern Islands|Sea Islands|End-of-life|PCIe 3.0 x16|191 in our database|925 MHz|"1375 MHz
										
					5.5 Gbps effective"|3 GB|GDDR5|384 bit|264.0 GB/s|2048.0|128.0|32.0|32.0|16 KB (per CU)|768 KB|29.60 GPixel/s|118.4 GTexel/s|3.789 TFLOPS|250 W|1x DVI1x HDMI 1.4a2x mini-DisplayPort 1.2|12 (11_1)|4.6|2.1 (1.2)|1.2.170|6.5 (5.1)|Dual-slot|"275 mm
					10.8 inches"|"111 mm
					4.4 inches"|600 W|1x 6-pin + 1x 8-pin|109-C38637-00|947.2 GFLOPS (1:4)|549 USD|"38 mm
					1.5 inches"|||Dec 22nd, 2011|||||||||
Radeon HD 7970 GHz Edition|/gpu-specs/radeon-hd-7970-ghz-edition.c365|Tahiti|"Tahiti XT2
										
(215-0821065)"|GCN 1.0|TSMC|28 nm|4,313 million|12.3M / mm²|352 mm²||Jun 22nd, 2012|"Southern Islands
(HD 7900)"|Northern Islands|Sea Islands|End-of-life|PCIe 3.0 x16|191 in our database||"1500 MHz
										
					6 Gbps effective"|3 GB|GDDR5|384 bit|288.0 GB/s|2048.0|128.0|32.0|32.0|16 KB (per CU)|768 KB|33.60 GPixel/s|134.4 GTexel/s|4.301 TFLOPS|300 W|1x DVI1x HDMI 1.4a2x mini-DisplayPort 1.2|12 (11_1)|4.6|2.1 (1.2)|1.2.170|6.5 (5.1)|Dual-slot|"275 mm
					10.8 inches"|"111 mm
					4.4 inches"|700 W|1x 6-pin + 1x 8-pin|109-C38637-00|1,075.2 GFLOPS (1:4)|499 USD|"38 mm
					1.5 inches"|1000 MHz|1050 MHz||||||||||
Radeon HD 7970 X2|/gpu-specs/radeon-hd-7970-x2.c730|New Zealand|"New Zealand
										
(215-0821060)"|GCN 1.0|TSMC|28 nm|4,313 million|12.3M / mm²|352 mm²||Aug 31st, 2012|"Southern Islands
(HD 7900)"|Northern Islands|Sea Islands|End-of-life|PCIe 3.0 x16|37 in our database|925 MHz|"1375 MHz
										
					5.5 Gbps effective"|3 GB|GDDR5|384 bit|264.0 GB/s|2048.0|128.0|32.0|32.0|16 KB (per CU)|768 KB|29.60 GPixel/s|118.4 GTexel/s|3.789 TFLOPS|500 W|2x DVI1x HDMI 1.4a2x mini-DisplayPort 1.2|12 (11_1)|4.6|2.1 (1.2)|1.2.170|6.5 (5.1)|Triple-slot|"308 mm
					12.1 inches"|"137 mm
					5.4 inches"|900 W|3x 8-pin|C386|947.2 GFLOPS (1:4)|899 USD|"62 mm
					2.4 inches"||||||||||||
Radeon HD 7970M|/gpu-specs/radeon-hd-7970m.c388|Wimbledon|"Wimbledon XT
										
(216-0836036)"|GCN 1.0|TSMC|28 nm|2,800 million|13.2M / mm²|212 mm²|FCBGA-1737|Apr 24th, 2012|"London
(HD 7900M)"|Vancouver|Solar System|End-of-life|MXM-B (3.0)||850 MHz|"1200 MHz
										
					4.8 Gbps effective"|2 GB|GDDR5|256 bit|153.6 GB/s|1280.0|80.0|32.0|20.0|16 KB (per CU)|512 KB|27.20 GPixel/s|68.00 GTexel/s|2.176 TFLOPS|100 W|Portable Device Dependent|12 (11_1)|4.6|2.1 (1.2)|1.2.170|6.5 (5.1)|MXM Module|||||109-C42957-00B|136.0 GFLOPS (1:16)||||||||||||||
Radeon HD 7970M X2|/gpu-specs/radeon-hd-7970m-x2.c4125|Wimbledon|"Wimbledon XT
										
(216-0836036)"|GCN 1.0|TSMC|28 nm|2,800 million|13.2M / mm²|212 mm²|FCBGA-1737|Apr 24th, 2012|"London
(HD 7900M)"|Vancouver|Solar System|End-of-life|MXM-B (3.0)||850 MHz|"1200 MHz
										
					4.8 Gbps effective"|2 GB|GDDR5|256 bit|153.6 GB/s|1280.0|80.0|32.0|20.0|16 KB (per CU)|512 KB|27.20 GPixel/s|68.00 GTexel/s|2.176 TFLOPS|200 W|Portable Device Dependent|12 (11_1)|4.6|2.1 (1.2)|1.2.170|6.5 (5.1)|MXM Module|||||109-C42957-00B|136.0 GFLOPS (1:16)||||||||||||||
Wii U GPU|/gpu-specs/wii-u-gpu.c1903|Latte||TeraScale 2|Renesas|40 nm|880 million|6.0M / mm²|146 mm²||Nov 18th, 2012|"Console GPU
(Nintendo)"|||End-of-life|||550 MHz|"800 MHz
										
					1600 Mbps effective"|2 GB|DDR3|64 bit|12.80 GB/s|160.0|16.0|8.0|4.0|||4.400 GPixel/s|8.800 GTexel/s|176.0 GFLOPS|33 W|1x HDMI 1.4|||||5.0||"269 mm
					10.6 inches"|"172 mm
					6.8 inches"|||||349 USD|"46 mm
					1.8 inches"||||1.5 kg (3.3 lbs)||||||||
FirePro M4100|/gpu-specs/firepro-m4100.c2520|Mars|"Mars M2 PRO/LP
										
(216-0842009)"|GCN 1.0|TSMC|28 nm|950 million|12.3M / mm²|77 mm²|FCBGA-631/962|Oct 16th, 2013|"FirePro Mobile
(Mx100)"|FirePro Mobility|Radeon Pro Mobile|End-of-life|PCIe 3.0 x8|10 in our database|670 MHz|"1000 MHz
										
					4 Gbps effective"|2 GB|GDDR5|128 bit|64.00 GB/s|384.0|24.0|8.0|6.0|16 KB (per CU)|256 KB|5.360 GPixel/s|16.08 GTexel/s|514.6 GFLOPS|unknown|Portable Device Dependent|12 (11_1)|4.6|2.1 (1.2)|1.2.170|6.5 (5.1)|MXM Module||||||32.16 GFLOPS (1:16)||||||||||||||
FirePro M4150|/gpu-specs/firepro-m4150.c3033|Opal||GCN 1.0|TSMC|28 nm|950 million|12.3M / mm²|77 mm²|FCBGA-962|Oct 16th, 2013|"FirePro Mobile
(Mx100)"|FirePro Mobility|Radeon Pro Mobile|End-of-life|PCIe 3.0 x8|10 in our database|715 MHz|"1000 MHz
										
					4 Gbps effective"|1024 MB|GDDR5|128 bit|64.00 GB/s|384.0|24.0|8.0|6.0|16 KB (per CU)|256 KB|5.720 GPixel/s|17.16 GTexel/s|549.1 GFLOPS|unknown|Portable Device Dependent|12 (11_1)|4.6|2.1 (1.2)|1.2.170|6.5 (5.1)|MXM Module||||||34.32 GFLOPS (1:16)||||||||||||||
FirePro M5100|/gpu-specs/firepro-m5100.c2517|Venus|"Venus XT
										
(216-0846000)"|GCN 1.0|TSMC|28 nm|1,500 million|12.2M / mm²|123 mm²|FCBGA-962|Oct 16th, 2013|"FirePro Mobile
(Mx100)"|FirePro Mobility|Radeon Pro Mobile|End-of-life|MXM-A (3.0)|10 in our database||"1125 MHz
										
					4.5 Gbps effective"|2 GB|GDDR5|128 bit|72.00 GB/s|640.0|40.0|16.0|10.0|16 KB (per CU)|256 KB|12.40 GPixel/s|31.00 GTexel/s|992.0 GFLOPS|unknown|Portable Device Dependent|12 (11_1)|4.6|2.1 (1.2)|1.2.170|6.5 (5.1)|MXM Module||||||62.00 GFLOPS (1:16)|||725 MHz|775 MHz||||||||||
FirePro M6100|/gpu-specs/firepro-m6100.c2516|Saturn|"Saturn XT GL
										
(216-0843006)"|GCN 2.0|TSMC|28 nm|2,080 million|13.0M / mm²|160 mm²|FCBGA-1093|Oct 16th, 2013|"FirePro Mobile
(Mx100)"|FirePro Mobility|Radeon Pro Mobile|End-of-life|MXM-B (3.0)||1075 MHz|"1375 MHz
										
					5.5 Gbps effective"|2 GB|GDDR5|128 bit|88.00 GB/s|768.0|48.0|16.0|12.0|16 KB (per CU)|256 KB|17.20 GPixel/s|51.60 GTexel/s|1.651 TFLOPS|unknown|Portable Device Dependent|12 (12_0)|4.6|2.1|1.2.170|6.5|MXM Module|||||109-C600A1-00C_02|103.2 GFLOPS (1:16)||||||||||||||
FirePro R5000|/gpu-specs/firepro-r5000.c2037|Pitcairn|Pitcairn LE GL|GCN 1.0|TSMC|28 nm|2,800 million|13.2M / mm²|212 mm²|FCBGA-1737|Feb 25th, 2013|FirePro Remote||Radeon Sky|End-of-life|PCIe 3.0 x16||825 MHz|"800 MHz
										
					3.2 Gbps effective"|2 GB|GDDR5|256 bit|102.4 GB/s|768.0|48.0|32.0|12.0|16 KB (per CU)|512 KB|26.40 GPixel/s|39.60 GTexel/s|1,267.2 GFLOPS|150 W|2x mini-DisplayPort 1.2|12 (11_1)|4.6|2.1 (1.2)|1.2.170|6.5 (5.1)|Single-slot|"279 mm
					11 inches"|"111 mm
					4.4 inches"|450 W|1x 6-pin||79.20 GFLOPS (1:16)|1,099 USD|||||||||||||
FirePro W5000 DVI|/gpu-specs/firepro-w5000-dvi.c2036|Pitcairn|Pitcairn LE GL|GCN 1.0|TSMC|28 nm|2,800 million|13.2M / mm²|212 mm²|FCBGA-1737|Feb 25th, 2013|"FirePro GCN
(Wx000)"|FirePro Terascale|Radeon Pro Polaris|End-of-life|PCIe 3.0 x16||825 MHz|"800 MHz
										
					3.2 Gbps effective"|2 GB|GDDR5|256 bit|102.4 GB/s|768.0|48.0|32.0|12.0|16 KB (per CU)|512 KB|26.40 GPixel/s|39.60 GTexel/s|1,267.2 GFLOPS|75 W|2x DVI|12 (11_1)|4.6|2.1 (1.2)|1.2.170|6.5 (5.1)|Single-slot|"190 mm
					7.5 inches"|"111 mm
					4.4 inches"|250 W||109-C40481-00_02|79.20 GFLOPS (1:16)|599 USD|||||||||||||
Playstation 4 GPU|/gpu-specs/playstation-4-gpu.c2085|Liverpool|CXD90026BG|GCN 2.0|TSMC|28 nm|unknown||348 mm²||Nov 24th, 2013|"Console GPU
(Sony)"|||End-of-life|||800 MHz|"1375 MHz
										
					5.5 Gbps effective"|8 GB|GDDR5|256 bit|176.0 GB/s|1152.0|72.0|32.0|18.0|||25.60 GPixel/s|57.60 GTexel/s|1.843 TFLOPS|75 W|1x HDMI 1.4a|11.1*|4.6|1.2|1.1|5.1||"305 mm
					12 inches"|"275 mm
					10.8 inches"|||||399 USD|"53 mm
					2.1 inches"||||2.8 kg (6.2 lbs)|1.843 TFLOPS (1:1)|500 GB / 1 TB HDD||||||
Radeon HD 6610|/gpu-specs/radeon-hd-6610.c2264|Redwood|"Redwood PRO
										
(215-0757004)"|TeraScale 2|TSMC|40 nm|627 million|6.0M / mm²|104 mm²|FCBGA-962|Mar 20th, 2013|"Northern Islands
(HD 6600)"|Evergreen|Southern Islands|End-of-life|PCIe 2.0 x16||650 MHz|"800 MHz
										
					1600 Mbps effective"|1024 MB|GDDR3|128 bit|25.60 GB/s|400.0|20.0|8.0|5.0|8 KB (per CU)|256 KB|5.200 GPixel/s|13.00 GTexel/s|520.0 GFLOPS|39 W|1x DVI1x HDMI 1.3a1x VGA|11.2 (11_0)|4.4|1.2||5.0|Single-slot|"165 mm
					6.5 inches"||200 W|||||||||||||||||
Radeon HD 6770 Green Edition|/gpu-specs/radeon-hd-6770-green-edition.c2354|Juniper|"Juniper LE
										
(215-0754009)"|TeraScale 2|TSMC|40 nm|1,040 million|6.3M / mm²|166 mm²|FCBGA-962|Apr 19th, 2013|"Northern Islands
(HD 6700)"|Evergreen|Southern Islands|End-of-life|PCIe 2.0 x16||700 MHz|"667 MHz
										
					1334 Mbps effective"|2 GB|GDDR3|128 bit|21.34 GB/s|720.0|36.0|16.0|9.0|8 KB (per CU)|256 KB|11.20 GPixel/s|25.20 GTexel/s|1,008.0 GFLOPS|86 W|2x DVI1x HDMI 1.3a2x mini-DisplayPort 1.1|11.2 (11_0)|4.4|1.2||5.0|Dual-slot|"170 mm
					6.7 inches"||250 W|||||||||||||||||
Radeon HD 6870 1600SP Edition|/gpu-specs/radeon-hd-6870-1600sp-edition.c2218|Cypress|"Cypress XT
										
(215-0735033)"|TeraScale 2|TSMC|40 nm|2,154 million|6.4M / mm²|334 mm²||Jan 14th, 2013|"Northern Islands
(HD 6800)"|Evergreen|Southern Islands|End-of-life|PCIe 2.0 x16|170 in our database|850 MHz|"1050 MHz
										
					4.2 Gbps effective"|1024 MB|GDDR5|256 bit|134.4 GB/s|1600.0|80.0|32.0|20.0|8 KB (per CU)|512 KB|27.20 GPixel/s|68.00 GTexel/s|2.720 TFLOPS|175 W|2x DVI1x HDMI 1.3a2x mini-DisplayPort 1.1|11.2 (11_0)|4.4|1.2||5.0|Dual-slot|"282 mm
					11.1 inches"||450 W|2x 6-pin|C008, E140|544.0 GFLOPS (1:5)||||||||||||||
Radeon HD 7510 OEM|/gpu-specs/radeon-hd-7510-oem.c2138|Turks|Turks LE|TeraScale 2|TSMC|40 nm|716 million|6.1M / mm²|118 mm²|FCBGA-962|Feb 1st, 2013|"Southern Islands
(HD 7500)"|Northern Islands|Sea Islands|End-of-life|PCIe 2.0 x16||650 MHz|"667 MHz
										
					1334 Mbps effective"|1024 MB|GDDR3|128 bit|21.34 GB/s|320.0|16.0|4.0|4.0|8 KB (per CU)|256 KB|2.600 GPixel/s|10.40 GTexel/s|416.0 GFLOPS|39 W|1x DVI1x HDMI 1.3a1x VGA|11.2 (11_0)|4.4|1.2||5.0|Single-slot|"165 mm
					6.5 inches"||200 W||C333|||||||||||||||
Radeon HD 7570 OEM|/gpu-specs/radeon-hd-7570-oem.c2393|Redwood|"Redwood PRO
										
(215-0757004)"|TeraScale 2|TSMC|40 nm|627 million|6.0M / mm²|104 mm²|FCBGA-962|Mar 20th, 2013|"Southern Islands
(HD 7500)"|Northern Islands|Sea Islands|End-of-life|PCIe 2.0 x16||650 MHz|"800 MHz
										
					1600 Mbps effective"|1024 MB|GDDR3|128 bit|25.60 GB/s|400.0|20.0|8.0|5.0|8 KB (per CU)|256 KB|5.200 GPixel/s|13.00 GTexel/s|520.0 GFLOPS|39 W|1x DVI1x HDMI 1.3a1x VGA|11.2 (11_0)|4.4|1.2||5.0|Single-slot|"165 mm
					6.5 inches"||200 W||C029|||||||||||||||
Radeon HD 7690M XT|/gpu-specs/radeon-hd-7690m-xt.c382|Thames|"Thames M2 XTX
										
(216-0833132)"|TeraScale 2|TSMC|40 nm|716 million|6.1M / mm²|118 mm²|FCBGA-631/962|Jan 7th, 2013|"London
(HD 7600M)"|Vancouver|Solar System|End-of-life|PCIe 2.0 x16||725 MHz|"900 MHz
										
					3.6 Gbps effective"|2 GB|GDDR5|128 bit|57.60 GB/s|480.0|24.0|16.0|6.0|8 KB (per CU)|256 KB|11.60 GPixel/s|17.40 GTexel/s|696.0 GFLOPS|25 W|Portable Device Dependent|11.2 (11_0)|4.4|1.2||5.0|||||||||||||||||||||
Radeon HD 7720 OEM|/gpu-specs/radeon-hd-7720-oem.c2208|Barts|"Barts LE
										
(215-0798002)"|TeraScale 2|TSMC|40 nm|1,700 million|6.7M / mm²|255 mm²|HFCBGA-1737|Mar 15th, 2013|"Southern Islands
(HD 7700)"|Northern Islands|Sea Islands|End-of-life|PCIe 2.0 x16||840 MHz|"1050 MHz
										
					4.2 Gbps effective"|1024 MB|GDDR5|256 bit|134.4 GB/s|800.0|40.0|32.0|10.0|8 KB (per CU)|512 KB|26.88 GPixel/s|33.60 GTexel/s|1,344.0 GFLOPS|150 W|2x DVI1x HDMI 1.3a1x DisplayPort 1.1|11.2 (11_0)|4.4|1.2||5.0|Dual-slot|"198 mm
					7.8 inches"||450 W|||||||||||||||||
Radeon HD 7730|/gpu-specs/radeon-hd-7730.c2127|Cape Verde|"Cape Verde LE
										
(215-0825090)"|GCN 1.0|TSMC|28 nm|1,500 million|12.2M / mm²|123 mm²|FCBGA-962|May 1st, 2013|"Southern Islands
(HD 7700)"|Northern Islands|Sea Islands|End-of-life|PCIe 3.0 x16|11 in our database|800 MHz|"1125 MHz
										
					4.5 Gbps effective"|1024 MB|GDDR5|128 bit|72.00 GB/s|384.0|24.0|8.0|6.0|16 KB (per CU)|256 KB|6.400 GPixel/s|19.20 GTexel/s|614.4 GFLOPS|47 W|1x DVI1x HDMI 1.4a1x DisplayPort 1.2|12 (11_1)|4.6|2.1 (1.2)|1.2.170|6.5 (5.1)|Single-slot|"168 mm
					6.6 inches"||200 W||109-C44537-00C, 109-C44557-00, C575|38.40 GFLOPS (1:16)|59 USD|||||||||||||
Radeon HD 7790|/gpu-specs/radeon-hd-7790.c2100|Bonaire|"Bonaire XT
										
(215-0839039)"|GCN 2.0|TSMC|28 nm|2,080 million|13.0M / mm²|160 mm²|FCBGA-1093|Mar 22nd, 2013|"Southern Islands
(HD 7700)"|Northern Islands|Sea Islands|End-of-life|PCIe 3.0 x16|93 in our database|1000 MHz|"1500 MHz
										
					6 Gbps effective"|1024 MB|GDDR5|128 bit|96.00 GB/s|896.0|56.0|16.0|14.0|16 KB (per CU)|256 KB|16.00 GPixel/s|56.00 GTexel/s|1.792 TFLOPS|85 W|1x DVI1x HDMI 1.4a2x mini-DisplayPort 1.2|12 (12_0)|4.6|2.1|1.2.170|6.5|Dual-slot|"183 mm
					7.2 inches"||250 W|1x 6-pin|109-C58247-00|112.0 GFLOPS (1:16)|149 USD|||||||||||||
Radeon HD 7950 Mac Edition|/gpu-specs/radeon-hd-7950-mac-edition.c2142|Tahiti|"Tahiti PRO
										
(215-0821056)"|GCN 1.0|TSMC|28 nm|4,313 million|12.3M / mm²|352 mm²||Mar 7th, 2013|"Southern Islands
(HD 7900)"|Northern Islands|Sea Islands|End-of-life|PCIe 3.0 x16|118 in our database|800 MHz|"1250 MHz
										
					5 Gbps effective"|3 GB|GDDR5|384 bit|240.0 GB/s|1792.0|112.0|32.0|28.0|16 KB (per CU)|768 KB|25.60 GPixel/s|89.60 GTexel/s|2.867 TFLOPS|200 W|1x DVI1x HDMI 1.4a2x mini-DisplayPort 1.2|12 (11_1)|4.6|2.1 (1.2)|1.2.170|6.5 (5.1)|Dual-slot|"279 mm
					11 inches"||550 W|2x 6-pin|109-C38637-00|716.8 GFLOPS (1:4)|449 USD|||||||||||||
Radeon HD 7990|/gpu-specs/radeon-hd-7990.c2126|Malta|"Malta XT
										
(215-0849026)"|GCN 1.0|TSMC|28 nm|4,313 million|11.8M / mm²|365 mm²||Apr 24th, 2013|"Southern Islands
(HD 7900)"|Northern Islands|Sea Islands|End-of-life|PCIe 3.0 x16|37 in our database||"1500 MHz
										
					6 Gbps effective"|3 GB|GDDR5|384 bit|288.0 GB/s|2048.0|128.0|32.0|32.0|16 KB (per CU)|768 KB|32.00 GPixel/s|128.0 GTexel/s|4.096 TFLOPS|375 W|1x DVI4x mini-DisplayPort 1.2|12 (11_1)|4.6|2.1 (1.2)|1.2.175|6.5 (5.1)|Dual-slot|"304 mm
					12 inches"|"106 mm
					4.2 inches"|750 W|2x 8-pin|109-C47637-00A_02|1,024.0 GFLOPS (1:4)|999 USD|"38 mm
					1.5 inches"|950 MHz|1000 MHz||||||||||
Radeon HD 8180 IGP|/gpu-specs/radeon-hd-8180-igp.c2200|Kalindi|Kalindi LP|GCN 2.0|TSMC|28 nm|1,178 million|10.7M / mm²|110 mm²||Nov 2013|"GCN 2.0 IGP
(Temash Mobile)"|TeraScale 3 IGP|GCN 3.0 IGP|End-of-life|IGP||225 MHz|System Shared|System Shared|System Shared|System Shared|System Dependent|128.0|8.0|4.0|2.0|||900.0 MPixel/s|1.800 GTexel/s|57.60 GFLOPS|4 W|Portable Device Dependent|12 (12_0)|4.6|2.1|1.2.170|6.5|IGP||||||3.600 GFLOPS (1:16)||||||||||||||
Radeon HD 8210E|/gpu-specs/radeon-hd-8210e.c2201|Kalindi||GCN 2.0|TSMC|28 nm|1,178 million|10.7M / mm²|110 mm²||Apr 23rd, 2013|"GCN 2.0 IGP
(Kabini Mobile)"|TeraScale 3 IGP|GCN 3.0 IGP|End-of-life|IGP||300 MHz|System Shared|System Shared|System Shared|System Shared|System Dependent|128.0|8.0|4.0|2.0|||1.200 GPixel/s|2.400 GTexel/s|76.80 GFLOPS|9 W|Portable Device Dependent|12 (12_0)|4.6|2.1|1.2.170|6.5|IGP||||||4.800 GFLOPS (1:16)||||||||||||||
Radeon HD 8240 Mobile IGP|/gpu-specs/radeon-hd-8240-mobile-igp.c2202|Kalindi|Kalindi LP|GCN 2.0|TSMC|28 nm|1,178 million|10.7M / mm²|110 mm²||Nov 1st, 2013|"GCN 2.0 IGP
(Kabini Mobile)"|TeraScale 3 IGP|GCN 3.0 IGP|End-of-life|IGP||400 MHz|System Shared|System Shared|System Shared|System Shared|System Dependent|128.0|8.0|4.0|2.0|||1.600 GPixel/s|3.200 GTexel/s|102.4 GFLOPS|15 W|Portable Device Dependent|12 (12_0)|4.6|2.1|1.2.170|6.5|IGP||||||6.400 GFLOPS (1:16)||||||||||||||
Radeon HD 8250 IGP|/gpu-specs/radeon-hd-8250-igp.c2403|Kalindi|Kalindi LP|GCN 2.0|TSMC|28 nm|1,178 million|10.7M / mm²|110 mm²||May 23rd, 2013|"GCN 2.0 IGP
(Temash Mobile)"|TeraScale 3 IGP|GCN 3.0 IGP|End-of-life|IGP|||System Shared|System Shared|System Shared|System Shared|System Dependent|128.0|8.0|4.0|2.0|||1.600 GPixel/s|3.200 GTexel/s|102.4 GFLOPS|8 W|Portable Device Dependent|12 (12_0)|4.6|2.1|1.2.170|6.5|IGP||||||6.400 GFLOPS (1:16)|||300 MHz|400 MHz||||||||||
Radeon HD 8280 IGP|/gpu-specs/radeon-hd-8280-igp.c2204|Kalindi||GCN 2.0|TSMC|28 nm|1,178 million|10.7M / mm²|110 mm²||Sep 18th, 2013|"GCN 2.0 IGP
(Kabini)"|TeraScale 3 IGP|GCN 3.0 IGP|End-of-life|IGP||450 MHz|System Shared|System Shared|System Shared|System Shared|System Dependent|128.0|8.0|4.0|2.0|||1.800 GPixel/s|3.600 GTexel/s|115.2 GFLOPS|15 W|Motherboard Dependent|12 (12_0)|4.6|2.1|1.2.170|6.5|IGP||||||7.200 GFLOPS (1:16)||||||||||||||
Radeon HD 8280 Mobile IGP|/gpu-specs/radeon-hd-8280-mobile-igp.c3609|Kalindi||GCN 2.0|TSMC|28 nm|1,178 million|10.7M / mm²|110 mm²||Sep 18th, 2013|"GCN 2.0 IGP
(Kabini Mobile)"|TeraScale 3 IGP|GCN 3.0 IGP|End-of-life|IGP||450 MHz|System Shared|System Shared|System Shared|System Shared|System Dependent|128.0|8.0|4.0|2.0|||1.800 GPixel/s|3.600 GTexel/s|115.2 GFLOPS|15 W|Portable Device Dependent|12 (12_0)|4.6|2.1|1.2.170|6.5|IGP||||||7.200 GFLOPS (1:16)||||||||||||||
Radeon HD 8280E|/gpu-specs/radeon-hd-8280e.c2197|Kalindi||GCN 2.0|TSMC|28 nm|1,178 million|10.7M / mm²|110 mm²||Apr 23rd, 2013|"GCN 2.0 IGP
(Kabini Mobile)"|TeraScale 3 IGP|GCN 3.0 IGP|End-of-life|IGP||450 MHz|System Shared|System Shared|System Shared|System Shared|System Dependent|128.0|8.0|4.0|2.0|||1.800 GPixel/s|3.600 GTexel/s|115.2 GFLOPS|15 W|Portable Device Dependent|12 (12_0)|4.6|2.1|1.2.170|6.5|IGP||||||7.200 GFLOPS (1:16)||||||||||||||
Radeon HD 8310G IGP|/gpu-specs/radeon-hd-8310g-igp.c2193|Scrapper Lite||TeraScale 3|GlobalFoundries|32 nm|1,303 million|5.3M / mm²|246 mm²|µPGA-722/904|Jul 2013|"TeraScale 3 IGP
(Richland Mobile)"|TeraScale 2 IGP|GCN 2.0 IGP|End-of-life|IGP|||System Shared|System Shared|System Shared|System Shared|System Dependent|128.0|8.0|4.0|2.0|||2.216 GPixel/s|4.432 GTexel/s|141.8 GFLOPS|20 W|Portable Device Dependent|11.2 (11_0)|4.4|1.2||5.0|IGP|||||||||424 MHz|554 MHz||||||||||
Radeon HD 8330 Mobile IGP|/gpu-specs/radeon-hd-8330-mobile-igp.c2205|Kalindi||GCN 2.0|TSMC|28 nm|1,178 million|10.7M / mm²|110 mm²||Aug 13th, 2013|"GCN 2.0 IGP
(Kabini Mobile)"|TeraScale 3 IGP|GCN 3.0 IGP|End-of-life|IGP||497 MHz|System Shared|System Shared|System Shared|System Shared|System Dependent|128.0|8.0|4.0|2.0|||1.988 GPixel/s|3.976 GTexel/s|127.2 GFLOPS|15 W|Portable Device Dependent|12 (12_0)|4.6|2.1|1.2.170|6.5|IGP||||||7.952 GFLOPS (1:16)||||||||||||||
Radeon HD 8330E|/gpu-specs/radeon-hd-8330e.c2198|Kalindi||GCN 2.0|TSMC|28 nm|1,178 million|10.7M / mm²|110 mm²||Apr 23rd, 2013|"GCN 2.0 IGP
(Kabini Mobile)"|TeraScale 3 IGP|GCN 3.0 IGP|End-of-life|IGP||497 MHz|System Shared|System Shared|System Shared|System Shared|System Dependent|128.0|8.0|4.0|2.0|||1.988 GPixel/s|3.976 GTexel/s|127.2 GFLOPS|15 W|Portable Device Dependent|12 (12_0)|4.6|2.1|1.2.170|6.5|IGP||||||7.952 GFLOPS (1:16)||||||||||||||
Radeon HD 8350 OEM|/gpu-specs/radeon-hd-8350-oem.c1976|Cedar||TeraScale 2|TSMC|40 nm|292 million|4.9M / mm²|59 mm²|FCBGA-631|Jan 8th, 2013|"Sea Islands
(HD 8300)"|Southern Islands|Volcanic Islands|End-of-life|PCIe 2.0 x16||650 MHz|"667 MHz
										
					1334 Mbps effective"|1024 MB|DDR3|64 bit|10.67 GB/s|80.0|8.0|4.0|2.0|8 KB (per CU)|128 KB|2.600 GPixel/s|5.200 GTexel/s|104.0 GFLOPS|19 W|1x DVI1x HDMI 1.3a|11.2 (11_0)|4.4|1.2||5.0|Single-slot|"168 mm
					6.6 inches"||200 W||C026, C027, C090|||||||||||||||
Radeon HD 8350G IGP|/gpu-specs/radeon-hd-8350g-igp.c2188|Scrapper Lite||TeraScale 3|GlobalFoundries|32 nm|1,303 million|5.3M / mm²|246 mm²|µPGA-722/904|Mar 12th, 2013|"TeraScale 3 IGP
(Richland Mobile)"|TeraScale 2 IGP|GCN 2.0 IGP|End-of-life|IGP|||System Shared|System Shared|System Shared|System Shared|System Dependent|128.0|8.0|4.0|2.0|||2.880 GPixel/s|5.760 GTexel/s|184.3 GFLOPS|35 W|Portable Device Dependent|11.2 (11_0)|4.4|1.2||5.0|IGP|||||||||514 MHz|720 MHz||||||||||
Radeon HD 8370D IGP|/gpu-specs/radeon-hd-8370d-igp.c2000|Scrapper Lite||TeraScale 3|GlobalFoundries|32 nm|1,303 million|5.3M / mm²|246 mm²|µPGA-722/904|Jul 2013|"TeraScale 3 IGP
(Richland)"|TeraScale 2 IGP|GCN 2.0 IGP|End-of-life|IGP||760 MHz|System Shared|System Shared|System Shared|System Shared|System Dependent|128.0|8.0|4.0|2.0|||3.040 GPixel/s|6.080 GTexel/s|194.6 GFLOPS|65 W|Motherboard Dependent|11.2 (11_0)|4.4|1.2||5.0|IGP||||||||||||||||||||
Radeon HD 8400 IGP|/gpu-specs/radeon-hd-8400-igp.c2206|Kalindi||GCN 2.0|TSMC|28 nm|1,178 million|10.7M / mm²|110 mm²||Nov 23rd, 2013|"GCN 2.0 IGP
(Kabini)"|TeraScale 3 IGP|GCN 3.0 IGP|End-of-life|IGP||600 MHz|System Shared|System Shared|System Shared|System Shared|System Dependent|128.0|8.0|4.0|2.0|||2.400 GPixel/s|4.800 GTexel/s|153.6 GFLOPS|25 W|Motherboard Dependent|12 (12_0)|4.6|2.1|1.2.170|6.5|IGP||||||9.600 GFLOPS (1:16)||||||||||||||
Radeon HD 8400 Mobile IGP|/gpu-specs/radeon-hd-8400-mobile-igp.c3608|Kalindi||GCN 2.0|TSMC|28 nm|1,178 million|10.7M / mm²|110 mm²||Nov 23rd, 2013|"GCN 2.0 IGP
(Kabini Mobile)"|TeraScale 3 IGP|GCN 3.0 IGP|End-of-life|IGP||600 MHz|System Shared|System Shared|System Shared|System Shared|System Dependent|128.0|8.0|4.0|2.0|||2.400 GPixel/s|4.800 GTexel/s|153.6 GFLOPS|25 W|Portable Device Dependent|12 (12_0)|4.6|2.1|1.2.170|6.5|IGP||||||9.600 GFLOPS (1:16)||||||||||||||
Radeon HD 8400E|/gpu-specs/radeon-hd-8400e.c2195|Kalindi||GCN 2.0|TSMC|28 nm|1,178 million|10.7M / mm²|110 mm²||Apr 23rd, 2013|"GCN 2.0 IGP
(Kabini Mobile)"|TeraScale 3 IGP|GCN 3.0 IGP|End-of-life|IGP||600 MHz|System Shared|System Shared|System Shared|System Shared|System Dependent|128.0|8.0|4.0|2.0|||2.400 GPixel/s|4.800 GTexel/s|153.6 GFLOPS|25 W|Portable Device Dependent|12 (12_0)|4.6|2.1|1.2.170|6.5|IGP||||||9.600 GFLOPS (1:16)||||||||||||||
Radeon HD 8410G IGP|/gpu-specs/radeon-hd-8410g-igp.c2192|Scrapper||TeraScale 3|GlobalFoundries|32 nm|1,303 million|5.3M / mm²|246 mm²|µPGA-722/904|May 23rd, 2013|"TeraScale 3 IGP
(Richland Mobile)"|TeraScale 2 IGP|GCN 2.0 IGP|End-of-life|IGP|||System Shared|System Shared|System Shared|System Shared|System Dependent|192.0|12.0|4.0|3.0|||2.400 GPixel/s|7.200 GTexel/s|230.4 GFLOPS|35 W|Portable Device Dependent|11.2 (11_0)|4.4|1.2||5.0|IGP|||||||||450 MHz|600 MHz||||||||||
Radeon HD 8450 OEM|/gpu-specs/radeon-hd-8450-oem.c1977|Caicos|Caicos PRO-L|TeraScale 2|TSMC|40 nm|370 million|5.5M / mm²|67 mm²|FCBGA-631|Jan 8th, 2013|"Sea Islands
(HD 8400)"|Southern Islands|Volcanic Islands|End-of-life|PCIe 2.0 x16||625 MHz|"667 MHz
										
					1334 Mbps effective"|1024 MB|DDR3|64 bit|10.67 GB/s|160.0|8.0|4.0|2.0|8 KB (per CU)|128 KB|2.500 GPixel/s|5.000 GTexel/s|200.0 GFLOPS|18 W|1x DVI1x HDMI 1.3a1x VGA|11.2 (11_0)|4.4|1.2||5.0|Single-slot|"168 mm
					6.6 inches"||200 W|||||||||||||||||
Radeon HD 8450G IGP|/gpu-specs/radeon-hd-8450g-igp.c2187|Scrapper||TeraScale 3|GlobalFoundries|32 nm|1,303 million|5.3M / mm²|246 mm²|µPGA-722/904|May 23rd, 2013|"TeraScale 3 IGP
(Richland Mobile)"|TeraScale 2 IGP|GCN 2.0 IGP|End-of-life|IGP|||System Shared|System Shared|System Shared|System Shared|System Dependent|192.0|12.0|4.0|3.0|||2.880 GPixel/s|8.640 GTexel/s|276.5 GFLOPS|35 W|Portable Device Dependent|11.2 (11_0)|4.4|1.2||5.0|IGP|||||||||533 MHz|720 MHz||||||||||
Radeon HD 8470 OEM|/gpu-specs/radeon-hd-8470-oem.c1978|Caicos|"Caicos XT
										
(215-0804070)"|TeraScale 2|TSMC|40 nm|370 million|5.5M / mm²|67 mm²|FCBGA-631|Jan 8th, 2013|"Sea Islands
(HD 8400)"|Southern Islands|Volcanic Islands|End-of-life|PCIe 2.0 x16||775 MHz|"800 MHz
										
					3.2 Gbps effective"|1024 MB|GDDR5|64 bit|25.60 GB/s|160.0|8.0|4.0|2.0|8 KB (per CU)|128 KB|3.100 GPixel/s|6.200 GTexel/s|248.0 GFLOPS|35 W|1x DVI1x HDMI 1.3a|11.2 (11_0)|4.4|1.2||5.0|Single-slot|"168 mm
					6.6 inches"||200 W||C264|||||||||||||||
Radeon HD 8470D IGP|/gpu-specs/radeon-hd-8470d-igp.c2001|Scrapper||TeraScale 3|GlobalFoundries|32 nm|1,303 million|5.3M / mm²|246 mm²|µPGA-722/904|Jul 29th, 2013|"TeraScale 3 IGP
(Richland)"|TeraScale 2 IGP|GCN 2.0 IGP|End-of-life|IGP||800 MHz|System Shared|System Shared|System Shared|System Shared|System Dependent|192.0|12.0|4.0|3.0|||3.200 GPixel/s|9.600 GTexel/s|307.2 GFLOPS|65 W|Motherboard Dependent|11.2 (11_0)|4.4|1.2||5.0|IGP||||||||||||||||||||
Radeon HD 8490 OEM|/gpu-specs/radeon-hd-8490-oem.c2038|Caicos|Caicos XTX|TeraScale 2|TSMC|40 nm|370 million|5.5M / mm²|67 mm²|FCBGA-631|Jul 23rd, 2013|"Sea Islands
(HD 8400)"|Southern Islands|Volcanic Islands|End-of-life|PCIe 2.0 x16||875 MHz|"900 MHz
										
					1800 Mbps effective"|1024 MB|DDR3|64 bit|14.40 GB/s|160.0|8.0|4.0|2.0|8 KB (per CU)|128 KB|3.500 GPixel/s|7.000 GTexel/s|280.0 GFLOPS|35 W|1x DVI1x DisplayPort 1.1|11.2 (11_0)|4.4|1.2||5.0|Single-slot|"168 mm
					6.6 inches"||200 W||C369, C553|||||||||||||||
Radeon HD 8510 OEM|/gpu-specs/radeon-hd-8510-oem.c2545|Turks|"Turks PRO
										
(215-0803002)"|TeraScale 2|TSMC|40 nm|716 million|6.1M / mm²|118 mm²|FCBGA-962|Jul 23rd, 2013|"Sea Islands
(HD 8500)"|Southern Islands|Volcanic Islands|End-of-life|PCIe 2.0 x16||650 MHz|"800 MHz
										
					1600 Mbps effective"|1024 MB|GDDR3|128 bit|25.60 GB/s|480.0|24.0|8.0|6.0|8 KB (per CU)|256 KB|5.200 GPixel/s|15.60 GTexel/s|624.0 GFLOPS|60 W|1x DVI1x HDMI 1.3a1x VGA|11.2 (11_0)|4.4|1.2||5.0|Single-slot|||250 W|||||||||||||||||
Radeon HD 8510 OEM|/gpu-specs/radeon-hd-8510-oem.c2360|Redwood|"Redwood PRO
										
(215-0757004)"|TeraScale 2|TSMC|40 nm|627 million|6.0M / mm²|104 mm²|FCBGA-962|Apr 24th, 2013|"Sea Islands
(HD 8500)"|Southern Islands|Volcanic Islands|End-of-life|PCIe 2.0 x16||650 MHz|"500 MHz
										
					1000 Mbps effective"|1024 MB|GDDR3|128 bit|16.00 GB/s|400.0|20.0|8.0|5.0|8 KB (per CU)|256 KB|5.200 GPixel/s|13.00 GTexel/s|520.0 GFLOPS|39 W|1x DVI1x HDMI 1.3a1x VGA|11.2 (11_0)|4.4|1.2||5.0|Single-slot|"165 mm
					6.5 inches"||200 W|||||||||||||||||
Radeon HD 8510G IGP|/gpu-specs/radeon-hd-8510g-igp.c2191|Devastator||TeraScale 3|GlobalFoundries|32 nm|1,303 million|5.3M / mm²|246 mm²|µPGA-722/904|May 23rd, 2013|"TeraScale 3 IGP
(Richland Mobile)"|TeraScale 2 IGP|GCN 2.0 IGP|End-of-life|IGP||554 MHz|System Shared|System Shared|System Shared|System Shared|System Dependent|384.0|24.0|8.0|6.0|||4.432 GPixel/s|13.30 GTexel/s|425.5 GFLOPS|35 W|Portable Device Dependent|11.2 (11_0)|4.4|1.2||5.0|IGP||||||||||||||||||||
Radeon HD 8550 OEM|/gpu-specs/radeon-hd-8550-oem.c2515|Turks|"Turks PRO
										
(215-0803002)"|TeraScale 2|TSMC|40 nm|716 million|6.1M / mm²|118 mm²|FCBGA-962|Oct 25th, 2013|"Sea Islands
(HD 8500)"|Southern Islands|Volcanic Islands|End-of-life|PCIe 2.0 x16||650 MHz|"800 MHz
										
					1600 Mbps effective"|1024 MB|GDDR3|128 bit|25.60 GB/s|480.0|24.0|8.0|6.0|8 KB (per CU)|256 KB|5.200 GPixel/s|15.60 GTexel/s|624.0 GFLOPS|60 W|1x DVI1x HDMI 1.3a1x VGA|11.2 (11_0)|4.4|1.2||5.0|Single-slot|||250 W|||||||||||||||||
Radeon HD 8550D IGP|/gpu-specs/radeon-hd-8550d-igp.c2411|Scrapper||TeraScale 3|GlobalFoundries|32 nm|1,303 million|5.3M / mm²|246 mm²|µPGA-722/904|May 23rd, 2013|"TeraScale 3 IGP
(Richland)"|TeraScale 2 IGP|GCN 2.0 IGP|End-of-life|IGP|||System Shared|System Shared|System Shared|System Shared|System Dependent|256.0|16.0|8.0|4.0|||6.752 GPixel/s|13.50 GTexel/s|432.1 GFLOPS|65 W|Motherboard Dependent|11.2 (11_0)|4.4|1.2||5.0|IGP|||||||||720 MHz|844 MHz||||||||||
Radeon HD 8550G IGP|/gpu-specs/radeon-hd-8550g-igp.c2186|Devastator Lite||TeraScale 3|GlobalFoundries|32 nm|1,303 million|5.3M / mm²|246 mm²|µPGA-722/904|May 23rd, 2013|"TeraScale 3 IGP
(Richland Mobile)"|TeraScale 2 IGP|GCN 2.0 IGP|End-of-life|IGP|||System Shared|System Shared|System Shared|System Shared|System Dependent|256.0|16.0|8.0|4.0|||5.280 GPixel/s|10.56 GTexel/s|337.9 GFLOPS|35 W|Portable Device Dependent|11.2 (11_0)|4.4|1.2||5.0|IGP|||||||||515 MHz|660 MHz||||||||||
Radeon HD 8570 OEM|/gpu-specs/radeon-hd-8570-oem.c1974|Oland||GCN 1.0|TSMC|28 nm|950 million|12.3M / mm²|77 mm²|FCBGA-962|Jan 8th, 2013|"Sea Islands
(HD 8500)"|Southern Islands|Volcanic Islands|End-of-life|PCIe 3.0 x8|||"900 MHz
										
					1800 Mbps effective"|2 GB|GDDR3|128 bit|28.80 GB/s|384.0|24.0|8.0|6.0|16 KB (per CU)|256 KB|6.240 GPixel/s|18.72 GTexel/s|599.0 GFLOPS|50 W|1x DVI1x DisplayPort 1.2|12 (11_1)|4.6|2.1 (1.2)|1.2.170|6.5 (5.1)|Single-slot|||250 W||109-C55237-00_02, 109-C55257-01_02|37.44 GFLOPS (1:16)|||730 MHz|780 MHz||||||||||
Radeon HD 8570 OEM Rebrand|/gpu-specs/radeon-hd-8570-oem-rebrand.c2435|Turks|"Turks PRO
										
(215-0803002)"|TeraScale 2|TSMC|40 nm|716 million|6.1M / mm²|118 mm²|FCBGA-962|Jul 23rd, 2013|"Sea Islands
(HD 8500)"|Southern Islands|Volcanic Islands|End-of-life|PCIe 2.0 x16||650 MHz|"800 MHz
										
					1600 Mbps effective"|1024 MB|GDDR3|128 bit|25.60 GB/s|480.0|24.0|8.0|6.0|8 KB (per CU)|256 KB|5.200 GPixel/s|15.60 GTexel/s|624.0 GFLOPS|60 W|1x DVI1x HDMI 1.3a1x VGA|11.2 (11_0)|4.4|1.2||5.0|Single-slot|||250 W|||||||||||||||||
Radeon HD 8570A|/gpu-specs/radeon-hd-8570a.c2509|Sun|"Sun M2 PRO
										
(216-0841000)"|GCN 1.0|TSMC|28 nm|690 million|12.3M / mm²|56 mm²|FCBGA-631/962|Mar 1st, 2013|"All-In-One
(HD 8000)"|||End-of-life|MXM-A (3.0)|||"1000 MHz
										
					2 Gbps effective"|1024 MB|DDR3|64 bit|16.00 GB/s|320.0|20.0|8.0|5.0|16 KB (per CU)|128 KB|6.600 GPixel/s|16.50 GTexel/s|528.0 GFLOPS|unknown|Portable Device Dependent|12 (11_1)|4.6|2.1 (1.2)|1.2.170|6.5 (5.1)|MXM Module||||||33.00 GFLOPS (1:16)|||750 MHz|825 MHz||||||||||
Radeon HD 8570D IGP|/gpu-specs/radeon-hd-8570d-igp.c2002|Devastator Lite||TeraScale 3|GlobalFoundries|32 nm|1,303 million|5.3M / mm²|246 mm²|µPGA-722/904|Jul 10th, 2013|"TeraScale 3 IGP
(Richland)"|TeraScale 2 IGP|GCN 2.0 IGP|End-of-life|IGP||800 MHz|System Shared|System Shared|System Shared|System Shared|System Dependent|256.0|16.0|8.0|4.0|||6.400 GPixel/s|12.80 GTexel/s|409.6 GFLOPS|65 W|Motherboard Dependent|11.2 (11_0)|4.4|1.2||5.0|IGP||||||||||||||||||||
Radeon HD 8570M|/gpu-specs/radeon-hd-8570m.c1948|Sun|"Sun S3 PRO
										
(216-0841018)"|GCN 1.0|TSMC|28 nm|690 million|12.3M / mm²|56 mm²|FCBGA-631/962|Mar 1st, 2013|"Solar System
(HD 8500M)"|London|Gem System|End-of-life|PCIe 3.0 x8|||"1000 MHz
										
					2 Gbps effective"|1024 MB|DDR3|64 bit|16.00 GB/s|320.0|20.0|8.0|5.0|16 KB (per CU)|128 KB|6.600 GPixel/s|16.50 GTexel/s|528.0 GFLOPS|unknown|Portable Device Dependent|12 (11_1)|4.6|2.1 (1.2)|1.2.170|6.5 (5.1)|||||||33.00 GFLOPS (1:16)|||750 MHz|825 MHz||||||||||
Radeon HD 8590M|/gpu-specs/radeon-hd-8590m.c1969|Sun|"Sun S3 PRO
										
(216-0841018)"|GCN 1.0|TSMC|28 nm|690 million|12.3M / mm²|56 mm²|FCBGA-631/962|Mar 1st, 2013|"Solar System
(HD 8500M)"|London|Gem System|End-of-life|PCIe 3.0 x8|||"1125 MHz
										
					4.5 Gbps effective"|1024 MB|GDDR5|64 bit|36.00 GB/s|320.0|20.0|8.0|5.0|16 KB (per CU)|128 KB|6.600 GPixel/s|16.50 GTexel/s|528.0 GFLOPS|unknown|Portable Device Dependent|12 (11_1)|4.6|2.1 (1.2)|1.2.170|6.5 (5.1)|||||||33.00 GFLOPS (1:16)|||750 MHz|825 MHz||||||||||
Radeon HD 8610G IGP|/gpu-specs/radeon-hd-8610g-igp.c2190|Devastator||TeraScale 3|GlobalFoundries|32 nm|1,303 million|5.3M / mm²|246 mm²|µPGA-722/904|May 23rd, 2013|"TeraScale 3 IGP
(Richland Mobile)"|TeraScale 2 IGP|GCN 2.0 IGP|End-of-life|IGP|||System Shared|System Shared|System Shared|System Shared|System Dependent|384.0|24.0|8.0|6.0|||5.008 GPixel/s|15.02 GTexel/s|480.8 GFLOPS|35 W|Portable Device Dependent|11.2 (11_0)|4.4|1.2||5.0|IGP|||||||||533 MHz|626 MHz||||||||||
Radeon HD 8650D IGP|/gpu-specs/radeon-hd-8650d-igp.c2412|Scrapper||TeraScale 3|GlobalFoundries|32 nm|1,303 million|5.3M / mm²|246 mm²|µPGA-722/904|Dec 28th, 2013|"TeraScale 3 IGP
(Richland)"|TeraScale 2 IGP|GCN 2.0 IGP|End-of-life|IGP|||System Shared|System Shared|System Shared|System Shared|System Dependent|384.0|24.0|8.0|4.0|16 KB (per CU)|256 KB|6.752 GPixel/s|20.26 GTexel/s|648.2 GFLOPS|65 W|Motherboard Dependent|11.2 (11_0)|4.4|1.2||5.0|IGP|||||||||720 MHz|844 MHz||||||||||
Radeon HD 8650G IGP|/gpu-specs/radeon-hd-8650g-igp.c2185|Devastator||TeraScale 3|GlobalFoundries|32 nm|1,303 million|5.3M / mm²|246 mm²|µPGA-722/904|May 23rd, 2013|"TeraScale 3 IGP
(Richland Mobile)"|TeraScale 2 IGP|GCN 2.0 IGP|End-of-life|IGP|||System Shared|System Shared|System Shared|System Shared|System Dependent|384.0|24.0|8.0|6.0|||5.760 GPixel/s|17.28 GTexel/s|553.0 GFLOPS|35 W|Portable Device Dependent|11.2 (11_0)|4.4|1.2||5.0|IGP|||||||||533 MHz|720 MHz||||||||||
Radeon HD 8670 OEM|/gpu-specs/radeon-hd-8670-oem.c1853|Oland|"Oland XT
										
(215-0837006)"|GCN 1.0|TSMC|28 nm|950 million|12.3M / mm²|77 mm²|FCBGA-962|Jan 8th, 2013|"Sea Islands
(HD 8600)"|Southern Islands|Volcanic Islands|End-of-life|PCIe 3.0 x8|||"1150 MHz
										
					4.6 Gbps effective"|2 GB|GDDR5|128 bit|73.60 GB/s|384.0|24.0|8.0|6.0|16 KB (per CU)|256 KB|8.400 GPixel/s|25.20 GTexel/s|806.4 GFLOPS|75 W|1x DVI1x HDMI 1.4a1x VGA|12 (11_1)|4.6|2.1 (1.2)|1.2.170|6.5 (5.1)|Single-slot|||250 W||C550|50.40 GFLOPS (1:16)|||1000 MHz|1050 MHz||||||||||
Radeon HD 8670A|/gpu-specs/radeon-hd-8670a.c2443|Sun|"Sun M2 XT
										
(216-0841027)"|GCN 1.0|TSMC|28 nm|690 million|12.3M / mm²|56 mm²|FCBGA-631/962|Feb 2nd, 2013|"All-In-One
(HD 8000)"|||End-of-life|MXM-A (3.0)||600 MHz|"1000 MHz
										
					2 Gbps effective"|1024 MB|DDR3|64 bit|16.00 GB/s|320.0|20.0|8.0|5.0|16 KB (per CU)|128 KB|4.800 GPixel/s|12.00 GTexel/s|384.0 GFLOPS|45 W|Portable Device Dependent|12 (11_1)|4.6|2.1 (1.2)|1.2.170|6.5 (5.1)|MXM Module||||||24.00 GFLOPS (1:16)||||||||||||||
Radeon HD 8670A|/gpu-specs/radeon-hd-8670a.c2101|Mars|"Mars M2 XT
										
(216-0842000)"|GCN 1.0|TSMC|28 nm|950 million|12.3M / mm²|77 mm²|FCBGA-631/962|Feb 2nd, 2013|"All-In-One
(HD 8000)"|||End-of-life|MXM-A (3.0)||600 MHz|"1000 MHz
										
					2 Gbps effective"|1024 MB|DDR3|64 bit|16.00 GB/s|384.0|24.0|8.0|6.0|16 KB (per CU)|128 KB|4.800 GPixel/s|14.40 GTexel/s|460.8 GFLOPS|45 W|Portable Device Dependent|12 (11_1)|4.6|2.1 (1.2)|1.2.170|6.5 (5.1)|MXM Module||||||28.80 GFLOPS (1:16)||||||||||||||
Radeon HD 8670D IGP|/gpu-specs/radeon-hd-8670d-igp.c2003|Devastator||TeraScale 3|GlobalFoundries|32 nm|1,303 million|5.3M / mm²|246 mm²|µPGA-722/904|Mar 12th, 2013|"TeraScale 3 IGP
(Richland)"|TeraScale 2 IGP|GCN 2.0 IGP|End-of-life|IGP||844 MHz|System Shared|System Shared|System Shared|System Shared|System Dependent|384.0|24.0|8.0|6.0|||6.752 GPixel/s|20.26 GTexel/s|648.2 GFLOPS|100 W|Motherboard Dependent|11.2 (11_0)|4.4|1.2||5.0|IGP||||||||||||||||||||
Radeon HD 8670M|/gpu-specs/radeon-hd-8670m.c2391|Mars|"Mars S3 XT
										
(216-0842018)"|GCN 1.0|TSMC|28 nm|950 million|12.3M / mm²|77 mm²|FCBGA-631/962|Mar 1st, 2013|"Solar System
(HD 8600M)"|London|Gem System|End-of-life|PCIe 3.0 x8|||"900 MHz
										
					1800 Mbps effective"|1024 MB|DDR3|64 bit|14.40 GB/s|384.0|24.0|8.0|6.0|16 KB (per CU)|128 KB|6.600 GPixel/s|19.80 GTexel/s|633.6 GFLOPS|unknown|Portable Device Dependent|12 (11_1)|4.6|2.1 (1.2)|1.2.170|6.5 (5.1)||||||||||775 MHz|825 MHz||||||||||
Radeon HD 8670M|/gpu-specs/radeon-hd-8670m.c1950|Sun|"Sun S3 XT
										
(216-0841009)"|GCN 1.0|TSMC|28 nm|690 million|12.3M / mm²|56 mm²|FCBGA-631/962|Mar 1st, 2013|"Solar System
(HD 8600M)"|London|Gem System|End-of-life|PCIe 3.0 x8|||"900 MHz
										
					1800 Mbps effective"|1024 MB|DDR3|64 bit|14.40 GB/s|320.0|20.0|8.0|5.0|16 KB (per CU)|128 KB|7.800 GPixel/s|19.50 GTexel/s|624.0 GFLOPS|unknown|Portable Device Dependent|12 (11_1)|4.6|2.1 (1.2)|1.2.170|6.5 (5.1)|||||||39.00 GFLOPS (1:16)|||925 MHz|975 MHz||||||||||
Radeon HD 8690M|/gpu-specs/radeon-hd-8690m.c1949|Sun|"Sun S3 XT
										
(216-0841009)"|GCN 1.0|TSMC|28 nm|690 million|12.3M / mm²|56 mm²|FCBGA-631/962|Mar 1st, 2013|"Solar System
(HD 8600M)"|London|Gem System|End-of-life|PCIe 3.0 x8|||"1000 MHz
										
					4 Gbps effective"|2 GB|GDDR5|64 bit|32.00 GB/s|320.0|20.0|8.0|5.0|16 KB (per CU)|128 KB|7.800 GPixel/s|19.50 GTexel/s|624.0 GFLOPS|unknown|Portable Device Dependent|12 (11_1)|4.6|2.1 (1.2)|1.2.170|6.5 (5.1)|||||||39.00 GFLOPS (1:16)|||925 MHz|975 MHz||||||||||
Radeon HD 8730 OEM|/gpu-specs/radeon-hd-8730-oem.c2401|Cape Verde|"Cape Verde LE
										
(215-0825090)"|GCN 1.0|TSMC|28 nm|1,500 million|12.2M / mm²|123 mm²|FCBGA-962|Sep 5th, 2013|"Sea Islands
(HD 8700)"|Southern Islands|Volcanic Islands|End-of-life|PCIe 3.0 x16||800 MHz|"1125 MHz
										
					4.5 Gbps effective"|1024 MB|GDDR5|128 bit|72.00 GB/s|384.0|24.0|8.0|6.0|16 KB (per CU)|256 KB|6.400 GPixel/s|19.20 GTexel/s|614.4 GFLOPS|47 W|1x DVI1x HDMI 1.4a1x DisplayPort 1.2|12 (11_1)|4.6|2.1 (1.2)|1.2.170|6.5 (5.1)|Single-slot|||200 W|||38.40 GFLOPS (1:16)||||||||||||||
Radeon HD 8730A|/gpu-specs/radeon-hd-8730a.c2810|Mars|"Mars M2 LP
										
(216-0842009)"|GCN 1.0|TSMC|28 nm|950 million|12.3M / mm²|77 mm²|FCBGA-631/962|Apr 1st, 2013|"All-In-One
(HD 8000)"|||End-of-life|PCIe 3.0 x8|||"1000 MHz
										
					2 Gbps effective"|1024 MB|DDR3|128 bit|32.00 GB/s|384.0|24.0|8.0|6.0|16 KB (per CU)|256 KB|5.600 GPixel/s|16.80 GTexel/s|537.6 GFLOPS|unknown|Portable Device Dependent|12 (11_1)|4.6|2.1 (1.2)|1.2.170|6.5 (5.1)|||||||33.60 GFLOPS (1:16)|||650 MHz|700 MHz||||||||||
Radeon HD 8730M|/gpu-specs/radeon-hd-8730m.c1967|Mars|"Mars S3 PRO
										
(216-0842027)"|GCN 1.0|TSMC|28 nm|950 million|12.3M / mm²|77 mm²|FCBGA-631/962|Apr 1st, 2013|"Solar System
(HD 8700M)"|London|Gem System|End-of-life|PCIe 3.0 x8|||"900 MHz
										
					1800 Mbps effective"|2 GB|DDR3|128 bit|28.80 GB/s|384.0|24.0|8.0|6.0|16 KB (per CU)|256 KB|5.600 GPixel/s|16.80 GTexel/s|537.6 GFLOPS|unknown|Portable Device Dependent|12 (11_1)|4.6|2.1 (1.2)|1.2.170|6.5 (5.1)|||||||33.60 GFLOPS (1:16)|||650 MHz|700 MHz||||||||||
Radeon HD 8740 OEM|/gpu-specs/radeon-hd-8740-oem.c2508|Cape Verde|"Cape Verde PRO
										
(215-0825156)"|GCN 1.0|TSMC|28 nm|1,500 million|12.2M / mm²|123 mm²|FCBGA-962|Sep 5th, 2013|"Sea Islands
(HD 8700)"|Southern Islands|Volcanic Islands|End-of-life|PCIe 3.0 x16||800 MHz|"1125 MHz
										
					4.5 Gbps effective"|1024 MB|GDDR5|128 bit|72.00 GB/s|512.0|32.0|16.0|8.0|16 KB (per CU)|256 KB|12.80 GPixel/s|25.60 GTexel/s|819.2 GFLOPS|55 W|1x DVI1x HDMI 1.4a1x DisplayPort 1.2|12 (11_1)|4.6|2.1 (1.2)|1.2.170|6.5 (5.1)|Single-slot|"168 mm
					6.6 inches"||250 W||C445|51.20 GFLOPS (1:16)|109 USD|||||||||||||
Radeon HD 8750A|/gpu-specs/radeon-hd-8750a.c2651|Mars|"Mars M2 XT
										
(216-0842000)"|GCN 1.0|TSMC|28 nm|950 million|12.3M / mm²|77 mm²|FCBGA-631/962|Feb 2nd, 2013|"All-In-One
(HD 8000)"|||End-of-life|MXM-A (3.0)||600 MHz|"1000 MHz
										
					2 Gbps effective"|1024 MB|DDR3|64 bit|16.00 GB/s|384.0|24.0|8.0|6.0|16 KB (per CU)|128 KB|4.800 GPixel/s|14.40 GTexel/s|460.8 GFLOPS|45 W|Portable Device Dependent|12 (11_1)|4.6|2.1 (1.2)|1.2.170|6.5 (5.1)|MXM Module||||||28.80 GFLOPS (1:16)||||||||||||||
Radeon HD 8750M|/gpu-specs/radeon-hd-8750m.c4062|Mars|"Mars M2 PRO/LP
										
(216-0842009)"|GCN 1.0|TSMC|28 nm|950 million|12.3M / mm²|77 mm²|FCBGA-631/962|Feb 26th, 2013|"Solar System
(HD 8700M)"|London|Gem System|End-of-life|PCIe 3.0 x8||670 MHz|"1000 MHz
										
					4 Gbps effective"|1024 MB|GDDR5|128 bit|64.00 GB/s|384.0|24.0|8.0|6.0|16 KB (per CU)|256 KB|5.360 GPixel/s|16.08 GTexel/s|514.6 GFLOPS|unknown|Portable Device Dependent|12 (11_1)|4.6|2.1 (1.2)|1.2.170|6.5 (5.1)|||||||32.16 GFLOPS (1:16)||||||||||||||
Radeon HD 8750M|/gpu-specs/radeon-hd-8750m.c1968|Mars|"Mars S3 XT
										
(216-0842018)"|GCN 1.0|TSMC|28 nm|950 million|12.3M / mm²|77 mm²|FCBGA-631/962|Feb 26th, 2013|"Solar System
(HD 8700M)"|London|Gem System|End-of-life|PCIe 3.0 x8|||"900 MHz
										
					1800 Mbps effective"|1024 MB|DDR3|128 bit|28.80 GB/s|384.0|24.0|8.0|6.0|16 KB (per CU)|256 KB|6.600 GPixel/s|19.80 GTexel/s|633.6 GFLOPS|unknown|Portable Device Dependent|12 (11_1)|4.6|2.1 (1.2)|1.2.170|6.5 (5.1)|||||||39.60 GFLOPS (1:16)|||775 MHz|825 MHz||||||||||
Radeon HD 8760 OEM|/gpu-specs/radeon-hd-8760-oem.c1964|Cape Verde|Latte XT|GCN 1.0|TSMC|28 nm|1,500 million|12.2M / mm²|123 mm²|FCBGA-962|Jan 8th, 2013|"Sea Islands
(HD 8700)"|Southern Islands|Volcanic Islands|End-of-life|PCIe 3.0 x16||1000 MHz|"1125 MHz
										
					4.5 Gbps effective"|2 GB|GDDR5|128 bit|72.00 GB/s|640.0|40.0|16.0|10.0|16 KB (per CU)|256 KB|16.00 GPixel/s|40.00 GTexel/s|1,280.0 GFLOPS|80 W|1x DVI1x HDMI 1.4a1x DisplayPort 1.2|12 (11_1)|4.6|2.1 (1.2)|1.2.170|6.5 (5.1)|Dual-slot|"210 mm
					8.3 inches"||250 W|1x 6-pin|109-C46857-00|80.00 GFLOPS (1:16)||||||||||||||
Radeon HD 8770 OEM|/gpu-specs/radeon-hd-8770-oem.c1979|Bonaire|"Bonaire XT
										
(215-0839039)"|GCN 2.0|TSMC|28 nm|2,080 million|13.0M / mm²|160 mm²|FCBGA-1093|Sep 2nd, 2013|"Sea Islands
(HD 8700)"|Southern Islands|Volcanic Islands|End-of-life|PCIe 3.0 x16||1050 MHz|"1500 MHz
										
					6 Gbps effective"|1024 MB|GDDR5|128 bit|96.00 GB/s|896.0|56.0|16.0|14.0|16 KB (per CU)|256 KB|16.80 GPixel/s|58.80 GTexel/s|1.882 TFLOPS|85 W|1x DVI1x HDMI 1.4a2x mini-DisplayPort 1.2|12 (12_0)|4.6|2.1|1.2.170|6.5|Dual-slot|"183 mm
					7.2 inches"||250 W|1x 6-pin|109-C58247-00|117.6 GFLOPS (1:16)||||||||||||||
Radeon HD 8770M|/gpu-specs/radeon-hd-8770m.c1893|Mars|"Mars S3 XT
										
(216-0842018)"|GCN 1.0|TSMC|28 nm|950 million|12.3M / mm²|77 mm²|FCBGA-631/962|Apr 1st, 2013|"Solar System
(HD 8700M)"|London|Gem System|End-of-life|PCIe 3.0 x8|||"1125 MHz
										
					4.5 Gbps effective"|2 GB|GDDR5|128 bit|72.00 GB/s|384.0|24.0|8.0|6.0|16 KB (per CU)|256 KB|6.600 GPixel/s|19.80 GTexel/s|633.6 GFLOPS|unknown|Portable Device Dependent|12 (11_1)|4.6|2.1 (1.2)|1.2.170|6.5 (5.1)|||||||39.60 GFLOPS (1:16)|||775 MHz|825 MHz||||||||||
Radeon HD 8790M|/gpu-specs/radeon-hd-8790m.c1798|Mars|"Mars M2 XTX
										
(216-0842036)"|GCN 1.0|TSMC|28 nm|950 million|12.3M / mm²|77 mm²|FCBGA-631/962|Apr 1st, 2013|"Solar System
(HD 8700M)"|London|Gem System|End-of-life|MXM-A (3.0)|||"1000 MHz
										
					4 Gbps effective"|2 GB|GDDR5|128 bit|64.00 GB/s|384.0|24.0|8.0|6.0|16 KB (per CU)|256 KB|7.200 GPixel/s|21.60 GTexel/s|691.2 GFLOPS|unknown|Portable Device Dependent|12 (11_1)|4.6|2.1 (1.2)|1.2.170|6.5 (5.1)|MXM Module|||||109-C61557-00_02|43.20 GFLOPS (1:16)|||850 MHz|900 MHz||||||||||
Radeon HD 8830M|/gpu-specs/radeon-hd-8830m.c1895|Venus|"Venus LE
										
(216-0846030)"|GCN 1.0|TSMC|28 nm|1,500 million|12.2M / mm²|123 mm²|FCBGA-962|Apr 1st, 2013|"Solar System
(HD 8800M)"|London|Gem System|End-of-life|PCIe 3.0 x16|||"1000 MHz
										
					2 Gbps effective"|2 GB|DDR3|128 bit|32.00 GB/s|640.0|40.0|16.0|10.0|16 KB (per CU)|256 KB|10.00 GPixel/s|25.00 GTexel/s|800.0 GFLOPS|unknown|Portable Device Dependent|12 (11_1)|4.6|2.1 (1.2)|1.2.170|6.5 (5.1)|||||||50.00 GFLOPS (1:16)|||575 MHz|625 MHz||||||||||
Radeon HD 8850M|/gpu-specs/radeon-hd-8850m.c1896|Venus|"Venus PRO
										
(216-0846009)"|GCN 1.0|TSMC|28 nm|1,500 million|12.2M / mm²|123 mm²|FCBGA-962|Apr 1st, 2013|"Solar System
(HD 8800M)"|London|Gem System|End-of-life|PCIe 3.0 x16|||"1000 MHz
										
					4 Gbps effective"|2 GB|GDDR5|128 bit|64.00 GB/s|640.0|40.0|16.0|10.0|16 KB (per CU)|256 KB|10.00 GPixel/s|25.00 GTexel/s|800.0 GFLOPS|unknown|Portable Device Dependent|12 (11_1)|4.6|2.1 (1.2)|1.2.170|6.5 (5.1)|||||||50.00 GFLOPS (1:16)|||575 MHz|625 MHz||||||||||
Radeon HD 8860 OEM|/gpu-specs/radeon-hd-8860-oem.c2390|Curacao|"Curacao PRO
										
(215-0848000)"|GCN 1.0|TSMC|28 nm|2,800 million|13.2M / mm²|212 mm²|FCBGA-1737|Jan 8th, 2013|"Sea Islands
(HD 8800)"|Southern Islands|Volcanic Islands|End-of-life|PCIe 3.0 x16||925 MHz|"1400 MHz
										
					5.6 Gbps effective"|2 GB|GDDR5|256 bit|179.2 GB/s|1280.0|80.0|32.0|20.0|16 KB (per CU)|512 KB|29.60 GPixel/s|74.00 GTexel/s|2.368 TFLOPS|175 W|1x DVI1x HDMI 1.4a2x mini-DisplayPort 1.2|12 (11_1)|4.6|2.1 (1.2)|1.2.170|6.5 (5.1)|Dual-slot|"241 mm
					9.5 inches"||450 W|1x 6-pin|C630, C632|148.0 GFLOPS (1:16)||||||||||||||
Radeon HD 8870 OEM|/gpu-specs/radeon-hd-8870-oem.c2461|Pitcairn|"Pitcairn XT
										
(215-0828047)"|GCN 1.0|TSMC|28 nm|2,800 million|13.2M / mm²|212 mm²|FCBGA-1737|Jan 8th, 2013|"Sea Islands
(HD 8800)"|Southern Islands|Volcanic Islands|End-of-life|PCIe 3.0 x16||1000 MHz|"1200 MHz
										
					4.8 Gbps effective"|2 GB|GDDR5|256 bit|153.6 GB/s|1280.0|80.0|32.0|20.0|16 KB (per CU)|512 KB|32.00 GPixel/s|80.00 GTexel/s|2.560 TFLOPS|175 W|1x DVI1x HDMI 1.4a2x mini-DisplayPort 1.2|12 (11_1)|4.6|2.1 (1.2)|1.2.170|6.5 (5.1)|Dual-slot|"241 mm
					9.5 inches"||450 W|2x 6-pin|109-C40157-00|160.0 GFLOPS (1:16)||||||||||||||
Radeon HD 8870M|/gpu-specs/radeon-hd-8870m.c1898|Venus|"Venus XT
										
(216-0846000)"|GCN 1.0|TSMC|28 nm|1,500 million|12.2M / mm²|123 mm²|FCBGA-962|Apr 1st, 2013|"Solar System
(HD 8800M)"|London|Gem System|End-of-life|PCIe 3.0 x16|||"1125 MHz
										
					4.5 Gbps effective"|2 GB|GDDR5|128 bit|72.00 GB/s|640.0|40.0|16.0|10.0|16 KB (per CU)|256 KB|12.40 GPixel/s|31.00 GTexel/s|992.0 GFLOPS|unknown|Portable Device Dependent|12 (11_1)|4.6|2.1 (1.2)|1.2.170|6.5 (5.1)|||||||62.00 GFLOPS (1:16)|||725 MHz|775 MHz||||||||||
Radeon HD 8950 OEM|/gpu-specs/radeon-hd-8950-oem.c1971|Tahiti|"Tahiti PRO
										
(215-0821056)"|GCN 1.0|TSMC|28 nm|4,313 million|12.3M / mm²|352 mm²||Jan 8th, 2013|"Sea Islands
(HD 8900)"|Southern Islands|Volcanic Islands|End-of-life|PCIe 3.0 x16|||"1250 MHz
										
					5 Gbps effective"|3 GB|GDDR5|384 bit|240.0 GB/s|1792.0|112.0|32.0|28.0|16 KB (per CU)|768 KB|29.60 GPixel/s|103.6 GTexel/s|3.315 TFLOPS|200 W|1x DVI1x HDMI 1.4a2x mini-DisplayPort 1.2|12 (11_1)|4.6|2.1 (1.2)|1.2.170|6.5 (5.1)|Dual-slot|"267 mm
					10.5 inches"||550 W|2x 6-pin|109-C38637-00|828.8 GFLOPS (1:4)|||850 MHz|925 MHz||||||||||
Radeon HD 8950M|/gpu-specs/radeon-hd-8950m.c3219|Saturn|"Saturn XT
										
(216-0843024)"|GCN 2.0|TSMC|28 nm|2,080 million|13.0M / mm²|160 mm²|FCBGA-1093|May 14th, 2013|"Solar System
(HD 8900M)"|London|Gem System|End-of-life|PCIe 3.0 x16||1075 MHz|"1375 MHz
										
					5.5 Gbps effective"|2 GB|GDDR5|128 bit|88.00 GB/s|768.0|48.0|16.0|12.0|16 KB (per CU)|256 KB|17.20 GPixel/s|51.60 GTexel/s|1.651 TFLOPS|100 W|Portable Device Dependent|12 (12_0)|4.6|2.1|1.2.170|6.5|MXM Module||||||103.2 GFLOPS (1:16)||||||||||||||
Radeon HD 8970 OEM|/gpu-specs/radeon-hd-8970-oem.c1972|Tahiti|"Tahiti XT
										
(215-0821060)"|GCN 1.0|TSMC|28 nm|4,313 million|12.3M / mm²|352 mm²||Jan 8th, 2013|"Sea Islands
(HD 8900)"|Southern Islands|Volcanic Islands|End-of-life|PCIe 3.0 x16||925 MHz|"1375 MHz
										
					5.5 Gbps effective"|3 GB|GDDR5|384 bit|264.0 GB/s|2048.0|128.0|32.0|32.0|16 KB (per CU)|768 KB|29.60 GPixel/s|118.4 GTexel/s|3.789 TFLOPS|250 W|1x DVI1x HDMI 1.4a2x mini-DisplayPort 1.2|12 (11_1)|4.6|2.1 (1.2)|1.2.170|6.5 (5.1)|Dual-slot|"274 mm
					10.8 inches"||600 W|1x 6-pin + 1x 8-pin|C386|947.2 GFLOPS (1:4)||||||||||||||
Radeon HD 8970M|/gpu-specs/radeon-hd-8970m.c1966|Neptune|"Neptune XT
										
(216-0847000)"|GCN 1.0|TSMC|28 nm|2,800 million|13.2M / mm²|212 mm²|FCBGA-1737|May 14th, 2013|"Solar System
(HD 8900M)"|London|Gem System|End-of-life|PCIe 3.0 x16|||"1200 MHz
										
					4.8 Gbps effective"|4 GB|GDDR5|256 bit|153.6 GB/s|1280.0|80.0|32.0|20.0|16 KB (per CU)|512 KB|28.80 GPixel/s|72.00 GTexel/s|2.304 TFLOPS|100 W|Portable Device Dependent|12 (11_1)|4.6|2.1 (1.2)|1.2.170|6.5 (5.1)|MXM Module||||||144.0 GFLOPS (1:16)|||850 MHz|900 MHz||||||||||
Radeon HD 8990 OEM|/gpu-specs/radeon-hd-8990-oem.c2389|Malta|"Malta XT
										
(215-0849026)"|GCN 1.0|TSMC|28 nm|4,313 million|11.8M / mm²|365 mm²||Apr 24th, 2013|"Sea Islands
(HD 8900)"|Southern Islands|Volcanic Islands|End-of-life|PCIe 3.0 x16|||"1500 MHz
										
					6 Gbps effective"|3 GB|GDDR5|384 bit|288.0 GB/s|2048.0|128.0|32.0|32.0|16 KB (per CU)|768 KB|32.00 GPixel/s|128.0 GTexel/s|4.096 TFLOPS|375 W|1x DVI4x mini-DisplayPort 1.2|12 (11_1)|4.6|2.1 (1.2)|1.2.175|6.5 (5.1)|Dual-slot|"307 mm
					12.1 inches"||750 W|2x 8-pin|C476|1,024.0 GFLOPS (1:4)|||950 MHz|1000 MHz||||||||||
Radeon R5 220 OEM|/gpu-specs/radeon-r5-220-oem.c2544|Cedar|"Cedar PRO
										
(215-0767003)"|TeraScale 2|TSMC|40 nm|292 million|4.9M / mm²|59 mm²|FCBGA-631|Dec 21st, 2013|"Volcanic Islands
(R5 200)"|Sea Islands|Pirate Islands|End-of-life|PCIe 2.0 x16||650 MHz|"533 MHz
										
					1066 Mbps effective"|1024 MB|DDR3|64 bit|8.528 GB/s|80.0|8.0|4.0|2.0|8 KB (per CU)|128 KB|2.600 GPixel/s|5.200 GTexel/s|104.0 GFLOPS|19 W|1x DVI1x HDMI 1.3a1x VGA|11.2 (11_0)|4.4|1.2||5.0|Single-slot|"168 mm
					6.6 inches"||200 W||C026|||||||||||||||
Radeon R5 230 OEM|/gpu-specs/radeon-r5-230-oem.c2504|Caicos|Caicos PRO|TeraScale 2|TSMC|40 nm|370 million|5.5M / mm²|67 mm²|FCBGA-631|Dec 21st, 2013|"Volcanic Islands
(R5 200)"|Sea Islands|Pirate Islands|End-of-life|PCIe 2.0 x16||625 MHz|"667 MHz
										
					1334 Mbps effective"|1024 MB|DDR3|64 bit|10.67 GB/s|160.0|8.0|4.0|2.0|8 KB (per CU)|128 KB|2.500 GPixel/s|5.000 GTexel/s|200.0 GFLOPS|19 W|1x DVI1x HDMI 1.3a1x VGA|11.2 (11_0)|4.4|1.2||5.0|Single-slot|"168 mm
					6.6 inches"||200 W||C164, C264|||||||||||||||
Radeon R5 235 OEM|/gpu-specs/radeon-r5-235-oem.c2502|Caicos|"Caicos XT
										
(215-0804070)"|TeraScale 2|TSMC|40 nm|370 million|5.5M / mm²|67 mm²|FCBGA-631|Dec 21st, 2013|"Volcanic Islands
(R5 200)"|Sea Islands|Pirate Islands|End-of-life|PCIe 2.0 x16||775 MHz|"900 MHz
										
					1800 Mbps effective"|1024 MB|DDR3|64 bit|14.40 GB/s|160.0|8.0|4.0|2.0|8 KB (per CU)|128 KB|3.100 GPixel/s|6.200 GTexel/s|248.0 GFLOPS|35 W|1x DVI1x HDMI 1.3a|11.2 (11_0)|4.4|1.2||5.0|Single-slot|"168 mm
					6.6 inches"||200 W||C264|||||||||||||||
Radeon R5 235X OEM|/gpu-specs/radeon-r5-235x-oem.c2503|Caicos|Caicos XTX|TeraScale 2|TSMC|40 nm|370 million|5.5M / mm²|67 mm²|FCBGA-631|Dec 21st, 2013|"Volcanic Islands
(R5 200)"|Sea Islands|Pirate Islands|End-of-life|PCIe 2.0 x16||875 MHz|"900 MHz
										
					1800 Mbps effective"|1024 MB|DDR3|64 bit|14.40 GB/s|160.0|8.0|4.0|2.0|8 KB (per CU)|128 KB|3.500 GPixel/s|7.000 GTexel/s|280.0 GFLOPS|18 W|1x DVI1x HDMI 1.3a|11.2 (11_0)|4.4|1.2||5.0|Single-slot|"168 mm
					6.6 inches"||200 W|||||||||||||||||
Radeon R5 240 OEM|/gpu-specs/radeon-r5-240-oem.c2531|Oland||GCN 1.0|TSMC|28 nm|950 million|12.3M / mm²|77 mm²|FCBGA-962|Nov 1st, 2013|"Volcanic Islands
(R5 200)"|Sea Islands|Pirate Islands|End-of-life|PCIe 3.0 x8|||"900 MHz
										
					1800 Mbps effective"|2 GB|DDR3|64 bit|14.40 GB/s|384.0|24.0|8.0|6.0|16 KB (per CU)|128 KB|6.240 GPixel/s|18.72 GTexel/s|599.0 GFLOPS|50 W|1x DVI1x HDMI 1.4a1x VGA|12 (11_1)|4.6|2.1 (1.2)|1.2.170|6.5 (5.1)|Single-slot|"168 mm
					6.6 inches"||250 W||C553|37.44 GFLOPS (1:16)|||730 MHz|780 MHz||||||||||
Radeon R5 M230 Rebrand|/gpu-specs/radeon-r5-m230-rebrand.c2801|Sun|"Sun S3 UL
										
(216-0841084)"|GCN 1.0|TSMC|28 nm|690 million|12.3M / mm²|56 mm²|FCBGA-631/962|Mar 1st, 2013|"Gem System
(R5 M200)"|Solar System|Polaris Mobile|End-of-life|PCIe 3.0 x8|||"900 MHz
										
					1800 Mbps effective"|2 GB|DDR3|64 bit|14.40 GB/s|320.0|20.0|8.0|5.0|16 KB (per CU)|128 KB|6.600 GPixel/s|16.50 GTexel/s|528.0 GFLOPS|unknown|Portable Device Dependent|12 (11_1)|4.6|2.1 (1.2)|1.2.170|6.5 (5.1)|||||||33.00 GFLOPS (1:16)|||750 MHz|825 MHz||||||||||
Radeon R7 240|/gpu-specs/radeon-r7-240.c3130|Oland|Oland LE|GCN 1.0|TSMC|28 nm|950 million|12.3M / mm²|77 mm²|FCBGA-962|Oct 8th, 2013|"Volcanic Islands
(R7 200)"|Sea Islands|Pirate Islands|End-of-life|PCIe 3.0 x8|5 in our database||"1150 MHz
										
					4.6 Gbps effective"|2 GB|GDDR5|128 bit|73.60 GB/s|320.0|20.0|8.0|5.0|16 KB (per CU)|256 KB|5.600 GPixel/s|14.00 GTexel/s|448.0 GFLOPS|30 W|1x DVI1x HDMI 1.4a1x VGA|12 (11_1)|4.6|2.1 (1.2)|1.2.170|6.5 (5.1)|Single-slot|"168 mm
					6.6 inches"||200 W||C552, C577|28.00 GFLOPS (1:16)|69 USD||650 MHz|700 MHz||||||||||
Radeon R7 240|/gpu-specs/radeon-r7-240.c2463|Oland|"Oland PRO
										
(215-0837015)"|GCN 1.0|TSMC|28 nm|950 million|12.3M / mm²|77 mm²|FCBGA-962|Oct 8th, 2013|"Volcanic Islands
(R7 200)"|Sea Islands|Pirate Islands|End-of-life|PCIe 3.0 x8|5 in our database||"900 MHz
										
					1800 Mbps effective"|2 GB|DDR3|128 bit|28.80 GB/s|320.0|20.0|8.0|5.0|16 KB (per CU)|256 KB|6.240 GPixel/s|15.60 GTexel/s|499.2 GFLOPS|30 W|1x DVI1x HDMI 1.4a1x VGA|12 (11_1)|4.6|2.1 (1.2)|1.2.170|6.5 (5.1)|Single-slot|"168 mm
					6.6 inches"|"69 mm
					2.7 inches"|200 W||C552, C577||69 USD||730 MHz|780 MHz||||||||||
Radeon R7 240 OEM|/gpu-specs/radeon-r7-240-oem.c2542|Oland||GCN 1.0|TSMC|28 nm|950 million|12.3M / mm²|77 mm²|FCBGA-962|Nov 1st, 2013|"Volcanic Islands
(R7 200)"|Sea Islands|Pirate Islands|End-of-life|PCIe 3.0 x8|5 in our database||"900 MHz
										
					1800 Mbps effective"|2 GB|DDR3|128 bit|28.80 GB/s|320.0|20.0|8.0|5.0|16 KB (per CU)|256 KB|6.240 GPixel/s|15.60 GTexel/s|499.2 GFLOPS|50 W|1x DVI1x HDMI 1.4a1x VGA|12 (11_1)|4.6|2.1 (1.2)|1.2.170|6.5 (5.1)|Single-slot|||250 W||C552|31.20 GFLOPS (1:16)|||730 MHz|780 MHz||||||||||
Radeon R7 250|/gpu-specs/radeon-r7-250.c2956|Cape Verde|Cape Verde PRO2|GCN 1.0|TSMC|28 nm|1,500 million|12.2M / mm²|123 mm²|FCBGA-962|Oct 8th, 2013|"Volcanic Islands
(R7 200)"|Sea Islands|Pirate Islands|End-of-life|PCIe 3.0 x16|24 in our database|925 MHz|"900 MHz
										
					1800 Mbps effective"|1024 MB|DDR3|128 bit|28.80 GB/s|512.0|32.0|16.0|8.0|16 KB (per CU)|256 KB|14.80 GPixel/s|29.60 GTexel/s|947.2 GFLOPS|55 W|1x DVI1x HDMI 1.4a1x DisplayPort 1.2|12 (11_1)|4.6|2.1 (1.2)|1.2.170|6.5 (5.1)|Single-slot|"168 mm
					6.6 inches"||250 W|||59.20 GFLOPS (1:16)||||||||||||||
Radeon R7 250|/gpu-specs/radeon-r7-250.c2955|Cape Verde|"Cape Verde PRO
										
(215-0825156)"|GCN 1.0|TSMC|28 nm|1,500 million|12.2M / mm²|123 mm²|FCBGA-962|Oct 8th, 2013|"Volcanic Islands
(R7 200)"|Sea Islands|Pirate Islands|End-of-life|PCIe 3.0 x16|24 in our database|700 MHz|"900 MHz
										
					1800 Mbps effective"|1024 MB|DDR3|128 bit|28.80 GB/s|512.0|32.0|16.0|8.0|16 KB (per CU)|256 KB|11.20 GPixel/s|22.40 GTexel/s|716.8 GFLOPS|55 W|1x DVI1x HDMI 1.4a1x DisplayPort 1.2|12 (11_1)|4.6|2.1 (1.2)|1.2.170|6.5 (5.1)|Single-slot|"168 mm
					6.6 inches"||250 W|||44.80 GFLOPS (1:16)||||||||||||||
Radeon R7 250|/gpu-specs/radeon-r7-250.c2459|Oland|"Oland XT
										
(215-0837006)"|GCN 1.0|TSMC|28 nm|950 million|12.3M / mm²|77 mm²|FCBGA-962|Oct 8th, 2013|"Volcanic Islands
(R7 200)"|Sea Islands|Pirate Islands|End-of-life|PCIe 3.0 x8|24 in our database||"1150 MHz
										
					4.6 Gbps effective"|1024 MB|GDDR5|128 bit|73.60 GB/s|384.0|24.0|8.0|6.0|16 KB (per CU)|256 KB|8.400 GPixel/s|25.20 GTexel/s|806.4 GFLOPS|65 W|1x DVI1x HDMI 1.4a1x VGA|12 (11_1)|4.6|2.1 (1.2)|1.2.170|6.5 (5.1)|Dual-slot|||250 W||C576, C662|50.40 GFLOPS (1:16)|89 USD||1000 MHz|1050 MHz||||||||||
Radeon R7 250 OEM|/gpu-specs/radeon-r7-250-oem.c2731|Oland|"Oland XT
										
(215-0837006)"|GCN 1.0|TSMC|28 nm|950 million|12.3M / mm²|77 mm²|FCBGA-962|Oct 8th, 2013|"Volcanic Islands
(R7 200)"|Sea Islands|Pirate Islands|End-of-life|PCIe 3.0 x8|24 in our database||"1000 MHz
										
					2 Gbps effective"|2 GB|DDR3|128 bit|32.00 GB/s|384.0|24.0|8.0|6.0|16 KB (per CU)|256 KB|8.400 GPixel/s|25.20 GTexel/s|806.4 GFLOPS|65 W|1x DVI1x HDMI 1.4a1x VGA|12 (11_1)|4.6|2.1 (1.2)|1.2.170|6.5 (5.1)|Dual-slot|||250 W||C550, C552|50.40 GFLOPS (1:16)|||1000 MHz|1050 MHz||||||||||
Radeon R7 250E|/gpu-specs/radeon-r7-250e.c2559|Cape Verde|"Cape Verde PRO-E
										
(215-0825384)"|GCN 1.0|TSMC|28 nm|1,500 million|12.2M / mm²|123 mm²|FCBGA-962|Dec 20th, 2013|"Volcanic Islands
(R7 200)"|Sea Islands|Pirate Islands|End-of-life|PCIe 3.0 x16|24 in our database|800 MHz|"1125 MHz
										
					4.5 Gbps effective"|1024 MB|GDDR5|128 bit|72.00 GB/s|512.0|32.0|16.0|8.0|16 KB (per CU)|256 KB|12.80 GPixel/s|25.60 GTexel/s|819.2 GFLOPS|55 W|1x DVI1x HDMI 1.4a1x DisplayPort 1.2|12 (11_1)|4.6|2.1 (1.2)|1.2.170|6.5 (5.1)|Single-slot|"168 mm
					6.6 inches"||250 W||C444, C445|51.20 GFLOPS (1:16)|109 USD|||||||||||||
Radeon R7 260|/gpu-specs/radeon-r7-260.c2511|Bonaire|"Bonaire PRO
										
(215-0839049)"|GCN 2.0|TSMC|28 nm|2,080 million|13.0M / mm²|160 mm²|FCBGA-1093|Dec 17th, 2013|"Volcanic Islands
(R7 200)"|Sea Islands|Pirate Islands|End-of-life|PCIe 3.0 x16|10 in our database|1000 MHz|"1500 MHz
										
					6 Gbps effective"|2 GB|GDDR5|128 bit|96.00 GB/s|768.0|48.0|16.0|12.0|16 KB (per CU)|256 KB|16.00 GPixel/s|48.00 GTexel/s|1.536 TFLOPS|95 W|1x DVI1x HDMI 1.4a1x DisplayPort 1.2|12 (12_0)|4.6|2.1|1.2.170|6.5|Dual-slot|"170 mm
					6.7 inches"||250 W|1x 6-pin|C582|96.00 GFLOPS (1:16)|109 USD|||||||||||||
Radeon R7 260X|/gpu-specs/radeon-r7-260x.c2465|Bonaire|"Bonaire XTX
										
(215-0839097)"|GCN 2.0|TSMC|28 nm|2,080 million|13.0M / mm²|160 mm²|FCBGA-1093|Oct 8th, 2013|"Volcanic Islands
(R7 200)"|Sea Islands|Pirate Islands|End-of-life|PCIe 3.0 x16|29 in our database|1100 MHz|"1625 MHz
										
					6.5 Gbps effective"|2 GB|GDDR5|128 bit|104.0 GB/s|896.0|56.0|16.0|14.0|16 KB (per CU)|256 KB|17.60 GPixel/s|61.60 GTexel/s|1.971 TFLOPS|115 W|2x DVI1x HDMI 1.4a1x DisplayPort 1.2|12 (12_0)|4.6|2.1|1.2.170|6.5|Dual-slot|"170 mm
					6.7 inches"||300 W|1x 6-pin|109-C58247-00D_02|123.2 GFLOPS (1:16)|139 USD|||||||||||||
Radeon R9 255 OEM|/gpu-specs/radeon-r9-255-oem.c2464|Cape Verde|Cape Verde PRX|GCN 1.0|TSMC|28 nm|1,500 million|12.2M / mm²|123 mm²|FCBGA-962|Dec 21st, 2013|"Volcanic Islands
(R9 200)"|Sea Islands|Pirate Islands|End-of-life|PCIe 3.0 x16|||"1150 MHz
										
					4.6 Gbps effective"|2 GB|GDDR5|128 bit|73.60 GB/s|512.0|32.0|16.0|8.0|16 KB (per CU)|256 KB|14.88 GPixel/s|29.76 GTexel/s|952.3 GFLOPS|65 W|No outputs|12 (11_1)|4.6|2.1 (1.2)|1.2.170|6.5 (5.1)|Dual-slot|||250 W|1x 6-pin|C750|59.52 GFLOPS (1:16)|||900 MHz|930 MHz||||||||||
FirePro D300|/gpu-specs/firepro-d300.c2557|Pitcairn|"Pitcairn XT GL
										
(215-0828073)"|GCN 1.0|TSMC|28 nm|2,800 million|13.2M / mm²|212 mm²|FCBGA-1737|Jan 18th, 2014|"FirePro Data Center
(Dx00)"|FirePro Terascale|Radeon Instinct|End-of-life|PCIe 3.0 x16||850 MHz|"1270 MHz
										
					5.1 Gbps effective"|2 GB|GDDR5|256 bit|162.6 GB/s|1280.0|80.0|32.0|20.0|16 KB (per CU)|512 KB|27.20 GPixel/s|68.00 GTexel/s|2.176 TFLOPS|150 W|4x DisplayPort 1.2|12 (11_1)|4.6|2.1 (1.2)|1.2.170|6.5 (5.1)|Single-slot|"242 mm
					9.5 inches"||450 W|||136.0 GFLOPS (1:16)||||||||||||||
FirePro D500|/gpu-specs/firepro-d500.c2556|Tahiti|Tahiti LE GL|GCN 1.0|TSMC|28 nm|4,313 million|12.3M / mm²|352 mm²||Jan 18th, 2014|"FirePro Data Center
(Dx00)"|FirePro Terascale|Radeon Instinct|End-of-life|PCIe 3.0 x16||725 MHz|"1270 MHz
										
					5.1 Gbps effective"|3 GB|GDDR5|384 bit|243.8 GB/s|1536.0|96.0|32.0|24.0|16 KB (per CU)|768 KB|23.20 GPixel/s|69.60 GTexel/s|2.227 TFLOPS|274 W|6x mini-DisplayPort 1.21x SDI|12 (11_1)|4.6|2.1 (1.2)|1.2.170|6.5 (5.1)|Dual-slot|"279 mm
					11 inches"||600 W|||556.8 GFLOPS (1:4)||||||||||||||
FirePro D700|/gpu-specs/firepro-d700.c2555|Tahiti|Tahiti XT GL|GCN 1.0|TSMC|28 nm|4,313 million|12.3M / mm²|352 mm²||Jan 18th, 2014|"FirePro Data Center
(Dx00)"|FirePro Terascale|Radeon Instinct|End-of-life|PCIe 3.0 x16||850 MHz|"1370 MHz
										
					5.5 Gbps effective"|6 GB|GDDR5|384 bit|263.0 GB/s|2048.0|128.0|32.0|32.0|16 KB (per CU)|768 KB|27.20 GPixel/s|108.8 GTexel/s|3.482 TFLOPS|274 W|6x mini-DisplayPort 1.21x SDI|12 (11_1)|4.6|2.1 (1.2)|1.2.170|6.5 (5.1)|Dual-slot|"279 mm
					11 inches"||600 W|||870.4 GFLOPS (1:4)||||||||||||||
FirePro M6100|/gpu-specs/firepro-m6100.c4063|Emerald|"Emerald XT GL
										
(216-0857001)"|GCN 2.0|TSMC|28 nm|2,080 million|13.0M / mm²|160 mm²|FCBGA-1093|May 27th, 2014|"FirePro Mobile
(Mx100)"|FirePro Mobility|Radeon Pro Mobile|End-of-life|MXM-B (3.0)||1100 MHz|"1500 MHz
										
					6 Gbps effective"|2 GB|GDDR5|128 bit|96.00 GB/s|896.0|56.0|16.0|14.0|16 KB (per CU)|256 KB|17.60 GPixel/s|61.60 GTexel/s|1.971 TFLOPS|unknown|Portable Device Dependent|12 (12_0)|4.6|2.1|1.2.170|6.5|MXM Module|||||109-C600A1-01_02|123.2 GFLOPS (1:16)||||||||||||||
FirePro S10000 Passive 12GB|/gpu-specs/firepro-s10000-passive-12gb.c2522|Tahiti|Orthrus|GCN 1.0|TSMC|28 nm|4,313 million|12.3M / mm²|352 mm²||Mar 1st, 2014|"FirePro Server
(Sx000)"|FirePro Terascale|Radeon Pro GCN|End-of-life|PCIe 3.0 x16|||"1250 MHz
										
					5 Gbps effective"|6 GB|GDDR5|384 bit|240.0 GB/s|1792.0|112.0|32.0|28.0|16 KB (per CU)|768 KB|30.40 GPixel/s|106.4 GTexel/s|3.405 TFLOPS|375 W|1x DVI1x mini-DisplayPort 1.2|12 (11_1)|4.6|2.1 (1.2)|1.2.170|6.5 (5.1)|Dual-slot|"305 mm
					12 inches"|"111 mm
					4.4 inches"|750 W|2x 8-pin|C476|851.2 GFLOPS (1:4)|3,599 USD||825 MHz|950 MHz||||||||||
FirePro S4000X|/gpu-specs/firepro-s4000x.c2506|Venus|"Venus XT
										
(216-0846000)"|GCN 1.0|TSMC|28 nm|1,500 million|12.2M / mm²|123 mm²|FCBGA-962|Aug 7th, 2014|"FirePro Mobile
(Sx000)"|FirePro Mobility|Radeon Pro Mobile|End-of-life|PCIe 3.0 x16|10 in our database||"1125 MHz
										
					4.5 Gbps effective"|2 GB|GDDR5|128 bit|72.00 GB/s|640.0|40.0|16.0|10.0|16 KB (per CU)|256 KB|12.40 GPixel/s|31.00 GTexel/s|992.0 GFLOPS|45 W|Portable Device Dependent|12 (11_1)|4.6|2.1 (1.2)|1.2.170|6.5 (5.1)|MXM Module||||||62.00 GFLOPS (1:16)|||725 MHz|775 MHz||||||||||
FirePro S9050|/gpu-specs/firepro-s9050.c2607|Tahiti|Tahiti PRO GL|GCN 1.0|TSMC|28 nm|4,313 million|12.3M / mm²|352 mm²||Aug 7th, 2014|"FirePro Server
(Sx000)"|FirePro Terascale|Radeon Pro GCN|End-of-life|PCIe 3.0 x16||900 MHz|"1375 MHz
										
					5.5 Gbps effective"|12 GB|GDDR5|384 bit|264.0 GB/s|1792.0|112.0|32.0|28.0|16 KB (per CU)|768 KB|28.80 GPixel/s|100.8 GTexel/s|3.226 TFLOPS|225 W|1x DisplayPort 1.2|12 (11_1)|4.6|2.1 (1.2)|1.2.170|6.5 (5.1)|Dual-slot|"254 mm
					10 inches"|"111 mm
					4.4 inches"|550 W|1x 8-pin|C480|806.4 GFLOPS (1:4)||||||||||||||
FirePro S9100|/gpu-specs/firepro-s9100.c2636|Hawaii|Hawaii GL40|GCN 2.0|TSMC|28 nm|6,200 million|14.2M / mm²|438 mm²||Oct 2nd, 2014|"FirePro Server
(Sx100)"|FirePro Terascale|Radeon Pro GCN|End-of-life|PCIe 3.0 x16||824 MHz|"1250 MHz
										
					5 Gbps effective"|12 GB|GDDR5|512 bit|320.0 GB/s|2560.0|160.0|64.0|40.0|16 KB (per CU)|1024 KB|52.74 GPixel/s|131.8 GTexel/s|4.219 TFLOPS|225 W|No outputs|12 (12_0)|4.6|2.1|1.2.170|6.5|Dual-slot|"267 mm
					10.5 inches"|"111 mm
					4.4 inches"|550 W|1x 6-pin + 1x 8-pin|C681|2.109 TFLOPS (1:2)||||||||||||||
FirePro S9150|/gpu-specs/firepro-s9150.c2608|Hawaii|Hawaii GL44|GCN 2.0|TSMC|28 nm|6,200 million|14.2M / mm²|438 mm²||Aug 7th, 2014|"FirePro Server
(Sx100)"|FirePro Terascale|Radeon Pro GCN|End-of-life|PCIe 3.0 x16|4 in our database|900 MHz|"1250 MHz
										
					5 Gbps effective"|16 GB|GDDR5|512 bit|320.0 GB/s|2816.0|176.0|64.0|44.0|16 KB (per CU)|1024 KB|57.60 GPixel/s|158.4 GTexel/s|5.069 TFLOPS|235 W|No outputs|12 (12_0)|4.6|2.1|1.2.170|6.5|Dual-slot|"267 mm
					10.5 inches"|"111 mm
					4.4 inches"|550 W|1x 6-pin + 1x 8-pin|C681|2.534 TFLOPS (1:2)||||||||||||||
FirePro W2100|/gpu-specs/firepro-w2100.c2612|Oland||GCN 1.0|TSMC|28 nm|950 million|12.3M / mm²|77 mm²|FCBGA-962|Aug 12th, 2014|"FirePro GCN
(Wx100)"|FirePro Terascale|Radeon Pro Polaris|End-of-life|PCIe 3.0 x8|||"900 MHz
										
					1800 Mbps effective"|2 GB|DDR3|128 bit|28.80 GB/s|320.0|20.0|8.0|5.0|16 KB (per CU)|256 KB|5.440 GPixel/s|13.60 GTexel/s|435.2 GFLOPS|26 W|2x DisplayPort 1.2|12 (11_1)|4.6|2.1 (1.2)|1.2.170|6.5 (5.1)|Single-slot|"168 mm
					6.6 inches"|"69 mm
					2.7 inches"|200 W||109-C57981-00_02|27.20 GFLOPS (1:16)|||630 MHz|680 MHz||||||||||
FirePro W4100|/gpu-specs/firepro-w4100.c2611|Cape Verde|"Cape Verde PRO GL
										
(216-0834044)"|GCN 1.0|TSMC|28 nm|1,500 million|12.2M / mm²|123 mm²|FCBGA-962|Aug 13th, 2014|"FirePro GCN
(Wx100)"|FirePro Terascale|Radeon Pro Polaris|End-of-life|PCIe 3.0 x16||630 MHz|"1000 MHz
										
					4 Gbps effective"|2 GB|GDDR5|128 bit|64.00 GB/s|512.0|32.0|16.0|8.0|16 KB (per CU)|256 KB|10.08 GPixel/s|20.16 GTexel/s|645.1 GFLOPS|50 W|4x mini-DisplayPort 1.2|12 (11_1)|4.6|2.1 (1.2)|1.2.170|6.5 (5.1)|Single-slot|"171 mm
					6.7 inches"|"69 mm
					2.7 inches"|250 W||109-C75581-00_02|40.32 GFLOPS (1:16)||||||||||||||
FirePro W4170M|/gpu-specs/firepro-w4170m.c2580|Mars|"Mars M2 XTX
										
(216-0842036)"|GCN 1.0|TSMC|28 nm|950 million|12.3M / mm²|77 mm²|FCBGA-631/962|Apr 28th, 2014|"FirePro Mobile
(Wx100M)"|FirePro Mobility|Radeon Pro Mobile|End-of-life|PCIe 3.0 x8|10 in our database||"1000 MHz
										
					4 Gbps effective"|2 GB|GDDR5|128 bit|64.00 GB/s|384.0|24.0|8.0|6.0|16 KB (per CU)|256 KB|7.200 GPixel/s|21.60 GTexel/s|691.2 GFLOPS|unknown|Portable Device Dependent|12 (11_1)|4.6|2.1 (1.2)|1.2.170|6.5 (5.1)|MXM Module||||||43.20 GFLOPS (1:16)|||825 MHz|900 MHz||||||||||
FirePro W5100|/gpu-specs/firepro-w5100.c2585|Bonaire|Bonaire PRO GL|GCN 2.0|TSMC|28 nm|2,080 million|13.0M / mm²|160 mm²|FCBGA-1093|Mar 31st, 2014|"FirePro GCN
(Wx100)"|FirePro Terascale|Radeon Pro Polaris|End-of-life|PCIe 3.0 x16||930 MHz|"1500 MHz
										
					6 Gbps effective"|4 GB|GDDR5|128 bit|96.00 GB/s|768.0|48.0|16.0|12.0|16 KB (per CU)|256 KB|14.88 GPixel/s|44.64 GTexel/s|1,428.5 GFLOPS|50 W|4x DisplayPort 1.2|12 (12_0)|4.6|2.1|1.2.170|6.5|Single-slot|"173 mm
					6.8 inches"|"111 mm
					4.4 inches"|250 W||109-C58781-00_02|89.28 GFLOPS (1:16)||||||||||||||
FirePro W5170M|/gpu-specs/firepro-w5170m.c2705|Tropo|Tropo XT|GCN 1.0|TSMC|28 nm|1,500 million|12.2M / mm²|123 mm²|FCBGA-962|Aug 25th, 2014|"FirePro Mobile
(Wx100M)"|FirePro Mobility|Radeon Pro Mobile|End-of-life|MXM-A (3.0)|10 in our database||"1125 MHz
										
					4.5 Gbps effective"|2 GB|GDDR5|128 bit|72.00 GB/s|640.0|40.0|16.0|10.0|16 KB (per CU)|256 KB|14.80 GPixel/s|37.00 GTexel/s|1,184.0 GFLOPS|unknown|Portable Device Dependent|12 (11_1)|4.6|2.1 (1.2)|1.2.170|6.5 (5.1)|MXM Module||||||74.00 GFLOPS (1:16)|||900 MHz|925 MHz||||||||||
FirePro W6170M|/gpu-specs/firepro-w6170m.c2706|Emerald|"Emerald XT GL
										
(216-0857001)"|GCN 2.0|TSMC|28 nm|2,080 million|13.0M / mm²|160 mm²|FCBGA-1093|Aug 25th, 2014|"FirePro Mobile
(Wx100M)"|FirePro Mobility|Radeon Pro Mobile|End-of-life|MXM-B (3.0)||1100 MHz|"1500 MHz
										
					6 Gbps effective"|2 GB|GDDR5|128 bit|96.00 GB/s|896.0|56.0|16.0|14.0|16 KB (per CU)|256 KB|17.60 GPixel/s|61.60 GTexel/s|1.971 TFLOPS|unknown|Portable Device Dependent|12 (12_0)|4.6|2.1|1.2.170|6.5|MXM Module|||||109-C600A1-01_02|123.2 GFLOPS (1:16)||||||||||||||
FirePro W7100|/gpu-specs/firepro-w7100.c2610|Tonga|Tonga PRO GL|GCN 3.0|TSMC|28 nm|5,000 million|13.7M / mm²|366 mm²||Aug 12th, 2014|"FirePro GCN
(Wx100)"|FirePro Terascale|Radeon Pro Polaris|End-of-life|PCIe 3.0 x16||920 MHz|"1250 MHz
										
					5 Gbps effective"|8 GB|GDDR5|256 bit|160.0 GB/s|1792.0|112.0|32.0|28.0|16 KB (per CU)|512 KB|29.44 GPixel/s|103.0 GTexel/s|3.297 TFLOPS|150 W|4x DisplayPort 1.2|12 (12_0)|4.6|2.1|1.2.170|6.5|Single-slot|"241 mm
					9.5 inches"|"111 mm
					4.4 inches"|450 W|1x 6-pin|C767|206.1 GFLOPS (1:16)|||||||3.297 TFLOPS (1:1)|||||||
FirePro W8100|/gpu-specs/firepro-w8100.c2588|Hawaii|Hawaii GL40|GCN 2.0|TSMC|28 nm|6,200 million|14.2M / mm²|438 mm²||Jun 23rd, 2014|"FirePro GCN
(Wx100)"|FirePro Terascale|Radeon Pro Polaris|End-of-life|PCIe 3.0 x16||824 MHz|"1250 MHz
										
					5 Gbps effective"|8 GB|GDDR5|512 bit|320.0 GB/s|2560.0|160.0|64.0|40.0|16 KB (per CU)|1024 KB|52.74 GPixel/s|131.8 GTexel/s|4.219 TFLOPS|220 W|4x DisplayPort 1.21x SDI|12 (12_0)|4.6|2.1|1.2.170|6.5|Dual-slot|"279 mm
					11 inches"|"111 mm
					4.4 inches"|550 W|2x 6-pin|109-C67581-00_02|2.109 TFLOPS (1:2)||||||||||||||
FirePro W9100|/gpu-specs/firepro-w9100.c2562|Hawaii|Hawaii GL44|GCN 2.0|TSMC|28 nm|6,200 million|14.2M / mm²|438 mm²||Mar 26th, 2014|"FirePro GCN
(Wx100)"|FirePro Terascale|Radeon Pro Polaris|End-of-life|PCIe 3.0 x16|4 in our database|930 MHz|"1250 MHz
										
					5 Gbps effective"|16 GB|GDDR5|512 bit|320.0 GB/s|2816.0|176.0|64.0|44.0|16 KB (per CU)|1024 KB|59.52 GPixel/s|163.7 GTexel/s|5.238 TFLOPS|275 W|6x mini-DisplayPort 1.21x S-Video|12 (12_0)|4.6|2.1|1.2.170|6.5|Dual-slot|"275 mm
					10.8 inches"|"111 mm
					4.4 inches"|600 W|1x 6-pin + 1x 8-pin|109-C67681-00_02|2.619 TFLOPS (1:2)||||||||||||||
Radeon E8860|/gpu-specs/radeon-e8860.c2550|Venus|Venus MCM|GCN 1.0|TSMC|28 nm|1,500 million|12.2M / mm²|123 mm²|FCBGA-962|Jan 25th, 2014|"Embedded
(8000)"|||End-of-life|PCIe 3.0 x16|||"1125 MHz
										
					4.5 Gbps effective"|2 GB|GDDR5|128 bit|72.00 GB/s|640.0|40.0|16.0|10.0|16 KB (per CU)|256 KB|10.00 GPixel/s|25.00 GTexel/s|800.0 GFLOPS|37 W|1x VGA|12 (11_1)|4.6|2.1 (1.2)|1.2.170|6.5 (5.1)|Single-slot||||1x 6-pin + 1x 8-pin|109-C71537-00A_02|50.00 GFLOPS (1:16)|||575 MHz|625 MHz||||||||||
Radeon HD 8210 IGP|/gpu-specs/radeon-hd-8210-igp.c2404|Kalindi|Kalindi LP|GCN 2.0|TSMC|28 nm|1,178 million|10.7M / mm²|110 mm²||Jan 31st, 2014|"GCN 2.0 IGP
(Temash Mobile)"|TeraScale 3 IGP|GCN 3.0 IGP|End-of-life|IGP||300 MHz|System Shared|System Shared|System Shared|System Shared|System Dependent|128.0|8.0|4.0|2.0|||1.200 GPixel/s|2.400 GTexel/s|76.80 GFLOPS|8 W|Portable Device Dependent|12 (12_0)|4.6|2.1|1.2.170|6.5|IGP||||||4.800 GFLOPS (1:16)||||||||||||||
Radeon HD 8530M|/gpu-specs/radeon-hd-8530m.c2388|Mars|"Mars S3 LE
										
(216-0842054)"|GCN 1.0|TSMC|28 nm|950 million|12.3M / mm²|77 mm²|FCBGA-631/962|Jan 10th, 2014|"Solar System
(HD 8500M)"|London|Gem System|End-of-life|PCIe 3.0 x8|||"900 MHz
										
					1800 Mbps effective"|1024 MB|DDR3|64 bit|14.40 GB/s|320.0|16.0|8.0|6.0|16 KB (per CU)|128 KB|5.600 GPixel/s|11.20 GTexel/s|448.0 GFLOPS|unknown|Portable Device Dependent|12 (11_1)|4.6|2.1 (1.2)|1.2.170|6.5 (5.1)|||||||28.00 GFLOPS (1:16)|||650 MHz|700 MHz||||||||||
Radeon HD 8550M|/gpu-specs/radeon-hd-8550m.c1905|Sun|"Sun S3 LE
										
(216-0841036)"|GCN 1.0|TSMC|28 nm|690 million|12.3M / mm²|56 mm²|FCBGA-631/962|Jul 13th, 2014|"Solar System
(HD 8500M)"|London|Gem System|End-of-life|PCIe 3.0 x8|||"900 MHz
										
					1800 Mbps effective"|1024 MB|DDR3|64 bit|14.40 GB/s|320.0|20.0|8.0|5.0|16 KB (per CU)|128 KB|6.800 GPixel/s|17.00 GTexel/s|544.0 GFLOPS|unknown|Portable Device Dependent|12 (11_1)|4.6|2.1 (1.2)|1.2.170|6.5 (5.1)|||||||34.00 GFLOPS (1:16)|||650 MHz|850 MHz||||||||||
Radeon R4 Mobile Graphics|/gpu-specs/radeon-r4-mobile-graphics.c3607|Spectre SL||GCN 2.0|GlobalFoundries|28 nm|2,410 million|9.8M / mm²|245 mm²||Sep 17th, 2014|"GCN 2.0 IGP
(Kaveri Mobile)"|TeraScale 3 IGP|GCN 3.0 IGP|End-of-life|IGP||533 MHz|System Shared|System Shared|System Shared|System Shared|System Dependent|192.0|12.0|8.0|3.0|||4.264 GPixel/s|6.396 GTexel/s|204.7 GFLOPS|17 W|Portable Device Dependent|12 (12_0)|4.6|2.1|1.2.170|6.5|IGP||||||12.79 GFLOPS (1:16)||||||||||||||
Radeon R4 Mobile Graphics|/gpu-specs/radeon-r4-mobile-graphics.c2496|Beema||GCN 2.0|GlobalFoundries|28 nm|930 million|8.7M / mm²|107 mm²||Jun 11th, 2014|"GCN 2.0 IGP
(Mullins Mobile)"|TeraScale 3 IGP|GCN 3.0 IGP|End-of-life|IGP||800 MHz|System Shared|System Shared|System Shared|System Shared|System Dependent|128.0|8.0|4.0|2.0|||3.200 GPixel/s|6.400 GTexel/s|204.8 GFLOPS|15 W|Portable Device Dependent|12 (12_0)|4.6|2.1|1.2.170|6.5|IGP||||||12.80 GFLOPS (1:16)||||||||||||||
Radeon R4E Mobile Graphics|/gpu-specs/radeon-r4e-mobile-graphics.c4048|Beema||GCN 2.0|GlobalFoundries|28 nm|930 million|8.7M / mm²|107 mm²||Jun 6th, 2014|"GCN 2.0 IGP
(Mullins Mobile)"|TeraScale 3 IGP|GCN 3.0 IGP|End-of-life|IGP||800 MHz|System Shared|System Shared|System Shared|System Shared|System Dependent|128.0|8.0|4.0|2.0|||3.200 GPixel/s|6.400 GTexel/s|204.8 GFLOPS|15 W|Portable Device Dependent|12 (12_0)|4.6|2.1|1.2.170|6.5|IGP||||||12.80 GFLOPS (1:16)||||||||||||||
Radeon R5 230|/gpu-specs/radeon-r5-230.c2576|Caicos|Caicos PRO|TeraScale 2|TSMC|40 nm|370 million|5.5M / mm²|67 mm²|FCBGA-631|Apr 3rd, 2014|"Volcanic Islands
(R5 200)"|Sea Islands|Pirate Islands|End-of-life|PCIe 2.0 x16||625 MHz|"667 MHz
										
					1334 Mbps effective"|1024 MB|DDR3|64 bit|10.67 GB/s|160.0|8.0|4.0|2.0|8 KB (per CU)|128 KB|2.500 GPixel/s|5.000 GTexel/s|200.0 GFLOPS|19 W|1x DVI1x HDMI 1.3a1x VGA|11.2 (11_0)|4.4|1.2||5.0|Single-slot|"168 mm
					6.6 inches"||200 W||C164|||||||||||||||
Radeon R5 A220|/gpu-specs/radeon-r5-a220.c2715|Caicos|"Caicos XT
										
(215-0804070)"|TeraScale 2|TSMC|40 nm|370 million|5.5M / mm²|67 mm²|FCBGA-631|2014|"All-In-One
(Rx 200)"|||End-of-life|PCIe 2.0 x16||775 MHz|"900 MHz
										
					1800 Mbps effective"|1024 MB|DDR3|64 bit|14.40 GB/s|160.0|8.0|4.0|2.0|8 KB (per CU)|128 KB|3.100 GPixel/s|6.200 GTexel/s|248.0 GFLOPS|35 W|1x DVI1x HDMI 1.3a|11.2 (11_0)|4.4|1.2||5.0|Single-slot|"168 mm
					6.6 inches"|||||||||||||||||||
Radeon R5 A230|/gpu-specs/radeon-r5-a230.c2713|Jet|"Jet PRO
										
(216-0856040)"|GCN 1.0|TSMC|28 nm|690 million|12.3M / mm²|56 mm²|FCBGA-962|Jan 7th, 2014|"All-In-One
(Rx 200)"|||End-of-life|PCIe 3.0 x8|||"1000 MHz
										
					2 Gbps effective"|4 GB|DDR3|64 bit|16.00 GB/s|320.0|20.0|8.0|5.0|16 KB (per CU)|128 KB|6.840 GPixel/s|17.10 GTexel/s|547.2 GFLOPS|unknown|Portable Device Dependent|12 (11_1)|4.6|2.1 (1.2)|1.2.170|6.5 (5.1)|IGP||||||34.20 GFLOPS (1:16)|||780 MHz|855 MHz||||||||||
Radeon R5 A240|/gpu-specs/radeon-r5-a240.c2714|Oland||GCN 1.0|TSMC|28 nm|950 million|12.3M / mm²|77 mm²|FCBGA-962|2014|"All-In-One
(Rx 200)"|||End-of-life|PCIe 3.0 x8|||"900 MHz
										
					1800 Mbps effective"|2 GB|DDR3|128 bit|28.80 GB/s|320.0|20.0|8.0|5.0|16 KB (per CU)|256 KB|6.240 GPixel/s|15.60 GTexel/s|499.2 GFLOPS|50 W|1x DVI1x HDMI 1.4a1x VGA|12 (11_1)|4.6|2.1 (1.2)|1.2.170|6.5 (5.1)|Single-slot|"168 mm
					6.6 inches"||||||||730 MHz|780 MHz||||||||||
Radeon R5 A240|/gpu-specs/radeon-r5-a240.c2589|Jet|Jet XT|GCN 1.0|TSMC|28 nm|690 million|12.3M / mm²|56 mm²|FCBGA-962|2014|"All-In-One
(Rx 200)"|||End-of-life|PCIe 3.0 x8||1030 MHz|"900 MHz
										
					1800 Mbps effective"|1024 MB|DDR3|64 bit|14.40 GB/s|320.0|20.0|8.0|5.0|16 KB (per CU)|128 KB|8.240 GPixel/s|20.60 GTexel/s|659.2 GFLOPS|unknown|Portable Device Dependent|12 (11_1)|4.6|2.1 (1.2)|1.2.170|6.5 (5.1)|||||||||||||||||||||
Radeon R5 A255|/gpu-specs/radeon-r5-a255.c2719|Topaz|"Topaz PRO
										
(216-0858030)"|GCN 3.0|TSMC|28 nm|1,550 million|12.4M / mm²|125 mm²||2014|"All-In-One
(Rx 200)"|||End-of-life|PCIe 3.0 x8|||"1000 MHz
										
					4 Gbps effective"|1024 MB|GDDR5|128 bit|64.00 GB/s|384.0|24.0|8.0|6.0|16 KB (per CU)|256 KB|7.520 GPixel/s|22.56 GTexel/s|721.9 GFLOPS|unknown|Portable Device Dependent|12 (12_0)|4.6|2.1|1.2.170|6.5||||||||||925 MHz|940 MHz||||||||||
Radeon R5 Graphics|/gpu-specs/radeon-r5-graphics.c3637|Spectre SL||GCN 2.0|GlobalFoundries|28 nm|2,410 million|9.8M / mm²|245 mm²||Sep 17th, 2014|"GCN 2.0 IGP
(Kaveri)"|TeraScale 3 IGP|GCN 3.0 IGP|End-of-life|IGP||497 MHz|System Shared|System Shared|System Shared|System Shared|System Dependent|256.0|16.0|4.0|4.0|||1.988 GPixel/s|7.952 GTexel/s|254.5 GFLOPS|15 W|Motherboard Dependent|12 (12_0)|4.6|2.1|1.2.170|6.5|IGP||||||15.90 GFLOPS (1:16)||||||||||||||
Radeon R5 Graphics|/gpu-specs/radeon-r5-graphics.c3007|Spectre SL||GCN 2.0|GlobalFoundries|28 nm|2,410 million|9.8M / mm²|245 mm²||Sep 17th, 2014|"GCN 2.0 IGP
(Kaveri)"|TeraScale 3 IGP|GCN 3.0 IGP|End-of-life|IGP||758 MHz|System Shared|System Shared|System Shared|System Shared|System Dependent|256.0|16.0|4.0|4.0|||3.032 GPixel/s|12.13 GTexel/s|388.1 GFLOPS|15 W|Motherboard Dependent|12 (12_0)|4.6|2.1|1.2.170|6.5|IGP||||||24.26 GFLOPS (1:16)||||||||||||||
Radeon R5 M230|/gpu-specs/radeon-r5-m230.c2571|Jet|Jet S3 ULT|GCN 1.0|TSMC|28 nm|690 million|12.3M / mm²|56 mm²|FCBGA-962|Jan 7th, 2014|"Gem System
(R5 M200)"|Solar System|Polaris Mobile|End-of-life|PCIe 3.0 x8||610 MHz|"1000 MHz
										
					2 Gbps effective"|2 GB|DDR3|64 bit|16.00 GB/s|320.0|20.0|8.0|5.0|16 KB (per CU)|128 KB|4.880 GPixel/s|12.20 GTexel/s|390.4 GFLOPS|unknown|Portable Device Dependent|12 (11_1)|4.6|2.1 (1.2)|1.2.170|6.5 (5.1)|IGP||||||24.40 GFLOPS (1:16)||||||||||||||
Radeon R5 M230|/gpu-specs/radeon-r5-m230.c2415|Jet|"Jet M2 PRO
										
(216-0856010)"|GCN 1.0|TSMC|28 nm|690 million|12.3M / mm²|56 mm²|FCBGA-962|Jan 7th, 2014|"Gem System
(R5 M200)"|Solar System|Polaris Mobile|End-of-life|PCIe 3.0 x8|||"1000 MHz
										
					2 Gbps effective"|4 GB|DDR3|64 bit|16.00 GB/s|320.0|20.0|8.0|5.0|16 KB (per CU)|128 KB|6.840 GPixel/s|17.10 GTexel/s|547.2 GFLOPS|unknown|Portable Device Dependent|12 (11_1)|4.6|2.1 (1.2)|1.2.170|6.5 (5.1)|IGP||||||34.20 GFLOPS (1:16)|||780 MHz|855 MHz||||||||||
Radeon R5 M230 Rebrand|/gpu-specs/radeon-r5-m230-rebrand.c2586|Sun|"Sun S3 LE
										
(216-0841036)"|GCN 1.0|TSMC|28 nm|690 million|12.3M / mm²|56 mm²|FCBGA-631/962|May 31st, 2014|"Gem System
(R5 M200)"|Solar System|Polaris Mobile|End-of-life|PCIe 3.0 x8|||"900 MHz
										
					1800 Mbps effective"|1024 MB|DDR3|64 bit|14.40 GB/s|320.0|20.0|8.0|5.0|16 KB (per CU)|128 KB|6.800 GPixel/s|17.00 GTexel/s|544.0 GFLOPS|unknown|Portable Device Dependent|12 (11_1)|4.6|2.1 (1.2)|1.2.170|6.5 (5.1)|IGP||||||34.00 GFLOPS (1:16)|||780 MHz|850 MHz||||||||||
Radeon R5 M240|/gpu-specs/radeon-r5-m240.c2416|Jet|"Jet M2 XT
										
(216-0856000)"|GCN 1.0|TSMC|28 nm|690 million|12.3M / mm²|56 mm²|FCBGA-962|Sep 18th, 2014|"Gem System
(R5 M200)"|Solar System|Polaris Mobile|End-of-life|PCIe 3.0 x8|||"900 MHz
										
					1800 Mbps effective"|1024 MB|DDR3|64 bit|14.40 GB/s|320.0|20.0|8.0|5.0|16 KB (per CU)|128 KB|8.240 GPixel/s|20.60 GTexel/s|659.2 GFLOPS|unknown|Portable Device Dependent|12 (11_1)|4.6|2.1 (1.2)|1.2.170|6.5 (5.1)|||||||41.20 GFLOPS (1:16)|||1000 MHz|1030 MHz||||||||||
Radeon R5 M240 Rebrand|/gpu-specs/radeon-r5-m240-rebrand.c2552|Mars|"Mars M2 PRO
										
(216-0842121)"|GCN 1.0|TSMC|28 nm|950 million|12.3M / mm²|77 mm²|FCBGA-631/962|Jan 10th, 2014|"Gem System
(R5 M200)"|Solar System|Polaris Mobile|End-of-life|PCIe 3.0 x8|||"900 MHz
										
					1800 Mbps effective"|1024 MB|DDR3|64 bit|14.40 GB/s|384.0|24.0|8.0|6.0|16 KB (per CU)|128 KB|5.600 GPixel/s|16.80 GTexel/s|537.6 GFLOPS|unknown|Portable Device Dependent|12 (11_1)|4.6|2.1 (1.2)|1.2.170|6.5 (5.1)|||||||33.60 GFLOPS (1:16)|||650 MHz|700 MHz||||||||||
Radeon R5 M255|/gpu-specs/radeon-r5-m255.c2573|Topaz|"Topaz PRO
										
(216-0858030)"|GCN 3.0|TSMC|28 nm|1,550 million|12.4M / mm²|125 mm²||Oct 12th, 2014|"Gem System
(R5 M200)"|Solar System|Polaris Mobile|End-of-life|PCIe 3.0 x8|||"1000 MHz
										
					2 Gbps effective"|2 GB|DDR3|128 bit|32.00 GB/s|384.0|24.0|8.0|6.0|16 KB (per CU)|256 KB|7.520 GPixel/s|22.56 GTexel/s|721.9 GFLOPS|unknown|Portable Device Dependent|12 (12_0)|4.6|2.1|1.2.170|6.5|||||||45.12 GFLOPS (1:16)|||925 MHz|940 MHz|||721.9 GFLOPS (1:1)|||||||
Radeon R5 Mobile Graphics|/gpu-specs/radeon-r5-mobile-graphics.c4113|Spectre SL||GCN 2.0|GlobalFoundries|28 nm|2,410 million|9.8M / mm²|245 mm²||Sep 17th, 2014|"GCN 2.0 IGP
(Kaveri Mobile)"|TeraScale 3 IGP|GCN 3.0 IGP|End-of-life|IGP||626 MHz|System Shared|System Shared|System Shared|System Shared|System Dependent|256.0|16.0|8.0|4.0|||5.008 GPixel/s|10.02 GTexel/s|320.5 GFLOPS|17 W|Portable Device Dependent|12 (12_0)|4.6|2.1|1.2.170|6.5|IGP||||||20.03 GFLOPS (1:16)||||||||||||||
Radeon R5 Mobile Graphics|/gpu-specs/radeon-r5-mobile-graphics.c3006|Beema||GCN 2.0|GlobalFoundries|28 nm|930 million|8.7M / mm²|107 mm²||Jun 14th, 2014|"GCN 2.0 IGP
(Mullins Mobile)"|TeraScale 3 IGP|GCN 3.0 IGP|End-of-life|IGP||800 MHz|System Shared|System Shared|System Shared|System Shared|System Dependent|128.0|8.0|4.0|2.0|||3.200 GPixel/s|6.400 GTexel/s|204.8 GFLOPS|15 W|Portable Device Dependent|12 (12_0)|4.6|2.1|1.2.170|6.5|IGP||||||12.80 GFLOPS (1:16)||||||||||||||
Radeon R5E Mobile Graphics|/gpu-specs/radeon-r5e-mobile-graphics.c4047|Beema||GCN 2.0|GlobalFoundries|28 nm|930 million|8.7M / mm²|107 mm²||Jun 6th, 2014|"GCN 2.0 IGP
(Mullins Mobile)"|TeraScale 3 IGP|GCN 3.0 IGP|End-of-life|IGP||800 MHz|System Shared|System Shared|System Shared|System Shared|System Dependent|128.0|8.0|4.0|2.0|||3.200 GPixel/s|6.400 GTexel/s|204.8 GFLOPS|15 W|Portable Device Dependent|12 (12_0)|4.6|2.1|1.2.170|6.5|IGP||||||12.80 GFLOPS (1:16)||||||||||||||
Radeon R6 M255DX|/gpu-specs/radeon-r6-m255dx.c2654|Topaz|"Topaz PRO
										
(216-0858030)"|GCN 3.0|TSMC|28 nm|1,550 million|12.4M / mm²|125 mm²||Oct 12th, 2014|"Gem System Hybrid
(Rx M200)"|||End-of-life|IGP|||System Shared|System Shared|System Shared|System Shared|System Dependent|384.0|24.0|8.0|6.0|16 KB (per CU)|256 KB|7.520 GPixel/s|22.56 GTexel/s|721.9 GFLOPS|unknown|Portable Device Dependent|12 (12_0)|4.6|2.1|1.2.170|6.5|IGP||||||45.12 GFLOPS (1:16)|||925 MHz|940 MHz|||721.9 GFLOPS (1:1)|||||||
Radeon R6 M255DX|/gpu-specs/radeon-r6-m255dx.c2640|Jet|"Jet PRO
										
(216-0856040)"|GCN 1.0|TSMC|28 nm|690 million|12.3M / mm²|56 mm²|FCBGA-962|Jan 7th, 2014|"Gem System Hybrid
(Rx M200)"|||End-of-life|IGP|||System Shared|System Shared|System Shared|System Shared|System Dependent|320.0|20.0|8.0|5.0|16 KB (per CU)|128 KB|6.840 GPixel/s|17.10 GTexel/s|547.2 GFLOPS|unknown|Portable Device Dependent|12 (11_1)|4.6|2.1 (1.2)|1.2.170|6.5 (5.1)|IGP||||||34.20 GFLOPS (1:16)|||780 MHz|855 MHz||||||||||
Radeon R6 Mobile Graphics|/gpu-specs/radeon-r6-mobile-graphics.c2630|Spectre Lite||GCN 2.0|GlobalFoundries|28 nm|2,410 million|9.8M / mm²|245 mm²||Sep 17th, 2014|"GCN 2.0 IGP
(Kaveri Mobile)"|TeraScale 3 IGP|GCN 3.0 IGP|End-of-life|IGP||533 MHz|System Shared|System Shared|System Shared|System Shared|System Dependent|384.0|24.0|8.0|6.0|||4.264 GPixel/s|12.79 GTexel/s|409.3 GFLOPS|17 W|Portable Device Dependent|12 (12_0)|4.6|2.1|1.2.170|6.5|IGP||||||25.58 GFLOPS (1:16)||||||||||||||
Radeon R7 250X|/gpu-specs/radeon-r7-250x.c2553|Cape Verde|"Cape Verde XT
										
(215-0825117)"|GCN 1.0|TSMC|28 nm|1,500 million|12.2M / mm²|123 mm²|FCBGA-962|Feb 13th, 2014|"Volcanic Islands
(R7 200)"|Sea Islands|Pirate Islands|End-of-life|PCIe 3.0 x16|10 in our database|950 MHz|"1125 MHz
										
					4.5 Gbps effective"|1024 MB|GDDR5|128 bit|72.00 GB/s|640.0|40.0|16.0|10.0|16 KB (per CU)|256 KB|15.20 GPixel/s|38.00 GTexel/s|1,216.0 GFLOPS|80 W|1x DVI1x HDMI 1.4a2x mini-DisplayPort 1.2|12 (11_1)|4.6|2.1 (1.2)|1.2.170|6.5 (5.1)|Dual-slot|"210 mm
					8.3 inches"||250 W|1x 6-pin|C441, C698|76.00 GFLOPS (1:16)|99 USD|||||||||||||
Radeon R7 250XE|/gpu-specs/radeon-r7-250xe.c2615|Cape Verde|"Cape Verde XT
										
(215-0825117)"|GCN 1.0|TSMC|28 nm|1,500 million|12.2M / mm²|123 mm²|FCBGA-962|Aug 21st, 2014|"Volcanic Islands
(R7 200)"|Sea Islands|Pirate Islands|End-of-life|PCIe 3.0 x16|10 in our database|860 MHz|"1125 MHz
										
					4.5 Gbps effective"|1024 MB|GDDR5|128 bit|72.00 GB/s|640.0|40.0|16.0|10.0|16 KB (per CU)|256 KB|13.76 GPixel/s|34.40 GTexel/s|1,100.8 GFLOPS|80 W|1x DVI1x HDMI 1.4a1x VGA|12 (11_1)|4.6|2.1 (1.2)|1.2.170|6.5 (5.1)|Single-slot|||250 W|||68.80 GFLOPS (1:16)||||||||||||||
Radeon R7 265|/gpu-specs/radeon-r7-265.c2558|Pitcairn|"Pitcairn PRO
										
(215-0828062)"|GCN 1.0|TSMC|28 nm|2,800 million|13.2M / mm²|212 mm²|FCBGA-1737|Feb 13th, 2014|"Volcanic Islands
(R7 200)"|Sea Islands|Pirate Islands|End-of-life|PCIe 3.0 x16|12 in our database||"1400 MHz
										
					5.6 Gbps effective"|2 GB|GDDR5|256 bit|179.2 GB/s|1024.0|64.0|32.0|16.0|16 KB (per CU)|512 KB|29.60 GPixel/s|59.20 GTexel/s|1.894 TFLOPS|150 W|2x DVI1x HDMI 1.4a1x DisplayPort 1.2|12 (11_1)|4.6|2.1 (1.2)|1.2.170|6.5 (5.1)|Dual-slot|"210 mm
					8.3 inches"||450 W|1x 6-pin|C630|118.4 GFLOPS (1:16)|149 USD||900 MHz|925 MHz||||||||||
Radeon R7 265X OEM|/gpu-specs/radeon-r7-265x-oem.c2613|Curacao|"Curacao PRO
										
(215-0848000)"|GCN 1.0|TSMC|28 nm|2,800 million|13.2M / mm²|212 mm²|FCBGA-1737|Aug 12th, 2014|"Volcanic Islands
(R7 200)"|Sea Islands|Pirate Islands|End-of-life|PCIe 3.0 x16|||"1400 MHz
										
					5.6 Gbps effective"|2 GB|GDDR5|256 bit|179.2 GB/s|1280.0|80.0|32.0|20.0|16 KB (per CU)|512 KB|29.60 GPixel/s|74.00 GTexel/s|2.368 TFLOPS|150 W|2x DVI1x HDMI 1.4a1x DisplayPort 1.2|12 (11_1)|4.6|2.1 (1.2)|1.2.170|6.5 (5.1)|Dual-slot|"210 mm
					8.3 inches"||450 W|1x 6-pin|E271|148.0 GFLOPS (1:16)|||900 MHz|925 MHz||||||||||
Radeon R7 A260|/gpu-specs/radeon-r7-a260.c2718|Topaz|"Topaz XT
										
(216-0858020)"|GCN 3.0|TSMC|28 nm|1,550 million|12.4M / mm²|125 mm²||2014|"All-In-One
(Rx 200)"|||End-of-life|PCIe 3.0 x8|||"900 MHz
										
					3.6 Gbps effective"|1024 MB|GDDR5|128 bit|57.60 GB/s|384.0|24.0|8.0|6.0|16 KB (per CU)|256 KB|7.840 GPixel/s|23.52 GTexel/s|752.6 GFLOPS|unknown|Portable Device Dependent|12 (12_0)|4.6|2.1|1.2.170|6.5||||||||||900 MHz|980 MHz||||||||||
Radeon R7 A265|/gpu-specs/radeon-r7-a265.c2650|Opal|Opal XT|GCN 1.0|TSMC|28 nm|950 million|12.3M / mm²|77 mm²|FCBGA-962|Jan 9th, 2014|"All-In-One
(Rx 200)"|||End-of-life|PCIe 3.0 x8|||"900 MHz
										
					1800 Mbps effective"|2 GB|DDR3|128 bit|28.80 GB/s|384.0|24.0|8.0|6.0|16 KB (per CU)|256 KB|6.600 GPixel/s|19.80 GTexel/s|633.6 GFLOPS|unknown|Portable Device Dependent|12 (11_1)|4.6|2.1 (1.2)|1.2.170|6.5 (5.1)|||||||39.60 GFLOPS (1:16)|||725 MHz|825 MHz||||||||||
Radeon R7 Graphics|/gpu-specs/radeon-r7-graphics.c2532|Spectre||GCN 2.0|GlobalFoundries|28 nm|2,410 million|9.8M / mm²|245 mm²||Jan 11th, 2014|"GCN 2.0 IGP
(Kaveri)"|TeraScale 3 IGP|GCN 3.0 IGP|End-of-life|IGP||720 MHz|System Shared|System Shared|System Shared|System Shared|System Dependent|512.0|32.0|8.0|8.0|||5.760 GPixel/s|23.04 GTexel/s|737.3 GFLOPS|25 W|Motherboard Dependent|12 (12_0)|4.6|2.1|1.2.170|6.5|IGP||||||46.08 GFLOPS (1:16)||||||||||||||
Radeon R7 Graphics|/gpu-specs/radeon-r7-graphics.c2533|Spectre Lite||GCN 2.0|GlobalFoundries|28 nm|2,410 million|9.8M / mm²|245 mm²||Feb 17th, 2014|"GCN 2.0 IGP
(Kaveri)"|TeraScale 3 IGP|GCN 3.0 IGP|End-of-life|IGP||720 MHz|System Shared|System Shared|System Shared|System Shared|System Dependent|384.0|24.0|8.0|6.0|||5.760 GPixel/s|17.28 GTexel/s|553.0 GFLOPS|25 W|Motherboard Dependent|12 (12_0)|4.6|2.1|1.2.170|6.5|IGP||||||34.56 GFLOPS (1:16)||||||||||||||
Radeon R7 M260|/gpu-specs/radeon-r7-m260.c2591|Topaz|"Topaz XT
										
(216-0858020)"|GCN 3.0|TSMC|28 nm|1,550 million|12.4M / mm²|125 mm²||Jun 11th, 2014|"Gem System
(R7 M200)"|Solar System|Polaris Mobile|End-of-life|PCIe 3.0 x8|||"900 MHz
										
					1800 Mbps effective"|2 GB|DDR3|64 bit|14.40 GB/s|384.0|24.0|8.0|6.0|16 KB (per CU)|128 KB|7.840 GPixel/s|23.52 GTexel/s|752.6 GFLOPS|unknown|Portable Device Dependent|12 (12_0)|4.6|2.1|1.2.170|6.5||||||C720|47.04 GFLOPS (1:16)|||940 MHz|980 MHz|||752.6 GFLOPS (1:1)|||||||
Radeon R7 M260DX|/gpu-specs/radeon-r7-m260dx.c2805|Jet|"Jet PRO
										
(216-0856040)"|GCN 1.0|TSMC|28 nm|690 million|12.3M / mm²|56 mm²|FCBGA-962|Jan 7th, 2014|"Gem System Hybrid
(Rx M200)"|||End-of-life|IGP|||System Shared|System Shared|System Shared|System Shared|System Dependent|320.0|20.0|8.0|5.0|16 KB (per CU)|128 KB|8.240 GPixel/s|20.60 GTexel/s|659.2 GFLOPS|unknown|Portable Device Dependent|12 (11_1)|4.6|2.1 (1.2)|1.2.170|6.5 (5.1)|IGP||||||41.20 GFLOPS (1:16)|||955 MHz|1030 MHz||||||||||
Radeon R7 M260DX|/gpu-specs/radeon-r7-m260dx.c2655|Topaz|"Topaz PRO
										
(216-0858030)"|GCN 3.0|TSMC|28 nm|1,550 million|12.4M / mm²|125 mm²||Oct 12th, 2014|"Gem System Hybrid
(Rx M200)"|||End-of-life|IGP|||System Shared|System Shared|System Shared|System Shared|System Dependent|384.0|24.0|8.0|6.0|16 KB (per CU)|256 KB|7.520 GPixel/s|22.56 GTexel/s|721.9 GFLOPS|unknown|Portable Device Dependent|12 (12_0)|4.6|2.1|1.2.170|6.5|IGP||||||45.12 GFLOPS (1:16)|||925 MHz|940 MHz|||721.9 GFLOPS (1:1)|||||||
Radeon R7 M260DX|/gpu-specs/radeon-r7-m260dx.c2639|Jet|"Jet PRO
										
(216-0856040)"|GCN 1.0|TSMC|28 nm|690 million|12.3M / mm²|56 mm²|FCBGA-962|Jan 7th, 2014|"Gem System Hybrid
(Rx M200)"|||End-of-life|IGP|||System Shared|System Shared|System Shared|System Shared|System Dependent|320.0|20.0|8.0|5.0|16 KB (per CU)|128 KB|6.840 GPixel/s|17.10 GTexel/s|547.2 GFLOPS|unknown|Portable Device Dependent|12 (11_1)|4.6|2.1 (1.2)|1.2.170|6.5 (5.1)|IGP||||||34.20 GFLOPS (1:16)|||780 MHz|855 MHz||||||||||
Radeon R7 M265|/gpu-specs/radeon-r7-m265.c2572|Topaz|"Topaz XT
										
(216-0858020)"|GCN 3.0|TSMC|28 nm|1,550 million|12.4M / mm²|125 mm²||May 20th, 2014|"Gem System
(R7 M200)"|Solar System|Polaris Mobile|End-of-life|PCIe 3.0 x8|||"900 MHz
										
					1800 Mbps effective"|2 GB|DDR3|64 bit|14.40 GB/s|384.0|24.0|8.0|6.0|16 KB (per CU)|128 KB|7.840 GPixel/s|23.52 GTexel/s|752.6 GFLOPS|unknown|Portable Device Dependent|12 (12_0)|4.6|2.1|1.2.170|6.5|||||||47.04 GFLOPS (1:16)|||900 MHz|980 MHz|||752.6 GFLOPS (1:1)|||||||
Radeon R7 M265|/gpu-specs/radeon-r7-m265.c2484|Opal|Opal XT|GCN 1.0|TSMC|28 nm|950 million|12.3M / mm²|77 mm²|FCBGA-962|Jan 9th, 2014|"Gem System
(R7 M200)"|Solar System|Polaris Mobile|End-of-life|PCIe 3.0 x8|||"900 MHz
										
					1800 Mbps effective"|2 GB|DDR3|128 bit|28.80 GB/s|384.0|24.0|8.0|6.0|16 KB (per CU)|256 KB|6.600 GPixel/s|19.80 GTexel/s|633.6 GFLOPS|unknown|Portable Device Dependent|12 (11_1)|4.6|2.1 (1.2)|1.2.170|6.5 (5.1)||||||||||725 MHz|825 MHz||||||||||
Radeon R7 M265DX|/gpu-specs/radeon-r7-m265dx.c2804|Jet|"Jet PRO
										
(216-0856040)"|GCN 1.0|TSMC|28 nm|690 million|12.3M / mm²|56 mm²|FCBGA-962|Jan 7th, 2014|"Gem System Hybrid
(Rx M200)"|||End-of-life|IGP|||System Shared|System Shared|System Shared|System Shared|System Dependent|320.0|20.0|8.0|5.0|16 KB (per CU)|128 KB|6.840 GPixel/s|17.10 GTexel/s|547.2 GFLOPS|unknown|Portable Device Dependent|12 (11_1)|4.6|2.1 (1.2)|1.2.170|6.5 (5.1)|IGP||||||34.20 GFLOPS (1:16)|||780 MHz|855 MHz||||||||||
Radeon R7 M265DX|/gpu-specs/radeon-r7-m265dx.c2656|Topaz|"Topaz PRO
										
(216-0858030)"|GCN 3.0|TSMC|28 nm|1,550 million|12.4M / mm²|125 mm²||Oct 12th, 2014|"Gem System Hybrid
(Rx M200)"|||End-of-life|IGP|||System Shared|System Shared|System Shared|System Shared|System Dependent|384.0|24.0|8.0|6.0|16 KB (per CU)|256 KB|7.520 GPixel/s|22.56 GTexel/s|721.9 GFLOPS|unknown|Portable Device Dependent|12 (12_0)|4.6|2.1|1.2.170|6.5|IGP||||||45.12 GFLOPS (1:16)|||925 MHz|940 MHz|||721.9 GFLOPS (1:1)|||||||
Radeon R7 M265DX|/gpu-specs/radeon-r7-m265dx.c2653|Topaz|"Topaz XT
										
(216-0858020)"|GCN 3.0|TSMC|28 nm|1,550 million|12.4M / mm²|125 mm²||Jun 11th, 2014|"Gem System Hybrid
(Rx M200)"|||End-of-life|IGP|||System Shared|System Shared|System Shared|System Shared|System Dependent|384.0|24.0|8.0|6.0|16 KB (per CU)|256 KB|7.840 GPixel/s|23.52 GTexel/s|752.6 GFLOPS|unknown|Portable Device Dependent|12 (12_0)|4.6|2.1|1.2.170|6.5|IGP||||||47.04 GFLOPS (1:16)|2,048 USD||900 MHz|980 MHz|||752.6 GFLOPS (1:1)|||||||
Radeon R7 M270|/gpu-specs/radeon-r7-m270.c2657|Opal|Opal XT|GCN 1.0|TSMC|28 nm|950 million|12.3M / mm²|77 mm²|FCBGA-962|Jan 9th, 2014|"Gem System
(R7 M200)"|Solar System|Polaris Mobile|End-of-life|PCIe 3.0 x8|||"900 MHz
										
					1800 Mbps effective"|2 GB|DDR3|128 bit|28.80 GB/s|384.0|24.0|8.0|6.0|16 KB (per CU)|256 KB|6.600 GPixel/s|19.80 GTexel/s|633.6 GFLOPS|unknown|Portable Device Dependent|12 (11_1)|4.6|2.1 (1.2)|1.2.170|6.5 (5.1)||||||||||725 MHz|825 MHz||||||||||
Radeon R7 M270DX|/gpu-specs/radeon-r7-m270dx.c2806|Jet|"Jet PRO
										
(216-0856040)"|GCN 1.0|TSMC|28 nm|690 million|12.3M / mm²|56 mm²|FCBGA-962|Jan 7th, 2014|"Gem System Hybrid
(Rx M200)"|||End-of-life|IGP|||System Shared|System Shared|System Shared|System Shared|System Dependent|320.0|20.0|8.0|5.0|16 KB (per CU)|128 KB|6.840 GPixel/s|17.10 GTexel/s|547.2 GFLOPS|unknown|Portable Device Dependent|12 (11_1)|4.6|2.1 (1.2)|1.2.170|6.5 (5.1)|IGP||||||34.20 GFLOPS (1:16)|||780 MHz|855 MHz||||||||||
Radeon R7 M270DX|/gpu-specs/radeon-r7-m270dx.c2652|Topaz|"Topaz XT
										
(216-0858020)"|GCN 3.0|TSMC|28 nm|1,550 million|12.4M / mm²|125 mm²||Jun 11th, 2014|"Gem System Hybrid
(Rx M200)"|||End-of-life|IGP|||System Shared|System Shared|System Shared|System Shared|System Dependent|384.0|24.0|8.0|6.0|16 KB (per CU)|256 KB|7.840 GPixel/s|23.52 GTexel/s|752.6 GFLOPS|unknown|Portable Device Dependent|12 (12_0)|4.6|2.1|1.2.170|6.5|IGP||||||47.04 GFLOPS (1:16)|||900 MHz|980 MHz|||752.6 GFLOPS (1:1)|||||||
Radeon R7 Mobile Graphics|/gpu-specs/radeon-r7-mobile-graphics.c2721|Spectre Lite||GCN 2.0|GlobalFoundries|28 nm|2,410 million|9.8M / mm²|245 mm²||Feb 17th, 2014|"GCN 2.0 IGP
(Kaveri Mobile)"|TeraScale 3 IGP|GCN 3.0 IGP|End-of-life|IGP||554 MHz|System Shared|System Shared|System Shared|System Shared|System Dependent|384.0|24.0|8.0|6.0|||4.432 GPixel/s|13.30 GTexel/s|425.5 GFLOPS|25 W|Portable Device Dependent|12 (12_0)|4.6|2.1|1.2.170|6.5|IGP||||||26.59 GFLOPS (1:16)||||||||||||||
Radeon R9 280|/gpu-specs/radeon-r9-280.c2405|Tahiti|"Tahiti PRO3
										
(215-0821330)"|GCN 1.0|TSMC|28 nm|4,313 million|12.3M / mm²|352 mm²||Mar 4th, 2014|"Volcanic Islands
(R9 200)"|Sea Islands|Pirate Islands|End-of-life|PCIe 3.0 x16|35 in our database||"1250 MHz
										
					5 Gbps effective"|3 GB|GDDR5|384 bit|240.0 GB/s|1792.0|112.0|32.0|28.0|16 KB (per CU)|768 KB|29.86 GPixel/s|104.5 GTexel/s|3.344 TFLOPS|200 W|1x DVI2x HDMI 1.4a1x DisplayPort 1.2|12 (11_1)|4.6|2.1 (1.2)|1.2.170|6.5 (5.1)|Dual-slot|"275 mm
					10.8 inches"|"109 mm
					4.3 inches"|550 W|1x 6-pin + 1x 8-pin|C386|836.0 GFLOPS (1:4)|279 USD|"36 mm
					1.4 inches"|827 MHz|933 MHz||||||||||
Radeon R9 285|/gpu-specs/radeon-r9-285.c2609|Tonga|"Tonga PRO
										
(215-0851128)"|GCN 3.0|TSMC|28 nm|5,000 million|13.7M / mm²|366 mm²||Sep 2nd, 2014|"Volcanic Islands
(R9 200)"|Sea Islands|Pirate Islands|End-of-life|PCIe 3.0 x16|59 in our database|918 MHz|"1375 MHz
										
					5.5 Gbps effective"|2 GB|GDDR5|256 bit|176.0 GB/s|1792.0|112.0|32.0|28.0|16 KB (per CU)|512 KB|29.38 GPixel/s|102.8 GTexel/s|3.290 TFLOPS|190 W|2x DVI1x HDMI 1.4a1x DisplayPort 1.2|12 (12_0)|4.6|2.1|1.2.170|6.5|Dual-slot|"221 mm
					8.7 inches"|"109 mm
					4.3 inches"|450 W|2x 6-pin|C766|205.6 GFLOPS (1:16)|249 USD|"36 mm
					1.4 inches"|||||3.290 TFLOPS (1:1)|||||||
Radeon R9 285X|/gpu-specs/radeon-r9-285x.c2913|Tonga|"Tonga XT
										
(215-0851313)"|GCN 3.0|TSMC|28 nm|5,000 million|13.7M / mm²|366 mm²||Never Released|"Volcanic Islands
(R9 200)"|Sea Islands|Pirate Islands|End-of-life|PCIe 3.0 x16||1002 MHz|"1375 MHz
										
					5.5 Gbps effective"|3 GB|GDDR5|384 bit|264.0 GB/s|2048.0|128.0|32.0|32.0|16 KB (per CU)|768 KB|32.06 GPixel/s|128.3 GTexel/s|4.104 TFLOPS|200 W|2x DVI1x HDMI 1.4a1x DisplayPort 1.2|12 (12_0)|4.6|2.1|1.2.170|6.5|Dual-slot|"267 mm
					10.5 inches"||550 W|1x 6-pin + 1x 8-pin|C765|||||||||||||||
Radeon R9 290X2|/gpu-specs/radeon-r9-290x2.c2583|Hawaii|"Hawaii XT
										
(215-0852000)"|GCN 2.0|TSMC|28 nm|6,200 million|14.2M / mm²|438 mm²||Jun 24th, 2014|"Volcanic Islands
(R9 200)"|Sea Islands|Pirate Islands|End-of-life|PCIe 3.0 x16||1000 MHz|"1350 MHz
										
					5.4 Gbps effective"|4 GB|GDDR5|512 bit|345.6 GB/s|2816.0|176.0|64.0|44.0|16 KB (per CU)|1024 KB|64.00 GPixel/s|176.0 GTexel/s|5.632 TFLOPS|580 W|2x DVI1x HDMI 1.4a1x DisplayPort 1.2|12 (12_0)|4.6|2.1|1.2.170|6.5|Triple-slot|||950 W|4x 8-pin||704.0 GFLOPS (1:8)|1,399 USD|||||||||||||
Radeon R9 295X2|/gpu-specs/radeon-r9-295x2.c2523|Vesuvius|"Vesuvius XT
										
(215-0852022)"|GCN 2.0|TSMC|28 nm|6,200 million|14.2M / mm²|438 mm²||Apr 29th, 2014|"Volcanic Islands
(R9 200)"|Sea Islands|Pirate Islands|End-of-life|PCIe 3.0 x16|33 in our database|1018 MHz|"1250 MHz
										
					5 Gbps effective"|4 GB|GDDR5|512 bit|320.0 GB/s|2816.0|176.0|64.0|44.0|16 KB (per CU)|1024 KB|65.15 GPixel/s|179.2 GTexel/s|5.733 TFLOPS|500 W|1x DVI4x mini-DisplayPort 1.2|12 (12_0)|4.6|2.1|1.2.170|6.5|Dual-slot|"307 mm
					12.1 inches"|"114 mm
					4.5 inches"|900 W|2x 8-pin|109-C673A7-00D_02|716.7 GFLOPS (1:8)|1,499 USD|"42 mm
					1.7 inches"||||||||||||
Radeon R9 M265X|/gpu-specs/radeon-r9-m265x.c2579|Venus|"Venus PRO
										
(216-0846009)"|GCN 1.0|TSMC|28 nm|1,500 million|12.2M / mm²|123 mm²|FCBGA-962|Mar 21st, 2014|"Gem System
(R9 M200)"|Solar System|Polaris Mobile|End-of-life|PCIe 3.0 x16|||"1000 MHz
										
					4 Gbps effective"|2 GB|GDDR5|128 bit|64.00 GB/s|640.0|40.0|16.0|10.0|16 KB (per CU)|256 KB|10.00 GPixel/s|25.00 GTexel/s|800.0 GFLOPS|unknown|Portable Device Dependent|12 (11_1)|4.6|2.1 (1.2)|1.2.170|6.5 (5.1)|||||||50.00 GFLOPS (1:16)|||575 MHz|625 MHz||||||||||
Radeon R9 M270X|/gpu-specs/radeon-r9-m270x.c2213|Venus|"Venus XT
										
(216-0846000)"|GCN 1.0|TSMC|28 nm|1,500 million|12.2M / mm²|123 mm²|FCBGA-962|Mar 21st, 2014|"Gem System
(R9 M200)"|Solar System|Polaris Mobile|End-of-life|PCIe 3.0 x16|||"1000 MHz
										
					4 Gbps effective"|2 GB|GDDR5|128 bit|64.00 GB/s|640.0|40.0|16.0|10.0|16 KB (per CU)|256 KB|12.40 GPixel/s|31.00 GTexel/s|992.0 GFLOPS|unknown|Portable Device Dependent|12 (11_1)|4.6|2.1 (1.2)|1.2.170|6.5 (5.1)||||||||||725 MHz|775 MHz||||||||||
Radeon R9 M275|/gpu-specs/radeon-r9-m275.c2574|Venus|"Venus XTX
										
(216-0846033)"|GCN 1.0|TSMC|28 nm|1,500 million|12.2M / mm²|123 mm²|FCBGA-962|Jan 28th, 2014|"Gem System
(R9 M200)"|Solar System|Polaris Mobile|End-of-life|PCIe 3.0 x16|||"1000 MHz
										
					4 Gbps effective"|2 GB|GDDR5|128 bit|64.00 GB/s|640.0|40.0|16.0|10.0|16 KB (per CU)|256 KB|14.80 GPixel/s|37.00 GTexel/s|1,184.0 GFLOPS|unknown|Portable Device Dependent|12 (11_1)|4.6|2.1 (1.2)|1.2.170|6.5 (5.1)|||||||74.00 GFLOPS (1:16)|||900 MHz|925 MHz||||||||||
Radeon R9 M275X|/gpu-specs/radeon-r9-m275x.c2658|Venus|"Venus XTX
										
(216-0846033)"|GCN 1.0|TSMC|28 nm|1,500 million|12.2M / mm²|123 mm²|FCBGA-962|Jan 28th, 2014|"Gem System
(R9 M200)"|Solar System|Polaris Mobile|End-of-life|PCIe 3.0 x16|||"1125 MHz
										
					4.5 Gbps effective"|2 GB|GDDR5|128 bit|72.00 GB/s|640.0|40.0|16.0|10.0|16 KB (per CU)|256 KB|14.80 GPixel/s|37.00 GTexel/s|1,184.0 GFLOPS|unknown|Portable Device Dependent|12 (11_1)|4.6|2.1 (1.2)|1.2.170|6.5 (5.1)|||||||74.00 GFLOPS (1:16)|||900 MHz|925 MHz||||||||||
Radeon R9 M290X|/gpu-specs/radeon-r9-m290x.c2546|Neptune|"Neptune XT
										
(216-0847000)"|GCN 1.0|TSMC|28 nm|2,800 million|13.2M / mm²|212 mm²|FCBGA-1737|Jan 9th, 2014|"Gem System
(R9 M200)"|Solar System|Polaris Mobile|End-of-life|PCIe 3.0 x16|||"1200 MHz
										
					4.8 Gbps effective"|4 GB|GDDR5|256 bit|153.6 GB/s|1280.0|80.0|32.0|20.0|16 KB (per CU)|512 KB|28.80 GPixel/s|72.00 GTexel/s|2.304 TFLOPS|100 W|Portable Device Dependent|12 (11_1)|4.6|2.1 (1.2)|1.2.170|6.5 (5.1)|MXM Module|||||C608|144.0 GFLOPS (1:16)|||850 MHz|900 MHz||||||||||
Radeon R9 M290X Mac Edition|/gpu-specs/radeon-r9-m290x-mac-edition.c3770|Pitcairn|"Pitcairn PRO
										
(215-0828062)"|GCN 1.0|TSMC|28 nm|2,800 million|13.2M / mm²|212 mm²|FCBGA-1737|Nov 23rd, 2014|"Gem System
(R9 M200)"|Solar System|Polaris Mobile|End-of-life|PCIe 3.0 x16|||"1365 MHz
										
					5.5 Gbps effective"|2 GB|GDDR5|256 bit|174.7 GB/s|1024.0|64.0|32.0|16.0|16 KB (per CU)|512 KB|31.20 GPixel/s|62.40 GTexel/s|1.997 TFLOPS|80 W|Portable Device Dependent|12 (11_1)|4.6|2.1 (1.2)|1.2.170|6.5 (5.1)|MXM Module|||||C608|124.8 GFLOPS (1:16)|||850 MHz|975 MHz||||||||||
Radeon R9 M295X|/gpu-specs/radeon-r9-m295x.c2670|Amethyst|Amethyst XT|GCN 3.0|TSMC|28 nm|5,000 million|13.7M / mm²|366 mm²||Nov 23rd, 2014|"Gem System
(R9 M200)"|Solar System|Polaris Mobile|End-of-life|MXM-B (3.0)||723 MHz|"1250 MHz
										
					5 Gbps effective"|4 GB|GDDR5|256 bit|160.0 GB/s|2048.0|128.0|32.0|32.0|16 KB (per CU)|512 KB|23.14 GPixel/s|92.54 GTexel/s|2.961 TFLOPS|250 W|Portable Device Dependent|12 (12_0)|4.6|2.1|1.2.170|6.5|MXM Module||||||185.1 GFLOPS (1:16)|||||||2.961 TFLOPS (1:1)|||||||
Radeon R9 M295X Mac Edition|/gpu-specs/radeon-r9-m295x-mac-edition.c2587|Amethyst|Amethyst XT|GCN 3.0|TSMC|28 nm|5,000 million|13.7M / mm²|366 mm²||Nov 23rd, 2014|"Gem System
(R9 M200)"|Solar System|Polaris Mobile|End-of-life|MXM-B (3.0)||850 MHz|"1362 MHz
										
					5.4 Gbps effective"|4 GB|GDDR5|256 bit|174.3 GB/s|2048.0|128.0|32.0|32.0|16 KB (per CU)|512 KB|27.20 GPixel/s|108.8 GTexel/s|3.482 TFLOPS|250 W|Portable Device Dependent|12 (12_0)|4.6|2.1|1.2.170|6.5|MXM Module||||||217.6 GFLOPS (1:16)|||||||3.482 TFLOPS (1:1)|||||||
FirePro M4170|/gpu-specs/firepro-m4170.c2723|Opal||GCN 1.0|TSMC|28 nm|950 million|12.3M / mm²|77 mm²|FCBGA-962|Apr 23rd, 2015|"FirePro Mobile
(Mx100)"|FirePro Mobility|Radeon Pro Mobile|End-of-life|PCIe 3.0 x8|10 in our database||"1000 MHz
										
					4 Gbps effective"|1024 MB|GDDR5|128 bit|64.00 GB/s|384.0|24.0|8.0|6.0|16 KB (per CU)|256 KB|7.200 GPixel/s|21.60 GTexel/s|691.2 GFLOPS|unknown|Portable Device Dependent|12 (11_1)|4.6|2.1 (1.2)|1.2.170|6.5 (5.1)|MXM Module||||||43.20 GFLOPS (1:16)|||825 MHz|900 MHz||||||||||
FirePro S9170|/gpu-specs/firepro-s9170.c2744|Hawaii|Hawaii XT GL|GCN 2.0|TSMC|28 nm|6,200 million|14.2M / mm²|438 mm²||Jul 8th, 2015|"FirePro Server
(Sx100)"|FirePro Terascale|Radeon Pro GCN|End-of-life|PCIe 3.0 x16|4 in our database|930 MHz|"1250 MHz
										
					5 Gbps effective"|32 GB|GDDR5|512 bit|320.0 GB/s|2816.0|176.0|64.0|44.0|16 KB (per CU)|1024 KB|59.52 GPixel/s|163.7 GTexel/s|5.238 TFLOPS|275 W|No outputs|12 (12_0)|4.6|2.1|1.2.170|6.5|Dual-slot|"267 mm
					10.5 inches"|"111 mm
					4.4 inches"|600 W|1x 6-pin + 1x 8-pin|C681|2.619 TFLOPS (1:2)||||||||||||||
FirePro W4170M|/gpu-specs/firepro-w4170m.c4064|Opal||GCN 1.0|TSMC|28 nm|950 million|12.3M / mm²|77 mm²|FCBGA-962|Apr 23rd, 2015|"FirePro Mobile
(Wx100M)"|FirePro Mobility|Radeon Pro Mobile|End-of-life|PCIe 3.0 x8|10 in our database||"1000 MHz
										
					4 Gbps effective"|2 GB|GDDR5|128 bit|64.00 GB/s|384.0|24.0|8.0|6.0|16 KB (per CU)|256 KB|7.200 GPixel/s|21.60 GTexel/s|691.2 GFLOPS|unknown|Portable Device Dependent|12 (11_1)|4.6|2.1 (1.2)|1.2.170|6.5 (5.1)|MXM Module||||||43.20 GFLOPS (1:16)|||825 MHz|900 MHz||||||||||
FirePro W4190M|/gpu-specs/firepro-w4190m.c2799|Opal||GCN 1.0|TSMC|28 nm|950 million|12.3M / mm²|77 mm²|FCBGA-962|Nov 12th, 2015|"FirePro Mobile
(Wx100M)"|FirePro Mobility|Radeon Pro Mobile|End-of-life|PCIe 3.0 x8|10 in our database||"1000 MHz
										
					4 Gbps effective"|2 GB|GDDR5|128 bit|64.00 GB/s|384.0|24.0|8.0|6.0|16 KB (per CU)|256 KB|7.200 GPixel/s|21.60 GTexel/s|691.2 GFLOPS|unknown|Portable Device Dependent|12 (11_1)|4.6|2.1 (1.2)|1.2.170|6.5 (5.1)|MXM Module||||||43.20 GFLOPS (1:16)|||825 MHz|900 MHz||||||||||
FirePro W4300|/gpu-specs/firepro-w4300.c2781|Bonaire|Bonaire PRO GL|GCN 2.0|TSMC|28 nm|2,080 million|13.0M / mm²|160 mm²|FCBGA-1093|Dec 1st, 2015|"FirePro GCN
(Wx300)"|FirePro Terascale|Radeon Pro GCN|End-of-life|PCIe 3.0 x16||930 MHz|"1500 MHz
										
					6 Gbps effective"|4 GB|GDDR5|128 bit|96.00 GB/s|768.0|48.0|16.0|12.0|16 KB (per CU)|256 KB|14.88 GPixel/s|44.64 GTexel/s|1,428.5 GFLOPS|50 W|4x mini-DisplayPort 1.2|12 (12_0)|4.6|2.1|1.2.170|6.5|Single-slot|"171 mm
					6.7 inches"|"69 mm
					2.7 inches"|250 W||109-C93581-00_02|89.28 GFLOPS (1:16)||||||||||||||
FirePro W5130M|/gpu-specs/firepro-w5130m.c2769|Tropo|Tropo LE|GCN 1.0|TSMC|28 nm|1,500 million|12.2M / mm²|123 mm²|FCBGA-962|Oct 2nd, 2015|"FirePro Mobile
(Wx100M)"|FirePro Mobility|Radeon Pro Mobile|End-of-life|PCIe 3.0 x16|10 in our database||"1000 MHz
										
					4 Gbps effective"|2 GB|GDDR5|128 bit|64.00 GB/s|512.0|32.0|16.0|8.0|16 KB (per CU)|256 KB|14.80 GPixel/s|29.60 GTexel/s|947.2 GFLOPS|unknown|Portable Device Dependent|12 (11_1)|4.6|2.1 (1.2)|1.2.170|6.5 (5.1)|||||||59.20 GFLOPS (1:16)|||900 MHz|925 MHz||||||||||
FirePro W6150M|/gpu-specs/firepro-w6150m.c2798|Emerald|"Emerald XT GL
										
(216-0857001)"|GCN 2.0|TSMC|28 nm|2,080 million|13.0M / mm²|160 mm²|FCBGA-1093|Nov 12th, 2015|"FirePro Mobile
(Wx100M)"|FirePro Mobility|Radeon Pro Mobile|End-of-life|MXM-B (3.0)||1075 MHz|"1375 MHz
										
					5.5 Gbps effective"|4 GB|GDDR5|128 bit|88.00 GB/s|768.0|48.0|16.0|12.0|16 KB (per CU)|256 KB|17.20 GPixel/s|51.60 GTexel/s|1.651 TFLOPS|unknown|Portable Device Dependent|12 (12_0)|4.6|2.1|1.2.170|6.5|MXM Module||||||103.2 GFLOPS (1:16)||||||||||||||
FirePro W7170M|/gpu-specs/firepro-w7170m.c2768|Amethyst|Amethyst XT GL|GCN 3.0|TSMC|28 nm|5,000 million|13.7M / mm²|366 mm²||Oct 2nd, 2015|"FirePro Mobile
(Wx100M)"|FirePro Mobility|Radeon Pro Mobile|End-of-life|PCIe 3.0 x16|10 in our database|723 MHz|"1250 MHz
										
					5 Gbps effective"|4 GB|GDDR5|256 bit|160.0 GB/s|2048.0|128.0|32.0|32.0|16 KB (per CU)|512 KB|23.14 GPixel/s|92.54 GTexel/s|2.961 TFLOPS|100 W|Portable Device Dependent|12 (12_0)|4.6|2.1|1.2.170|6.5|MXM Module|||||C608|185.1 GFLOPS (1:16)|||||||2.961 TFLOPS (1:1)|||||||
Radeon E6465|/gpu-specs/radeon-e6465.c2766|Caicos||TeraScale 2|TSMC|40 nm|370 million|5.5M / mm²|67 mm²|FCBGA-631|Sep 29th, 2015|"Embedded
(6000)"|||End-of-life|PCIe 2.0 x16||600 MHz|"800 MHz
										
					3.2 Gbps effective"|2 GB|GDDR5|64 bit|25.60 GB/s|160.0|8.0|4.0|2.0|8 KB (per CU)|128 KB|2.400 GPixel/s|4.800 GTexel/s|192.0 GFLOPS|25 W|Portable Device Dependent|11.2 (11_0)|4.4|1.2||5.0|Single-slot|||||109-C91147-00_04|||||||||||||||
Radeon E8870 MXM|/gpu-specs/radeon-e8870-mxm.c4040|Saturn|"Saturn ES8870
										
(216-0865010)"|GCN 2.0|TSMC|28 nm|2,080 million|13.0M / mm²|160 mm²|FCBGA-1093|Sep 29th, 2015|"Embedded
(8000)"|||End-of-life|MXM-B (3.0)|3 in our database|1000 MHz|"1500 MHz
										
					6 Gbps effective"|4 GB|GDDR5|128 bit|96.00 GB/s|768.0|48.0|16.0|12.0|16 KB (per CU)|256 KB|16.00 GPixel/s|48.00 GTexel/s|1.536 TFLOPS|75 W|Portable Device Dependent|12 (12_0)|4.6|2.1|1.2.170|6.5|MXM Module|||||C600|96.00 GFLOPS (1:16)||||||||||||||
Radeon E8870 PCIe|/gpu-specs/radeon-e8870-pcie.c2767|Saturn|"Saturn ES8870
										
(216-0865010)"|GCN 2.0|TSMC|28 nm|2,080 million|13.0M / mm²|160 mm²|FCBGA-1093|Sep 29th, 2015|"Embedded
(8000)"|||End-of-life|PCIe 3.0 x16|3 in our database|1000 MHz|"1500 MHz
										
					6 Gbps effective"|4 GB|GDDR5|128 bit|96.00 GB/s|768.0|48.0|16.0|12.0|16 KB (per CU)|256 KB|16.00 GPixel/s|48.00 GTexel/s|1.536 TFLOPS|75 W|4x DisplayPort 1.2|12 (12_0)|4.6|2.1|1.2.170|6.5|Single-slot|||||C600|96.00 GFLOPS (1:16)||||||||||||||
Radeon E8950|/gpu-specs/radeon-e8950.c2765|Amethyst|"E8950
										
(215-0851096)"|GCN 3.0|TSMC|28 nm|5,000 million|13.7M / mm²|366 mm²||Sep 29th, 2015|"Embedded
(8000)"|||End-of-life|MXM-B (3.0)|3 in our database||"1500 MHz
										
					6 Gbps effective"|8 GB|GDDR5|256 bit|192.0 GB/s|2048.0|128.0|32.0|32.0|16 KB (per CU)|512 KB|32.00 GPixel/s|128.0 GTexel/s|4.096 TFLOPS|95 W|Portable Device Dependent|12 (12_0)|4.6|2.1|1.2.170|6.5|MXM Module|||||109-C76951-00B_02|256.0 GFLOPS (1:16)|||735 MHz|1000 MHz|||4.096 TFLOPS (1:1)|||||||
Radeon R2 Mobile Graphics|/gpu-specs/radeon-r2-mobile-graphics.c3634|Beema||GCN 2.0|GlobalFoundries|28 nm|930 million|8.7M / mm²|107 mm²||Jan 28th, 2015|"GCN 2.0 IGP
(Mullins Mobile)"|TeraScale 3 IGP|GCN 3.0 IGP|End-of-life|IGP||497 MHz|System Shared|System Shared|System Shared|System Shared|System Dependent|128.0|8.0|4.0|2.0|||1.988 GPixel/s|3.976 GTexel/s|127.2 GFLOPS|15 W|Portable Device Dependent|12 (12_0)|4.6|2.1|1.2.170|6.5|IGP||||||7.952 GFLOPS (1:16)||||||||||||||
Radeon R2 Mobile Graphics|/gpu-specs/radeon-r2-mobile-graphics.c2500|Beema||GCN 2.0|GlobalFoundries|28 nm|930 million|8.7M / mm²|107 mm²||Jan 28th, 2015|"GCN 2.0 IGP
(Mullins Mobile)"|TeraScale 3 IGP|GCN 3.0 IGP|End-of-life|IGP||300 MHz|System Shared|System Shared|System Shared|System Shared|System Dependent|128.0|8.0|4.0|2.0|||1.200 GPixel/s|2.400 GTexel/s|76.80 GFLOPS|15 W|Portable Device Dependent|12 (12_0)|4.6|2.1|1.2.170|6.5|IGP||||||4.800 GFLOPS (1:16)||||||||||||||
Radeon R2E Mobile Graphics|/gpu-specs/radeon-r2e-mobile-graphics.c4043|Beema||GCN 2.0|GlobalFoundries|28 nm|930 million|8.7M / mm²|107 mm²||Jan 28th, 2015|"GCN 2.0 IGP
(Mullins Mobile)"|TeraScale 3 IGP|GCN 3.0 IGP|End-of-life|IGP||300 MHz|System Shared|System Shared|System Shared|System Shared|System Dependent|128.0|8.0|4.0|2.0|||1.200 GPixel/s|2.400 GTexel/s|76.80 GFLOPS|15 W|Portable Device Dependent|12 (12_0)|4.6|2.1|1.2.170|6.5|IGP||||||4.800 GFLOPS (1:16)||||||||||||||
Radeon R3 Mobile Graphics|/gpu-specs/radeon-r3-mobile-graphics.c2494|Beema||GCN 2.0|GlobalFoundries|28 nm|930 million|8.7M / mm²|107 mm²||Jan 28th, 2015|"GCN 2.0 IGP
(Mullins Mobile)"|TeraScale 3 IGP|GCN 3.0 IGP|End-of-life|IGP||600 MHz|System Shared|System Shared|System Shared|System Shared|System Dependent|128.0|8.0|4.0|2.0|||2.400 GPixel/s|4.800 GTexel/s|153.6 GFLOPS|15 W|Portable Device Dependent|12 (12_0)|4.6|2.1|1.2.170|6.5|IGP||||||9.600 GFLOPS (1:16)||||||||||||||
Radeon R3E Mobile Graphics|/gpu-specs/radeon-r3e-mobile-graphics.c3635|Beema||GCN 2.0|GlobalFoundries|28 nm|930 million|8.7M / mm²|107 mm²||Jan 28th, 2015|"GCN 2.0 IGP
(Mullins Mobile)"|TeraScale 3 IGP|GCN 3.0 IGP|End-of-life|IGP||351 MHz|System Shared|System Shared|System Shared|System Shared|System Dependent|128.0|8.0|4.0|2.0|||1.404 GPixel/s|2.808 GTexel/s|89.86 GFLOPS|15 W|Portable Device Dependent|12 (12_0)|4.6|2.1|1.2.170|6.5|IGP||||||5.616 GFLOPS (1:16)||||||||||||||
Radeon R5 310 OEM|/gpu-specs/radeon-r5-310-oem.c3025|Caicos|"Caicos XT
										
(215-0804070)"|TeraScale 2|TSMC|40 nm|370 million|5.5M / mm²|67 mm²|FCBGA-631|May 5th, 2015|"Pirate Islands
(R5 300)"|Volcanic Islands|Arctic Islands|End-of-life|PCIe 2.0 x16||875 MHz|"900 MHz
										
					1800 Mbps effective"|1024 MB|DDR3|64 bit|14.40 GB/s|160.0|8.0|4.0|2.0|8 KB (per CU)|128 KB|3.500 GPixel/s|7.000 GTexel/s|280.0 GFLOPS|35 W|1x DVI1x HDMI 1.3a|11.2 (11_0)|4.4|1.2||5.0|Single-slot|"168 mm
					6.6 inches"||200 W||C264|||||||||||||||
Radeon R5 310 OEM|/gpu-specs/radeon-r5-310-oem.c2680|Caicos|"Caicos XT
										
(215-0804070)"|TeraScale 2|TSMC|40 nm|370 million|5.5M / mm²|67 mm²|FCBGA-631|May 5th, 2015|"Pirate Islands
(R5 300)"|Volcanic Islands|Arctic Islands|End-of-life|PCIe 2.0 x16||775 MHz|"805 MHz
										
					1610 Mbps effective"|2 GB|DDR3|64 bit|12.88 GB/s|160.0|8.0|4.0|2.0|8 KB (per CU)|128 KB|3.100 GPixel/s|6.200 GTexel/s|248.0 GFLOPS|35 W|1x DVI1x HDMI 1.3a|11.2 (11_0)|4.4|1.2||5.0|Single-slot|"168 mm
					6.6 inches"||200 W||C264|||||||||||||||
Radeon R5 330 OEM|/gpu-specs/radeon-r5-330-oem.c2727|Exo|"Exo S3 UL
										
(216-0867040)"|GCN 1.0|TSMC|28 nm|690 million|12.3M / mm²|56 mm²|FCBGA-631|May 5th, 2015|"Pirate Islands
(R5 300)"|Volcanic Islands|Arctic Islands|End-of-life|PCIe 3.0 x8|||"900 MHz
										
					1800 Mbps effective"|2 GB|DDR3|64 bit|14.40 GB/s|320.0|20.0|8.0|5.0|16 KB (per CU)|128 KB|6.840 GPixel/s|17.10 GTexel/s|547.2 GFLOPS|50 W|No outputs|12 (11_1)|4.6|2.1 (1.2)|1.2.170|6.5 (5.1)|Single-slot|||250 W||109-C602||||830 MHz|855 MHz||||||||||
Radeon R5 340 OEM|/gpu-specs/radeon-r5-340-oem.c2683|Oland|"Oland PRO
										
(215-0837015)"|GCN 1.0|TSMC|28 nm|950 million|12.3M / mm²|77 mm²|FCBGA-962|May 5th, 2015|"Pirate Islands
(R5 300)"|Volcanic Islands|Arctic Islands|End-of-life|PCIe 3.0 x8|||"1150 MHz
										
					4.6 Gbps effective"|1024 MB|GDDR5|64 bit|36.80 GB/s|384.0|24.0|8.0|6.0|16 KB (per CU)|128 KB|6.240 GPixel/s|18.72 GTexel/s|599.0 GFLOPS|65 W|1x DVI1x DisplayPort 1.2|12 (11_1)|4.6|2.1 (1.2)|1.2.170|6.5 (5.1)|Single-slot|"145 mm
					5.7 inches"||250 W||C869, C870|37.44 GFLOPS (1:16)|||730 MHz|780 MHz||||||||||
Radeon R5 340X OEM|/gpu-specs/radeon-r5-340x-oem.c2820|Oland|"Oland XT
										
(215-0837006)"|GCN 1.0|TSMC|28 nm|950 million|12.3M / mm²|77 mm²|FCBGA-962|May 5th, 2015|"Pirate Islands
(R5 300)"|Volcanic Islands|Arctic Islands|End-of-life|PCIe 3.0 x8||900 MHz|"1000 MHz
										
					2 Gbps effective"|2 GB|DDR3|64 bit|16.00 GB/s|384.0|24.0|8.0|6.0|16 KB (per CU)|128 KB|7.200 GPixel/s|21.60 GTexel/s|691.2 GFLOPS|65 W|1x DVI1x DisplayPort 1.2|12 (11_1)|4.6|2.1 (1.2)|1.2.170|6.5 (5.1)|Single-slot|"145 mm
					5.7 inches"||250 W||109-C87051-00|43.20 GFLOPS (1:16)||||||||||||||
Radeon R5 A320|/gpu-specs/radeon-r5-a320.c2728|Jet|"Jet PRO
										
(216-0856040)"|GCN 1.0|TSMC|28 nm|690 million|12.3M / mm²|56 mm²|FCBGA-962|2015|"All-In-One
(Rx 300)"|||End-of-life|PCIe 3.0 x8|||"1000 MHz
										
					2 Gbps effective"|1024 MB|DDR3|64 bit|16.00 GB/s|320.0|20.0|8.0|5.0|16 KB (per CU)|128 KB|6.600 GPixel/s|16.50 GTexel/s|528.0 GFLOPS|unknown|Portable Device Dependent|12 (11_1)|4.6|2.1 (1.2)|1.2.170|6.5 (5.1)||||||||||750 MHz|825 MHz||||||||||
Radeon R5 A330|/gpu-specs/radeon-r5-a330.c3110|Exo||GCN 1.0|TSMC|28 nm|690 million|12.3M / mm²|56 mm²|FCBGA-631|Oct 21st, 2015|"All-In-One
(Rx 300)"|||End-of-life|PCIe 3.0 x8||1030 MHz|"900 MHz
										
					1800 Mbps effective"|2 GB|DDR3|64 bit|14.40 GB/s|320.0|20.0|8.0|5.0|16 KB (per CU)|128 KB|8.240 GPixel/s|20.60 GTexel/s|659.2 GFLOPS|unknown|Portable Device Dependent|12 (11_1)|4.6|2.1 (1.2)|1.2.170|6.5 (5.1)|||||||||||||||||||||
Radeon R5 A335|/gpu-specs/radeon-r5-a335.c2935|Exo||GCN 1.0|TSMC|28 nm|690 million|12.3M / mm²|56 mm²|FCBGA-631|Oct 21st, 2015|"All-In-One
(Rx 300)"|||End-of-life|PCIe 3.0 x8||1070 MHz|"900 MHz
										
					1800 Mbps effective"|2 GB|DDR3|64 bit|14.40 GB/s|320.0|20.0|8.0|5.0|16 KB (per CU)|128 KB|8.560 GPixel/s|21.40 GTexel/s|684.8 GFLOPS|unknown|Portable Device Dependent|12 (11_1)|4.6|2.1 (1.2)|1.2.170|6.5 (5.1)|||||||||||||||||||||
Radeon R5 M315|/gpu-specs/radeon-r5-m315.c2895|Meso|"Meso LE
										
(216-0864046)"|GCN 3.0|TSMC|28 nm|1,550 million|12.4M / mm²|125 mm²||May 5th, 2015|"Gem System
(R5 M300)"|Solar System|Polaris Mobile|End-of-life|PCIe 3.0 x8||970 MHz|"900 MHz
										
					1800 Mbps effective"|2 GB|DDR3|64 bit|14.40 GB/s|384.0|24.0|8.0|6.0|16 KB (per CU)|128 KB|7.760 GPixel/s|23.28 GTexel/s|745.0 GFLOPS|unknown|Portable Device Dependent|12 (12_0)|4.6|2.1|1.2.170|6.5|||||||46.56 GFLOPS (1:16)|||||||745.0 GFLOPS (1:1)|||||||
Radeon R5 M320|/gpu-specs/radeon-r5-m320.c2693|Jet|"Jet PRO
										
(216-0856040)"|GCN 1.0|TSMC|28 nm|690 million|12.3M / mm²|56 mm²|FCBGA-962|May 5th, 2015|"Gem System
(R5 M300)"|Solar System|Polaris Mobile|End-of-life|PCIe 3.0 x8|||"1000 MHz
										
					2 Gbps effective"|4 GB|DDR3|64 bit|16.00 GB/s|320.0|20.0|8.0|5.0|16 KB (per CU)|128 KB|6.840 GPixel/s|17.10 GTexel/s|547.2 GFLOPS|unknown|Portable Device Dependent|12 (11_1)|4.6|2.1 (1.2)|1.2.170|6.5 (5.1)|IGP||||||34.20 GFLOPS (1:16)|||780 MHz|855 MHz||||||||||
Radeon R5 M330|/gpu-specs/radeon-r5-m330.c2681|Exo|"Exo S3 PRO
										
(216-0867030)"|GCN 1.0|TSMC|28 nm|690 million|12.3M / mm²|56 mm²|FCBGA-631|May 5th, 2015|"Gem System
(R5 M300)"|Solar System|Polaris Mobile|End-of-life|PCIe 3.0 x8|||"900 MHz
										
					1800 Mbps effective"|2 GB|DDR3|64 bit|14.40 GB/s|320.0|20.0|8.0|5.0|16 KB (per CU)|128 KB|8.240 GPixel/s|20.60 GTexel/s|659.2 GFLOPS|18 W|Portable Device Dependent|12 (11_1)|4.6|2.1 (1.2)|1.2.170|6.5 (5.1)|IGP||||||41.20 GFLOPS (1:16)|||955 MHz|1030 MHz||||||||||
Radeon R5 M335|/gpu-specs/radeon-r5-m335.c2692|Exo|"Exo S3 PRO
										
(216-0867030)"|GCN 1.0|TSMC|28 nm|690 million|12.3M / mm²|56 mm²|FCBGA-631|Oct 21st, 2015|"Gem System
(R5 M300)"|Solar System|Polaris Mobile|End-of-life|PCIe 3.0 x8||1030 MHz|"900 MHz
										
					1800 Mbps effective"|2 GB|DDR3|64 bit|14.40 GB/s|320.0|20.0|8.0|5.0|16 KB (per CU)|128 KB|8.240 GPixel/s|20.60 GTexel/s|659.2 GFLOPS|unknown|Portable Device Dependent|12 (11_1)|4.6|2.1 (1.2)|1.2.170|6.5 (5.1)|||||||41.20 GFLOPS (1:16)||||||||||||||
Radeon R5 Mobile Graphics|/gpu-specs/radeon-r5-mobile-graphics.c3005|Wani||GCN 3.0|GlobalFoundries|28 nm|1,200 million|9.6M / mm²|125 mm²|µPGA / µBGA|Nov 7th, 2015|"GCN 3.0 IGP
(Carrizo Mobile)"|GCN 2.0 IGP|Vega IGP|End-of-life|IGP|||System Shared|System Shared|System Shared|System Shared|System Dependent|384.0|24.0|8.0|6.0|||5.760 GPixel/s|17.28 GTexel/s|553.0 GFLOPS|15 W|Portable Device Dependent|12 (12_0)|4.6|2.1|1.2.170|6.5|IGP||||||276.5 GFLOPS (1:2)|||200 MHz|720 MHz|||553.0 GFLOPS (1:1)|||||||
Radeon R6 M335DX|/gpu-specs/radeon-r6-m335dx.c2941|Jet|Jet XT|GCN 1.0|TSMC|28 nm|690 million|12.3M / mm²|56 mm²|FCBGA-962|Dec 12th, 2015|"Gem System Hybrid
(Rx M300)"|||End-of-life|IGP|||System Shared|System Shared|System Shared|System Shared|System Dependent|384.0|24.0|8.0|6.0|16 KB (per CU)|256 KB|8.240 GPixel/s|24.72 GTexel/s|791.0 GFLOPS|unknown|Portable Device Dependent|12 (11_1)|4.6|2.1 (1.2)|1.2.170|6.5 (5.1)|IGP||||||49.44 GFLOPS (1:16)|||955 MHz|1030 MHz||||||||||
Radeon R6 M340DX|/gpu-specs/radeon-r6-m340dx.c2942|Jet|Jet XT|GCN 1.0|TSMC|28 nm|690 million|12.3M / mm²|56 mm²|FCBGA-962|Dec 12th, 2015|"Gem System Hybrid
(Rx M300)"|||End-of-life|IGP|||System Shared|System Shared|System Shared|System Shared|System Dependent|384.0|24.0|8.0|6.0|16 KB (per CU)|256 KB|8.240 GPixel/s|24.72 GTexel/s|791.0 GFLOPS|unknown|Portable Device Dependent|12 (11_1)|4.6|2.1 (1.2)|1.2.170|6.5 (5.1)|IGP||||||49.44 GFLOPS (1:16)|||955 MHz|1030 MHz||||||||||
Radeon R6 Mobile Graphics|/gpu-specs/radeon-r6-mobile-graphics.c2780|Wani||GCN 3.0|GlobalFoundries|28 nm|1,200 million|9.6M / mm²|125 mm²|µPGA / µBGA|Nov 7th, 2015|"GCN 3.0 IGP
(Carrizo Mobile)"|GCN 2.0 IGP|Vega IGP|End-of-life|IGP|||System Shared|System Shared|System Shared|System Shared|System Dependent|384.0|24.0|8.0|6.0|||5.760 GPixel/s|17.28 GTexel/s|553.0 GFLOPS|15 W|Portable Device Dependent|12 (12_0)|4.6|2.1|1.2.170|6.5|IGP||||||276.5 GFLOPS (1:2)|||200 MHz|720 MHz|||553.0 GFLOPS (1:1)|||||||
Radeon R7 340 OEM|/gpu-specs/radeon-r7-340-oem.c2946|Oland||GCN 1.0|TSMC|28 nm|950 million|12.3M / mm²|77 mm²|FCBGA-962|May 5th, 2015|"Pirate Islands
(R7 300)"|Volcanic Islands|Arctic Islands|End-of-life|PCIe 3.0 x8|||"1000 MHz
										
					4 Gbps effective"|2 GB|GDDR5|128 bit|64.00 GB/s|384.0|24.0|8.0|6.0|16 KB (per CU)|256 KB|6.240 GPixel/s|18.72 GTexel/s|599.0 GFLOPS|50 W|1x DVI1x HDMI 1.4a1x VGA|12 (11_1)|4.6|2.1 (1.2)|1.2.170|6.5 (5.1)|Single-slot|||250 W|||37.44 GFLOPS (1:16)|||730 MHz|780 MHz||||||||||
Radeon R7 340 OEM|/gpu-specs/radeon-r7-340-oem.c2684|Oland||GCN 1.0|TSMC|28 nm|950 million|12.3M / mm²|77 mm²|FCBGA-962|May 5th, 2015|"Pirate Islands
(R7 300)"|Volcanic Islands|Arctic Islands|End-of-life|PCIe 3.0 x8|||"900 MHz
										
					1800 Mbps effective"|2 GB|DDR3|128 bit|28.80 GB/s|384.0|24.0|8.0|6.0|16 KB (per CU)|256 KB|6.240 GPixel/s|18.72 GTexel/s|599.0 GFLOPS|50 W|1x DVI1x HDMI 1.4a1x VGA|12 (11_1)|4.6|2.1 (1.2)|1.2.170|6.5 (5.1)|Single-slot|||250 W||C552|37.44 GFLOPS (1:16)|||730 MHz|780 MHz||||||||||
Radeon R7 350 Fake Card|/gpu-specs/radeon-r7-350-fake-card.c2696|Opal|Opal XT|GCN 1.0|TSMC|28 nm|950 million|12.3M / mm²|77 mm²|FCBGA-962|2015|"Pirate Islands
(R7 300)"|Volcanic Islands|Arctic Islands|End-of-life|PCIe 3.0 x8||1050 MHz|"1150 MHz
										
					4.6 Gbps effective"|2 GB|GDDR5|64 bit|36.80 GB/s|384.0|24.0|8.0|6.0|16 KB (per CU)|128 KB|8.400 GPixel/s|25.20 GTexel/s|806.4 GFLOPS|35 W|1x HDMI 1.4a1x DisplayPort 1.21x VGA|12 (11_1)|4.6|2.1 (1.2)|1.2.170|6.5 (5.1)|Single-slot|||200 W||C550|||||||||||||||
Radeon R7 350 OEM|/gpu-specs/radeon-r7-350-oem.c2682|Oland|"Oland XT
										
(215-0837006)"|GCN 1.0|TSMC|28 nm|950 million|12.3M / mm²|77 mm²|FCBGA-962|May 5th, 2015|"Pirate Islands
(R7 300)"|Volcanic Islands|Arctic Islands|End-of-life|PCIe 3.0 x8|||"1150 MHz
										
					4.6 Gbps effective"|2 GB|GDDR5|128 bit|73.60 GB/s|384.0|24.0|8.0|6.0|16 KB (per CU)|256 KB|8.400 GPixel/s|25.20 GTexel/s|806.4 GFLOPS|65 W|1x DVI1x HDMI 1.4a1x VGA|12 (11_1)|4.6|2.1 (1.2)|1.2.170|6.5 (5.1)|Dual-slot|||250 W||C550, C576|50.40 GFLOPS (1:16)|||1000 MHz|1050 MHz||||||||||
Radeon R7 350X OEM|/gpu-specs/radeon-r7-350x-oem.c2819|Oland|"Oland XT
										
(215-0837006)"|GCN 1.0|TSMC|28 nm|950 million|12.3M / mm²|77 mm²|FCBGA-962|May 5th, 2015|"Pirate Islands
(R7 300)"|Volcanic Islands|Arctic Islands|End-of-life|PCIe 3.0 x8|||"1000 MHz
										
					2 Gbps effective"|4 GB|DDR3|128 bit|32.00 GB/s|384.0|24.0|8.0|6.0|16 KB (per CU)|256 KB|8.400 GPixel/s|25.20 GTexel/s|806.4 GFLOPS|65 W|1x DVI1x HDMI 1.4a|12 (11_1)|4.6|2.1 (1.2)|1.2.170|6.5 (5.1)|Single-slot|||250 W||109-C87251-01|50.40 GFLOPS (1:16)|||1000 MHz|1050 MHz||||||||||
Radeon R7 360|/gpu-specs/radeon-r7-360.c2733|Tobago|"Tobago PRO
										
(215-0875010)"|GCN 2.0|TSMC|28 nm|2,080 million|13.0M / mm²|160 mm²|FCBGA-1093|Jun 18th, 2015|"Pirate Islands
(R7 300)"|Volcanic Islands|Arctic Islands|End-of-life|PCIe 3.0 x16|7 in our database||"1500 MHz
										
					6 Gbps effective"|2 GB|GDDR5|128 bit|96.00 GB/s|768.0|48.0|16.0|12.0|16 KB (per CU)|256 KB|16.80 GPixel/s|50.40 GTexel/s|1.613 TFLOPS|100 W|1x DVI1x HDMI 1.4a1x DisplayPort 1.2|12 (12_0)|4.6|2.1|1.2.170|6.5|Single-slot|"165 mm
					6.5 inches"||300 W|1x 6-pin|C582, C913, C936|100.8 GFLOPS (1:16)|109 USD||1000 MHz|1050 MHz||||||||||
Radeon R7 360 896SP|/gpu-specs/radeon-r7-360-896sp.c2811|Tobago|Tobago XT|GCN 2.0|TSMC|28 nm|2,080 million|13.0M / mm²|160 mm²|FCBGA-1093|Jun 18th, 2015|"Pirate Islands
(R7 300)"|Volcanic Islands|Arctic Islands|End-of-life|PCIe 3.0 x16|7 in our database|1100 MHz|"1500 MHz
										
					6 Gbps effective"|2 GB|GDDR5|128 bit|96.00 GB/s|896.0|56.0|16.0|14.0|16 KB (per CU)|256 KB|17.60 GPixel/s|61.60 GTexel/s|1.971 TFLOPS|85 W|2x DVI1x HDMI 1.4a1x DisplayPort 1.2|12 (12_0)|4.6|2.1|1.2.170|6.5|Dual-slot|"183 mm
					7.2 inches"||250 W|1x 6-pin|C582|123.2 GFLOPS (1:16)||||||||||||||
Radeon R7 360E|/gpu-specs/radeon-r7-360e.c2827|Tobago|"Tobago PRO
										
(215-0875010)"|GCN 2.0|TSMC|28 nm|2,080 million|13.0M / mm²|160 mm²|FCBGA-1093|Dec 30th, 2015|"Pirate Islands
(R7 300)"|Volcanic Islands|Arctic Islands|End-of-life|PCIe 3.0 x16||1050 MHz|"1500 MHz
										
					6 Gbps effective"|2 GB|GDDR5|128 bit|96.00 GB/s|768.0|48.0|16.0|12.0|16 KB (per CU)|256 KB|16.80 GPixel/s|50.40 GTexel/s|1.613 TFLOPS|75 W|1x DVI1x HDMI 1.4a1x DisplayPort 1.2|12 (12_0)|4.6|2.1|1.2.170|6.5|Dual-slot|||250 W||C913, C936|100.8 GFLOPS (1:16)||||||||||||||
Radeon R7 370|/gpu-specs/radeon-r7-370.c2645|Trinidad|"Trinidad PRO
										
(215-0870020)"|GCN 1.0|TSMC|28 nm|2,800 million|13.2M / mm²|212 mm²|FCBGA-1737|Jun 18th, 2015|"Pirate Islands
(R7 300)"|Volcanic Islands|Arctic Islands|End-of-life|PCIe 3.0 x16|21 in our database||"1400 MHz
										
					5.6 Gbps effective"|2 GB|GDDR5|256 bit|179.2 GB/s|1024.0|64.0|32.0|16.0|16 KB (per CU)|512 KB|31.20 GPixel/s|62.40 GTexel/s|1.997 TFLOPS|110 W|2x DVI1x HDMI 1.4a1x DisplayPort 1.2|12 (11_1)|4.6|2.1 (1.2)|1.2.170|6.5 (5.1)|Dual-slot|"152 mm
					6 inches"||300 W|1x 6-pin|C631, 109-C63447-00B_02|124.8 GFLOPS (1:16)|149 USD||925 MHz|975 MHz||||||||||
Radeon R7 A360|/gpu-specs/radeon-r7-a360.c3111|Meso|"Meso XT
										
(216-0864018)"|GCN 3.0|TSMC|28 nm|1,550 million|12.4M / mm²|125 mm²||May 5th, 2015|"All-In-One
(Rx 300)"|||End-of-life|PCIe 3.0 x8|||"900 MHz
										
					1800 Mbps effective"|2 GB|DDR3|64 bit|14.40 GB/s|384.0|24.0|8.0|6.0|16 KB (per CU)|128 KB|9.000 GPixel/s|27.00 GTexel/s|864.0 GFLOPS|unknown|Portable Device Dependent|12 (12_0)|4.6|2.1|1.2.170|6.5|||||||54.00 GFLOPS (1:16)|||1100 MHz|1125 MHz|||864.0 GFLOPS (1:1)|||||||
Radeon R7 A360|/gpu-specs/radeon-r7-a360.c2712|Opal|Opal XT|GCN 1.0|TSMC|28 nm|950 million|12.3M / mm²|77 mm²|FCBGA-962|2015|"All-In-One
(Rx 300)"|||End-of-life|PCIe 3.0 x8|||"900 MHz
										
					1800 Mbps effective"|2 GB|DDR3|128 bit|28.80 GB/s|384.0|24.0|8.0|6.0|16 KB (per CU)|256 KB|6.600 GPixel/s|19.80 GTexel/s|633.6 GFLOPS|unknown|Portable Device Dependent|12 (11_1)|4.6|2.1 (1.2)|1.2.170|6.5 (5.1)||||||||||725 MHz|825 MHz||||||||||
Radeon R7 M260X|/gpu-specs/radeon-r7-m260x.c2483|Opal|Opal PRO|GCN 1.0|TSMC|28 nm|950 million|12.3M / mm²|77 mm²|FCBGA-962|Dec 6th, 2015|"Gem System
(R7 M200)"|Solar System|Polaris Mobile|End-of-life|PCIe 3.0 x8|||"1000 MHz
										
					4 Gbps effective"|1024 MB|GDDR5|128 bit|64.00 GB/s|384.0|24.0|8.0|6.0|16 KB (per CU)|256 KB|5.720 GPixel/s|17.16 GTexel/s|549.1 GFLOPS|unknown|Portable Device Dependent|12 (11_1)|4.6|2.1 (1.2)|1.2.170|6.5 (5.1)||||||||||620 MHz|715 MHz||||||||||
Radeon R7 M340|/gpu-specs/radeon-r7-m340.c3109|Opal|Opal PRO|GCN 1.0|TSMC|28 nm|950 million|12.3M / mm²|77 mm²|FCBGA-962|Dec 6th, 2015|"Gem System
(R7 M300)"|Solar System|Polaris Mobile|End-of-life|PCIe 3.0 x8|||"1000 MHz
										
					2 Gbps effective"|1024 MB|DDR3|64 bit|16.00 GB/s|384.0|24.0|8.0|6.0|16 KB (per CU)|256 KB|5.720 GPixel/s|17.16 GTexel/s|549.1 GFLOPS|unknown|Portable Device Dependent|12 (11_1)|4.6|2.1 (1.2)|1.2.170|6.5 (5.1)|||||||34.32 GFLOPS (1:16)|||620 MHz|715 MHz||||||||||
Radeon R7 M340|/gpu-specs/radeon-r7-m340.c2687|Meso|"Meso PRO
										
(216-0864032)"|GCN 3.0|TSMC|28 nm|1,550 million|12.4M / mm²|125 mm²||May 5th, 2015|"Gem System
(R7 M300)"|Solar System|Polaris Mobile|End-of-life|PCIe 3.0 x8|||"1000 MHz
										
					2 Gbps effective"|2 GB|DDR3|64 bit|16.00 GB/s|320.0|20.0|8.0|5.0|16 KB (per CU)|128 KB|8.168 GPixel/s|20.42 GTexel/s|653.4 GFLOPS|unknown|Portable Device Dependent|12 (12_0)|4.6|2.1|1.2.170|6.5|||||||40.84 GFLOPS (1:16)|||943 MHz|1021 MHz|||653.4 GFLOPS (1:1)|||||||
Radeon R7 M350|/gpu-specs/radeon-r7-m350.c2745|Meso|"Meso XT
										
(216-0864018)"|GCN 3.0|TSMC|28 nm|1,550 million|12.4M / mm²|125 mm²||May 5th, 2015|"Gem System
(R7 M300)"|Solar System|Polaris Mobile|End-of-life|PCIe 3.0 x8|||"1000 MHz
										
					2 Gbps effective"|4 GB|DDR3|64 bit|16.00 GB/s|384.0|24.0|8.0|6.0|16 KB (per CU)|128 KB|8.120 GPixel/s|24.36 GTexel/s|779.5 GFLOPS|unknown|Portable Device Dependent|12 (12_0)|4.6|2.1|1.2.170|6.5|||||||48.72 GFLOPS (1:16)|||1000 MHz|1015 MHz|||779.5 GFLOPS (1:1)|||||||
Radeon R7 M350 2GB|/gpu-specs/radeon-r7-m350-2gb.c4241|Litho|"Litho XT
										
(216-0868010)"|GCN 1.0|TSMC|28 nm|950 million|12.3M / mm²|77 mm²|FCBGA-962|May 5th, 2015|"Gem System
(R7 M300)"|Solar System|Polaris Mobile|End-of-life|PCIe 3.0 x8||825 MHz|"1000 MHz
										
					4 Gbps effective"|2 GB|GDDR5|128 bit|64.00 GB/s|384.0|24.0|8.0|6.0|16 KB (per CU)|128 KB|6.600 GPixel/s|19.80 GTexel/s|633.6 GFLOPS|unknown|Portable Device Dependent|12 (11_1)|4.6|2.1 (1.2)|1.2.170|6.5 (5.1)|||||||39.60 GFLOPS (1:16)|||||||633.6 GFLOPS (1:1)|||||||
Radeon R7 M360|/gpu-specs/radeon-r7-m360.c2686|Meso|"Meso XT
										
(216-0864018)"|GCN 3.0|TSMC|28 nm|1,550 million|12.4M / mm²|125 mm²||May 5th, 2015|"Gem System
(R7 M300)"|Solar System|Polaris Mobile|End-of-life|PCIe 3.0 x8|||"900 MHz
										
					1800 Mbps effective"|2 GB|DDR3|64 bit|14.40 GB/s|384.0|24.0|8.0|6.0|16 KB (per CU)|128 KB|9.000 GPixel/s|27.00 GTexel/s|864.0 GFLOPS|unknown|Portable Device Dependent|12 (12_0)|4.6|2.1|1.2.170|6.5|||||||54.00 GFLOPS (1:16)|||1100 MHz|1125 MHz|||864.0 GFLOPS (1:1)|||||||
Radeon R7 M365X|/gpu-specs/radeon-r7-m365x.c2762|Litho|"Litho XT
										
(216-0868010)"|GCN 1.0|TSMC|28 nm|950 million|12.3M / mm²|77 mm²|FCBGA-962|May 5th, 2015|"Gem System
(R7 M300)"|Solar System|Polaris Mobile|End-of-life|PCIe 3.0 x8||825 MHz|"1000 MHz
										
					4 Gbps effective"|1024 MB|GDDR5|128 bit|64.00 GB/s|384.0|24.0|8.0|6.0|16 KB (per CU)|256 KB|6.600 GPixel/s|19.80 GTexel/s|633.6 GFLOPS|unknown|Portable Device Dependent|12 (11_1)|4.6|2.1 (1.2)|1.2.170|6.5 (5.1)|||||||39.60 GFLOPS (1:16)||||||||||||||
Radeon R7 M370|/gpu-specs/radeon-r7-m370.c2695|Litho|"Litho XT
										
(216-0868010)"|GCN 1.0|TSMC|28 nm|950 million|12.3M / mm²|77 mm²|FCBGA-962|May 5th, 2015|"Gem System
(R7 M300)"|Solar System|Polaris Mobile|End-of-life|PCIe 3.0 x8|||"900 MHz
										
					3.6 Gbps effective"|2 GB|GDDR5|128 bit|57.60 GB/s|384.0|24.0|8.0|6.0|16 KB (per CU)|256 KB|7.680 GPixel/s|23.04 GTexel/s|737.3 GFLOPS|unknown|Portable Device Dependent|12 (11_1)|4.6|2.1 (1.2)|1.2.170|6.5 (5.1)|||||||46.08 GFLOPS (1:16)|||875 MHz|960 MHz||||||||||
Radeon R7 M380|/gpu-specs/radeon-r7-m380.c3046|Tropo|Tropo XT|GCN 1.0|TSMC|28 nm|1,500 million|12.2M / mm²|123 mm²|FCBGA-962|May 5th, 2015|"Gem System
(R7 M300)"|Solar System|Polaris Mobile|End-of-life|PCIe 3.0 x16|||"1000 MHz
										
					2 Gbps effective"|4 GB|DDR3|128 bit|32.00 GB/s|640.0|40.0|16.0|10.0|16 KB (per CU)|256 KB|14.64 GPixel/s|36.60 GTexel/s|1,171.2 GFLOPS|unknown|Portable Device Dependent|12 (11_1)|4.6|2.1 (1.2)|1.2.170|6.5 (5.1)|||||||73.20 GFLOPS (1:16)|||900 MHz|915 MHz||||||||||
Radeon R7 Mobile Graphics|/gpu-specs/radeon-r7-mobile-graphics.c2779|Wani||GCN 3.0|GlobalFoundries|28 nm|1,200 million|9.6M / mm²|125 mm²|µPGA / µBGA|Nov 15th, 2015|"GCN 3.0 IGP
(Carrizo Mobile)"|GCN 2.0 IGP|Vega IGP|End-of-life|IGP|||System Shared|System Shared|System Shared|System Shared|System Dependent|512.0|32.0|8.0|8.0|||5.760 GPixel/s|23.04 GTexel/s|737.3 GFLOPS|15 W|Portable Device Dependent|12 (12_0)|4.6|2.1|1.2.170|6.5|IGP||||||368.6 GFLOPS (1:2)|||200 MHz|720 MHz|||737.3 GFLOPS (1:1)|||||||
Radeon R8 M350DX|/gpu-specs/radeon-r8-m350dx.c2802|Jet|Jet XT|GCN 1.0|TSMC|28 nm|690 million|12.3M / mm²|56 mm²|FCBGA-962|Dec 12th, 2015|"Gem System Hybrid
(Rx M300)"|||End-of-life|IGP|||System Shared|System Shared|System Shared|System Shared|System Dependent|384.0|24.0|8.0|6.0|16 KB (per CU)|256 KB|8.240 GPixel/s|24.72 GTexel/s|791.0 GFLOPS|unknown|Portable Device Dependent|12 (11_1)|4.6|2.1 (1.2)|1.2.170|6.5 (5.1)|IGP||||||49.44 GFLOPS (1:16)|||955 MHz|1030 MHz||||||||||
Radeon R8 M365DX|/gpu-specs/radeon-r8-m365dx.c2803|Meso|"Meso XT
										
(216-0864018)"|GCN 3.0|TSMC|28 nm|1,550 million|12.4M / mm²|125 mm²||Jun 3rd, 2015|"Gem System Hybrid
(Rx M300)"|||End-of-life|IGP|||System Shared|System Shared|System Shared|System Shared|System Dependent|384.0|24.0|8.0|6.0|16 KB (per CU)|256 KB|9.000 GPixel/s|27.00 GTexel/s|864.0 GFLOPS|unknown|Portable Device Dependent|12 (12_0)|4.6|2.1|1.2.170|6.5|IGP||||||54.00 GFLOPS (1:16)|||900 MHz|1125 MHz|||864.0 GFLOPS (1:1)|||||||
Radeon R9 270 1024SP|/gpu-specs/radeon-r9-270-1024sp.c2679|Pitcairn|"Pitcairn PRO
										
(215-0828062)"|GCN 1.0|TSMC|28 nm|2,800 million|13.2M / mm²|212 mm²|FCBGA-1737|Mar 13th, 2015|"Volcanic Islands
(R9 200)"|Sea Islands|Pirate Islands|End-of-life|PCIe 3.0 x16|32 in our database||"1200 MHz
										
					4.8 Gbps effective"|2 GB|GDDR5|256 bit|153.6 GB/s|1024.0|64.0|32.0|16.0|16 KB (per CU)|512 KB|29.60 GPixel/s|59.20 GTexel/s|1.894 TFLOPS|150 W|2x DVI1x HDMI 1.4a1x DisplayPort 1.2|12 (11_1)|4.6|2.1 (1.2)|1.2.170|6.5 (5.1)|Dual-slot|||450 W|1x 6-pin|C403, C630|118.4 GFLOPS (1:16)|||900 MHz|925 MHz||||||||||
Radeon R9 360 OEM|/gpu-specs/radeon-r9-360-oem.c2661|Tobago|"Tobago PRO
										
(215-0875010)"|GCN 2.0|TSMC|28 nm|2,080 million|13.0M / mm²|160 mm²|FCBGA-1093|May 5th, 2015|"Pirate Islands
(R9 300)"|Volcanic Islands|Arctic Islands|End-of-life|PCIe 3.0 x16|||"1625 MHz
										
					6.5 Gbps effective"|2 GB|GDDR5|128 bit|104.0 GB/s|768.0|48.0|16.0|12.0|16 KB (per CU)|256 KB|16.80 GPixel/s|50.40 GTexel/s|1.613 TFLOPS|75 W|1x DVI1x HDMI 1.4a2x mini-DisplayPort 1.2|12 (12_0)|4.6|2.1|1.2.170|6.5|Dual-slot|"165 mm
					6.5 inches"|"111 mm
					4.4 inches"|250 W||109-C91357-00_02|100.8 GFLOPS (1:16)|||1000 MHz|1050 MHz||||||||||
Radeon R9 370|/gpu-specs/radeon-r9-370.c2726|Trinidad|"Trinidad PRO
										
(215-0870020)"|GCN 1.0|TSMC|28 nm|2,800 million|13.2M / mm²|212 mm²|FCBGA-1737|May 5th, 2015|"Pirate Islands
(R9 300)"|Volcanic Islands|Arctic Islands|End-of-life|PCIe 3.0 x16|||"1400 MHz
										
					5.6 Gbps effective"|2 GB|GDDR5|256 bit|179.2 GB/s|1280.0|80.0|32.0|24.0|16 KB (per CU)|512 KB|31.20 GPixel/s|78.00 GTexel/s|2.496 TFLOPS|110 W|2x DVI1x HDMI 1.4a1x DisplayPort 1.2|12 (11_1)|4.6|2.1 (1.2)|1.2.170|6.5 (5.1)|Dual-slot|"221 mm
					8.7 inches"|"111 mm
					4.4 inches"|300 W|1x 6-pin|C630, C634|156.0 GFLOPS (1:16)|||925 MHz|975 MHz||||||||||
Radeon R9 370 1024SP|/gpu-specs/radeon-r9-370-1024sp.c2800|Trinidad|"Trinidad PRO
										
(215-0870020)"|GCN 1.0|TSMC|28 nm|2,800 million|13.2M / mm²|212 mm²|FCBGA-1737|Jun 12th, 2015|"Pirate Islands
(R9 300)"|Volcanic Islands|Arctic Islands|End-of-life|PCIe 3.0 x16|||"1400 MHz
										
					5.6 Gbps effective"|2 GB|GDDR5|256 bit|179.2 GB/s|1024.0|64.0|32.0|16.0|16 KB (per CU)|512 KB|31.20 GPixel/s|62.40 GTexel/s|1.997 TFLOPS|150 W|2x DVI1x HDMI 1.4a1x DisplayPort 1.2|12 (11_1)|4.6|2.1 (1.2)|1.2.170|6.5 (5.1)|Dual-slot|"221 mm
					8.7 inches"|"111 mm
					4.4 inches"|450 W|1x 6-pin|C403, C634|124.8 GFLOPS (1:16)|||925 MHz|975 MHz||||||||||
Radeon R9 370X|/gpu-specs/radeon-r9-370x.c2754|Trinidad|Trinidad XT|GCN 1.0|TSMC|28 nm|2,800 million|13.2M / mm²|212 mm²|FCBGA-1737|Aug 27th, 2015|"Pirate Islands
(R9 300)"|Volcanic Islands|Arctic Islands|End-of-life|PCIe 3.0 x16|||"1400 MHz
										
					5.6 Gbps effective"|2 GB|GDDR5|256 bit|179.2 GB/s|1280.0|80.0|32.0|24.0|16 KB (per CU)|512 KB|32.96 GPixel/s|82.40 GTexel/s|2.637 TFLOPS|180 W|2x DVI1x HDMI 1.4a1x DisplayPort 1.2|12 (11_1)|4.6|2.1 (1.2)|1.2.170|6.5 (5.1)|Dual-slot|"221 mm
					8.7 inches"|"111 mm
					4.4 inches"|450 W|2x 6-pin|C401, C631, C634|164.8 GFLOPS (1:16)|199 USD||980 MHz|1030 MHz||||||||||
Radeon R9 380|/gpu-specs/radeon-r9-380.c2734|Antigua|"Antigua PRO
										
(215-0877000)"|GCN 3.0|TSMC|28 nm|5,000 million|13.7M / mm²|366 mm²||Jun 18th, 2015|"Pirate Islands
(R9 300)"|Volcanic Islands|Arctic Islands|End-of-life|PCIe 3.0 x16|39 in our database|970 MHz|"1375 MHz
										
					5.5 Gbps effective"|2 GB|GDDR5|256 bit|176.0 GB/s|1792.0|112.0|32.0|28.0|16 KB (per CU)|512 KB|31.04 GPixel/s|108.6 GTexel/s|3.476 TFLOPS|190 W|2x DVI1x HDMI 1.4a1x DisplayPort 1.2|12 (12_0)|4.6|2.1|1.2.170|6.5|Dual-slot|"221 mm
					8.7 inches"|"111 mm
					4.4 inches"|450 W|2x 6-pin|C766|217.3 GFLOPS (1:16)|199 USD||||||3.476 TFLOPS (1:1)|||||||
Radeon R9 380 OEM|/gpu-specs/radeon-r9-380-oem.c2725|Antigua|"Antigua PRO
										
(215-0877000)"|GCN 3.0|TSMC|28 nm|5,000 million|13.7M / mm²|366 mm²||May 5th, 2015|"Pirate Islands
(R9 300)"|Volcanic Islands|Arctic Islands|End-of-life|PCIe 3.0 x16||918 MHz|"1375 MHz
										
					5.5 Gbps effective"|4 GB|GDDR5|256 bit|176.0 GB/s|1792.0|112.0|32.0|28.0|16 KB (per CU)|512 KB|29.38 GPixel/s|102.8 GTexel/s|3.290 TFLOPS|190 W|2x DVI1x HDMI 1.4a1x DisplayPort 1.2|12 (12_0)|4.6|2.1|1.2.170|6.5|Dual-slot|"221 mm
					8.7 inches"|"111 mm
					4.4 inches"|450 W|2x 6-pin|C766|205.6 GFLOPS (1:16)|||||||3.290 TFLOPS (1:1)|||||||
Radeon R9 380X|/gpu-specs/radeon-r9-380x.c2758|Antigua|"Antigua XT
										
(215-0877016)"|GCN 3.0|TSMC|28 nm|5,000 million|13.7M / mm²|366 mm²||Nov 19th, 2015|"Pirate Islands
(R9 300)"|Volcanic Islands|Arctic Islands|End-of-life|PCIe 3.0 x16|36 in our database|970 MHz|"1425 MHz
										
					5.7 Gbps effective"|4 GB|GDDR5|256 bit|182.4 GB/s|2048.0|128.0|32.0|32.0|16 KB (per CU)|512 KB|31.04 GPixel/s|124.2 GTexel/s|3.973 TFLOPS|190 W|2x DVI1x HDMI 1.4a1x DisplayPort 1.2|12 (12_0)|4.6|2.1|1.2.170|6.5|Dual-slot|"221 mm
					8.7 inches"|"111 mm
					4.4 inches"|450 W|2x 6-pin|C766, C784|248.3 GFLOPS (1:16)|229 USD||||||3.973 TFLOPS (1:1)|||||||
Radeon R9 390|/gpu-specs/radeon-r9-390.c2664|Grenada|"Grenada PRO
										
(215-0880030)"|GCN 2.0|TSMC|28 nm|6,200 million|14.2M / mm²|438 mm²||Jun 18th, 2015|"Pirate Islands
(R9 300)"|Volcanic Islands|Arctic Islands|End-of-life|PCIe 3.0 x16|35 in our database|1000 MHz|"1500 MHz
										
					6 Gbps effective"|8 GB|GDDR5|512 bit|384.0 GB/s|2560.0|160.0|64.0|40.0|16 KB (per CU)|1024 KB|64.00 GPixel/s|160.0 GTexel/s|5.120 TFLOPS|275 W|2x DVI1x HDMI 1.4a1x DisplayPort 1.2|12 (12_0)|4.6|2.1|1.2.170|6.5|Dual-slot|"275 mm
					10.8 inches"|"109 mm
					4.3 inches"|600 W|1x 6-pin + 1x 8-pin|109-C67157-00_02, C679|640.0 GFLOPS (1:8)|329 USD|"36 mm
					1.4 inches"||||||||||||
Radeon R9 390 X2|/gpu-specs/radeon-r9-390-x2.c2755|Grenada|"Grenada PRO
										
(215-0880030)"|GCN 2.0|TSMC|28 nm|6,200 million|14.2M / mm²|438 mm²||Sep 3rd, 2015|"Pirate Islands
(R9 300)"|Volcanic Islands|Arctic Islands|End-of-life|PCIe 3.0 x16|35 in our database|1000 MHz|"1350 MHz
										
					5.4 Gbps effective"|8 GB|GDDR5|512 bit|345.6 GB/s|2560.0|160.0|64.0|40.0|16 KB (per CU)|1024 KB|64.00 GPixel/s|160.0 GTexel/s|5.120 TFLOPS|580 W|2x DVI1x HDMI 1.4a1x DisplayPort 1.2|12 (12_0)|4.6|2.1|1.2.170|6.5|Triple-slot|||950 W|4x 8-pin|C671|640.0 GFLOPS (1:8)|1,399 USD|||||||||||||
Radeon R9 390X|/gpu-specs/radeon-r9-390x.c2663|Grenada|"Grenada XT
										
(215-0880004)"|GCN 2.0|TSMC|28 nm|6,200 million|14.2M / mm²|438 mm²||Jun 18th, 2015|"Pirate Islands
(R9 300)"|Volcanic Islands|Arctic Islands|End-of-life|PCIe 3.0 x16|60 in our database|1050 MHz|"1500 MHz
										
					6 Gbps effective"|8 GB|GDDR5|512 bit|384.0 GB/s|2816.0|176.0|64.0|44.0|16 KB (per CU)|1024 KB|67.20 GPixel/s|184.8 GTexel/s|5.914 TFLOPS|275 W|2x DVI1x HDMI 1.4a1x DisplayPort 1.2|12 (12_0)|4.6|2.1|1.2.170|6.5|Dual-slot|"275 mm
					10.8 inches"|"109 mm
					4.3 inches"|600 W|1x 6-pin + 1x 8-pin|109-C67157-00_02, C679-37|739.2 GFLOPS (1:8)|429 USD|"36 mm
					1.4 inches"||||||||||||
Radeon R9 A375|/gpu-specs/radeon-r9-a375.c2716|Venus|"Venus XTX
										
(216-0846033)"|GCN 1.0|TSMC|28 nm|1,500 million|12.2M / mm²|123 mm²|FCBGA-962|2015|"All-In-One
(Rx 300)"|||End-of-life|PCIe 3.0 x16||1015 MHz|"1125 MHz
										
					4.5 Gbps effective"|2 GB|GDDR5|128 bit|72.00 GB/s|640.0|40.0|16.0|10.0|16 KB (per CU)|256 KB|16.24 GPixel/s|40.60 GTexel/s|1,299.2 GFLOPS|unknown|Portable Device Dependent|12 (11_1)|4.6|2.1 (1.2)|1.2.170|6.5 (5.1)|||||||||||||||||||||
Radeon R9 FURY|/gpu-specs/radeon-r9-fury.c2736|Fiji|"Fiji PRO CB
										
(215-0862046)"|GCN 3.0|TSMC|28 nm|8,900 million|14.9M / mm²|596 mm²||Jul 10th, 2015|"Pirate Islands
(R9 300)"|Volcanic Islands|Arctic Islands|End-of-life|PCIe 3.0 x16|38 in our database|1000 MHz|"500 MHz
										
					1000 Mbps effective"|4 GB|HBM|4096 bit|512.0 GB/s|3584.0|224.0|64.0|56.0|16 KB (per CU)|2 MB|64.00 GPixel/s|224.0 GTexel/s|7.168 TFLOPS|275 W|1x HDMI 1.4a3x DisplayPort 1.2|12 (12_0)|4.6|2.1|1.2.170|6.5|Dual-slot|"195 mm
					7.7 inches"|"115 mm
					4.5 inches"|600 W|2x 8-pin|109-C88037-00_04|448.0 GFLOPS (1:16)|549 USD|"39 mm
					1.5 inches"|||||7.168 TFLOPS (1:1)|||||||
Radeon R9 FURY X|/gpu-specs/radeon-r9-fury-x.c2677|Fiji|"Fiji XT C8
										
(215-0862040)"|GCN 3.0|TSMC|28 nm|8,900 million|14.9M / mm²|596 mm²||Jun 24th, 2015|"Pirate Islands
(R9 300)"|Volcanic Islands|Arctic Islands|End-of-life|PCIe 3.0 x16|33 in our database|1050 MHz|"500 MHz
										
					1000 Mbps effective"|4 GB|HBM|4096 bit|512.0 GB/s|4096.0|256.0|64.0|64.0|16 KB (per CU)|2 MB|67.20 GPixel/s|268.8 GTexel/s|8.602 TFLOPS|275 W|1x HDMI 1.4a3x DisplayPort 1.2|12 (12_0)|4.6|2.1|1.2.170|6.5|Dual-slot|"195 mm
					7.7 inches"|"115 mm
					4.5 inches"|600 W|2x 8-pin|109-C88037-00_04|537.6 GFLOPS (1:16)|649 USD|"39 mm
					1.5 inches"|||||8.602 TFLOPS (1:1)|||||||
Radeon R9 FURY X2|/gpu-specs/radeon-r9-fury-x2.c2741|Capsaicin|Capsaicin XT C9|GCN 3.0|TSMC|28 nm|8,900 million|14.9M / mm²|596 mm²||Never Released|"Pirate Islands
(R9 300)"|Volcanic Islands|Arctic Islands|End-of-life|PCIe 3.0 x16||1050 MHz|"500 MHz
										
					1000 Mbps effective"|4 GB|HBM|4096 bit|512.0 GB/s|4096.0|256.0|64.0|64.0|16 KB (per CU)|2 MB|67.20 GPixel/s|268.8 GTexel/s|8.602 TFLOPS|unknown|1x HDMI 1.4a3x DisplayPort 1.2|12 (12_0)|4.6|2.1|1.2.170|6.5|Dual-slot|||200 W|2x 8-pin|109-C88837-00C_02, 109-C88837-01_02|||||||||||||||
Radeon R9 M270X|/gpu-specs/radeon-r9-m270x.c2582|Saturn|"Saturn PRO
										
(216-0843044)"|GCN 2.0|TSMC|28 nm|2,080 million|13.0M / mm²|160 mm²|FCBGA-1093|Feb 5th, 2015|"Gem System
(R9 M200)"|Solar System|Polaris Mobile|End-of-life|PCIe 3.0 x16|||"1375 MHz
										
					5.5 Gbps effective"|2 GB|GDDR5|128 bit|88.00 GB/s|768.0|48.0|16.0|12.0|16 KB (per CU)|256 KB|16.00 GPixel/s|48.00 GTexel/s|1.536 TFLOPS|unknown|Portable Device Dependent|12 (12_0)|4.6|2.1|1.2.170|6.5|||||||96.00 GFLOPS (1:16)|||900 MHz|1000 MHz||||||||||
Radeon R9 M280X|/gpu-specs/radeon-r9-m280x.c2807|Saturn|"Saturn XT
										
(216-0843024)"|GCN 2.0|TSMC|28 nm|2,080 million|13.0M / mm²|160 mm²|FCBGA-1093|Feb 5th, 2015|"Gem System
(R9 M200)"|Solar System|Polaris Mobile|End-of-life|PCIe 3.0 x16|||"1500 MHz
										
					6 Gbps effective"|2 GB|GDDR5|128 bit|96.00 GB/s|896.0|56.0|16.0|14.0|16 KB (per CU)|256 KB|17.60 GPixel/s|61.60 GTexel/s|1.971 TFLOPS|unknown|Portable Device Dependent|12 (12_0)|4.6|2.1|1.2.170|6.5|||||||123.2 GFLOPS (1:16)|||1000 MHz|1100 MHz||||||||||
Radeon R9 M280X|/gpu-specs/radeon-r9-m280x.c2581|Saturn|"Saturn XT
										
(216-0843024)"|GCN 2.0|TSMC|28 nm|2,080 million|13.0M / mm²|160 mm²|FCBGA-1093|Feb 5th, 2015|"Gem System
(R9 M200)"|Solar System|Polaris Mobile|End-of-life|PCIe 3.0 x16|||"1375 MHz
										
					5.5 Gbps effective"|4 GB|GDDR5|128 bit|88.00 GB/s|896.0|56.0|16.0|14.0|16 KB (per CU)|256 KB|16.00 GPixel/s|56.00 GTexel/s|1.792 TFLOPS|unknown|Portable Device Dependent|12 (12_0)|4.6|2.1|1.2.170|6.5|||||||112.0 GFLOPS (1:16)|||900 MHz|1000 MHz||||||||||
Radeon R9 M360|/gpu-specs/radeon-r9-m360.c2688|Tropo|Tropo LE|GCN 1.0|TSMC|28 nm|1,500 million|12.2M / mm²|123 mm²|FCBGA-962|May 5th, 2015|"Gem System
(R9 M300)"|Solar System|Polaris Mobile|End-of-life|PCIe 3.0 x16|||"1125 MHz
										
					4.5 Gbps effective"|4 GB|GDDR5|128 bit|72.00 GB/s|512.0|32.0|16.0|8.0|16 KB (per CU)|256 KB|14.80 GPixel/s|29.60 GTexel/s|947.2 GFLOPS|unknown|Portable Device Dependent|12 (11_1)|4.6|2.1 (1.2)|1.2.170|6.5 (5.1)|||||||59.20 GFLOPS (1:16)|||900 MHz|925 MHz||||||||||
Radeon R9 M365X|/gpu-specs/radeon-r9-m365x.c2761|Tropo|Tropo XT|GCN 1.0|TSMC|28 nm|1,500 million|12.2M / mm²|123 mm²|FCBGA-962|May 5th, 2015|"Gem System
(R9 M300)"|Solar System|Polaris Mobile|End-of-life|PCIe 3.0 x16|||"1125 MHz
										
					4.5 Gbps effective"|4 GB|GDDR5|128 bit|72.00 GB/s|640.0|40.0|16.0|10.0|16 KB (per CU)|256 KB|14.80 GPixel/s|37.00 GTexel/s|1,184.0 GFLOPS|unknown|Portable Device Dependent|12 (11_1)|4.6|2.1 (1.2)|1.2.170|6.5 (5.1)|||||||74.00 GFLOPS (1:16)|||900 MHz|925 MHz||||||||||
Radeon R9 M370X Mac Edition|/gpu-specs/radeon-r9-m370x-mac-edition.c2730|Tropo|Tropo XT|GCN 1.0|TSMC|28 nm|1,500 million|12.2M / mm²|123 mm²|FCBGA-962|May 5th, 2015|"Gem System
(R9 M300)"|Solar System|Polaris Mobile|End-of-life|PCIe 3.0 x16|||"1125 MHz
										
					4.5 Gbps effective"|2 GB|GDDR5|128 bit|72.00 GB/s|640.0|40.0|16.0|10.0|16 KB (per CU)|256 KB|12.80 GPixel/s|32.00 GTexel/s|1,024.0 GFLOPS|unknown|Portable Device Dependent|12 (11_1)|4.6|2.1 (1.2)|1.2.170|6.5 (5.1)|||||||64.00 GFLOPS (1:16)|||775 MHz|800 MHz||||||||||
Radeon R9 M375|/gpu-specs/radeon-r9-m375.c2690|Tropo|Tropo XT2|GCN 1.0|TSMC|28 nm|1,500 million|12.2M / mm²|123 mm²|FCBGA-962|May 5th, 2015|"Gem System
(R9 M300)"|Solar System|Polaris Mobile|End-of-life|PCIe 3.0 x16|||"900 MHz
										
					1800 Mbps effective"|2 GB|DDR3|128 bit|28.80 GB/s|640.0|40.0|16.0|10.0|16 KB (per CU)|256 KB|16.24 GPixel/s|40.60 GTexel/s|1,299.2 GFLOPS|unknown|Portable Device Dependent|12 (11_1)|4.6|2.1 (1.2)|1.2.170|6.5 (5.1)|||||||81.20 GFLOPS (1:16)|||1000 MHz|1015 MHz||||||||||
Radeon R9 M375X|/gpu-specs/radeon-r9-m375x.c2689|Tropo|Tropo XTX|GCN 1.0|TSMC|28 nm|1,500 million|12.2M / mm²|123 mm²|FCBGA-962|May 5th, 2015|"Gem System
(R9 M300)"|Solar System|Polaris Mobile|End-of-life|PCIe 3.0 x16|||"1125 MHz
										
					4.5 Gbps effective"|2 GB|GDDR5|128 bit|72.00 GB/s|640.0|40.0|16.0|10.0|16 KB (per CU)|256 KB|16.24 GPixel/s|40.60 GTexel/s|1,299.2 GFLOPS|unknown|Portable Device Dependent|12 (11_1)|4.6|2.1 (1.2)|1.2.170|6.5 (5.1)|||||||81.20 GFLOPS (1:16)|||925 MHz|1015 MHz||||||||||
Radeon R9 M380|/gpu-specs/radeon-r9-m380.c2708|Strato|Strato PRO|GCN 2.0|TSMC|28 nm|2,080 million|13.0M / mm²|160 mm²|FCBGA-1093|May 5th, 2015|"Gem System
(R9 M300)"|Solar System|Polaris Mobile|End-of-life|PCIe 3.0 x16|||"1500 MHz
										
					6 Gbps effective"|4 GB|GDDR5|128 bit|96.00 GB/s|768.0|48.0|16.0|12.0|16 KB (per CU)|256 KB|16.00 GPixel/s|48.00 GTexel/s|1.536 TFLOPS|unknown|Portable Device Dependent|12 (12_0)|4.6|2.1|1.2.170|6.5|||||||96.00 GFLOPS (1:16)|||900 MHz|1000 MHz||||||||||
Radeon R9 M380 Mac Edition|/gpu-specs/radeon-r9-m380-mac-edition.c3047|Strato|Strato PRO|GCN 2.0|TSMC|28 nm|2,080 million|13.0M / mm²|160 mm²|FCBGA-1093|May 5th, 2015|"Gem System
(R9 M300)"|Solar System|Polaris Mobile|End-of-life|PCIe 3.0 x16|||"1568 MHz
										
					6.3 Gbps effective"|2 GB|GDDR5|128 bit|100.4 GB/s|768.0|48.0|16.0|12.0|16 KB (per CU)|256 KB|16.34 GPixel/s|49.01 GTexel/s|1.568 TFLOPS|unknown|Portable Device Dependent|12 (12_0)|4.6|2.1|1.2.170|6.5|||||||98.02 GFLOPS (1:16)|||900 MHz|1021 MHz||||||||||
Radeon R9 M385|/gpu-specs/radeon-r9-m385.c2709|Strato|Strato XT|GCN 2.0|TSMC|28 nm|2,080 million|13.0M / mm²|160 mm²|FCBGA-1093|May 5th, 2015|"Gem System
(R9 M300)"|Solar System|Polaris Mobile|End-of-life|PCIe 3.0 x16|||"1200 MHz
										
					4.8 Gbps effective"|4 GB|GDDR5|128 bit|76.80 GB/s|896.0|56.0|16.0|14.0|16 KB (per CU)|256 KB|16.00 GPixel/s|56.00 GTexel/s|1.792 TFLOPS|unknown|Portable Device Dependent|12 (12_0)|4.6|2.1|1.2.170|6.5|||||||112.0 GFLOPS (1:16)|||900 MHz|1000 MHz||||||||||
Radeon R9 M385X|/gpu-specs/radeon-r9-m385x.c2743|Strato|Strato XT|GCN 2.0|TSMC|28 nm|2,080 million|13.0M / mm²|160 mm²|FCBGA-1093|May 5th, 2015|"Gem System
(R9 M300)"|Solar System|Polaris Mobile|End-of-life|PCIe 3.0 x16|||"1200 MHz
										
					4.8 Gbps effective"|4 GB|GDDR5|128 bit|76.80 GB/s|896.0|56.0|16.0|14.0|16 KB (per CU)|256 KB|17.60 GPixel/s|61.60 GTexel/s|1.971 TFLOPS|unknown|Portable Device Dependent|12 (12_0)|4.6|2.1|1.2.170|6.5|||||||123.2 GFLOPS (1:16)|||1000 MHz|1100 MHz||||||||||
Radeon R9 M390 Mac Edition|/gpu-specs/radeon-r9-m390-mac-edition.c3769|Pitcairn|"Pitcairn PRO
										
(215-0828062)"|GCN 1.0|TSMC|28 nm|2,800 million|13.2M / mm²|212 mm²|FCBGA-1737|May 5th, 2015|"Gem System
(R9 M300)"|Solar System|Polaris Mobile|End-of-life|PCIe 3.0 x16||958 MHz|"1365 MHz
										
					5.5 Gbps effective"|2 GB|GDDR5|256 bit|174.7 GB/s|1024.0|64.0|32.0|16.0|16 KB (per CU)|512 KB|30.66 GPixel/s|61.31 GTexel/s|1.962 TFLOPS|80 W|Portable Device Dependent|12 (11_1)|4.6|2.1 (1.2)|1.2.170|6.5 (5.1)|MXM Module|||||C608|122.6 GFLOPS (1:16)||||||||||||||
Radeon R9 M390X|/gpu-specs/radeon-r9-m390x.c2732|Amethyst|Amethyst XT|GCN 3.0|TSMC|28 nm|5,000 million|13.7M / mm²|366 mm²||May 5th, 2015|"Gem System
(R9 M300)"|Solar System|Polaris Mobile|End-of-life|PCIe 3.0 x16||723 MHz|"1250 MHz
										
					5 Gbps effective"|4 GB|GDDR5|256 bit|160.0 GB/s|2048.0|128.0|32.0|32.0|16 KB (per CU)|512 KB|23.14 GPixel/s|92.54 GTexel/s|2.961 TFLOPS|75 W|Portable Device Dependent|12 (12_0)|4.6|2.1|1.2.170|6.5|MXM Module|||||C608|185.1 GFLOPS (1:16)|||||||2.961 TFLOPS (1:1)|||||||
Radeon R9 M395 Mac Edition|/gpu-specs/radeon-r9-m395-mac-edition.c2960|Amethyst|"Amethyst PRO
										
(216-0872004)"|GCN 3.0|TSMC|28 nm|5,000 million|13.7M / mm²|366 mm²||May 5th, 2015|"Gem System
(R9 M300)"|Solar System|Polaris Mobile|End-of-life|MXM-B (3.0)||834 MHz|"1365 MHz
										
					5.5 Gbps effective"|2 GB|GDDR5|256 bit|174.7 GB/s|1792.0|112.0|32.0|28.0|||26.69 GPixel/s|93.41 GTexel/s|2.989 TFLOPS|250 W|Portable Device Dependent|12 (12_0)|4.6|2.1|1.2.170|6.5|MXM Module||||||373.6 GFLOPS (1:8)||||||||||||||
Radeon R9 M395X|/gpu-specs/radeon-r9-m395x.c3577|Amethyst|Amethyst XT|GCN 3.0|TSMC|28 nm|5,000 million|13.7M / mm²|366 mm²||May 5th, 2015|"Gem System
(R9 M300)"|Solar System|Polaris Mobile|End-of-life|PCIe 3.0 x16||723 MHz|"1250 MHz
										
					5 Gbps effective"|8 GB|GDDR5|256 bit|160.0 GB/s|2048.0|128.0|32.0|32.0|16 KB (per CU)|512 KB|23.14 GPixel/s|92.54 GTexel/s|2.961 TFLOPS|75 W|Portable Device Dependent|12 (12_0)|4.6|2.1|1.2.170|6.5|MXM Module|||||C608|185.1 GFLOPS (1:16)|||||||2.961 TFLOPS (1:1)|||||||
Radeon R9 M395X Mac Edition|/gpu-specs/radeon-r9-m395x-mac-edition.c2809|Amethyst|Amethyst XT|GCN 3.0|TSMC|28 nm|5,000 million|13.7M / mm²|366 mm²||May 5th, 2015|"Gem System
(R9 M300)"|Solar System|Polaris Mobile|End-of-life|MXM-B (3.0)||909 MHz|"1365 MHz
										
					5.5 Gbps effective"|4 GB|GDDR5|256 bit|174.7 GB/s|2048.0|128.0|32.0|32.0|16 KB (per CU)|512 KB|29.09 GPixel/s|116.4 GTexel/s|3.723 TFLOPS|250 W|Portable Device Dependent|12 (12_0)|4.6|2.1|1.2.170|6.5|MXM Module||||||232.7 GFLOPS (1:16)|||||||3.723 TFLOPS (1:1)|||||||
Radeon R9 Nano|/gpu-specs/radeon-r9-nano.c2735|Fiji|"Fiji XT CA
										
(215-0862120)"|GCN 3.0|TSMC|28 nm|8,900 million|14.9M / mm²|596 mm²||Aug 27th, 2015|"Pirate Islands
(R9 300)"|Volcanic Islands|Arctic Islands|End-of-life|PCIe 3.0 x16|28 in our database|1000 MHz|"500 MHz
										
					1000 Mbps effective"|4 GB|HBM|4096 bit|512.0 GB/s|4096.0|256.0|64.0|64.0|16 KB (per CU)|2 MB|64.00 GPixel/s|256.0 GTexel/s|8.192 TFLOPS|175 W|1x HDMI 1.4a3x DisplayPort 1.2|12 (12_0)|4.6|2.1|1.2.170|6.5|Dual-slot|"154 mm
					6.1 inches"|"112 mm
					4.4 inches"|450 W|1x 8-pin|109-C88237-00_02|512.0 GFLOPS (1:16)|649 USD|"40 mm
					1.6 inches"|||||8.192 TFLOPS (1:1)|||||||
FirePro S7100X|/gpu-specs/firepro-s7100x.c2860|Amethyst|Amethyst XT|GCN 3.0|TSMC|28 nm|5,000 million|13.7M / mm²|366 mm²||May 25th, 2016|"FirePro Mobile
(Sx100)"|FirePro Mobility|Radeon Pro Mobile|End-of-life|PCIe 3.0 x16|10 in our database|725 MHz|"1250 MHz
										
					5 Gbps effective"|8 GB|GDDR5|256 bit|160.0 GB/s|2048.0|128.0|32.0|32.0|16 KB (per CU)|512 KB|23.20 GPixel/s|92.80 GTexel/s|2.970 TFLOPS|100 W|Portable Device Dependent|12 (12_0)|4.6|2.1|1.2.170|6.5|MXM Module||||||185.6 GFLOPS (1:16)|||||||2.970 TFLOPS (1:1)|||||||
FirePro S7150|/gpu-specs/firepro-s7150.c2751|Tonga|Tonga XT GL|GCN 3.0|TSMC|28 nm|5,000 million|13.7M / mm²|366 mm²||Feb 1st, 2016|"FirePro Server
(Sx100)"|FirePro Terascale|Radeon Pro GCN|End-of-life|PCIe 3.0 x16||920 MHz|"1250 MHz
										
					5 Gbps effective"|8 GB|GDDR5|256 bit|160.0 GB/s|2048.0|128.0|32.0|32.0|16 KB (per CU)|512 KB|29.44 GPixel/s|117.8 GTexel/s|3.768 TFLOPS|150 W|No outputs|12 (12_0)|4.6|2.1|1.2.170|6.5|Single-slot|"241 mm
					9.5 inches"|"111 mm
					4.4 inches"|450 W|1x 6-pin||235.5 GFLOPS (1:16)|2,399 USD||||||7.537 TFLOPS (2:1)|||||||
FirePro S7150 x2|/gpu-specs/firepro-s7150-x2.c2812|Tonga|Cloudy Tau|GCN 3.0|TSMC|28 nm|5,000 million|13.7M / mm²|366 mm²||Feb 1st, 2016|"FirePro Server
(Sx100)"|FirePro Terascale|Radeon Pro GCN|End-of-life|PCIe 3.0 x16||920 MHz|"1250 MHz
										
					5 Gbps effective"|8 GB|GDDR5|256 bit|160.0 GB/s|1792.0|112.0|32.0|28.0|16 KB (per CU)|512 KB|29.44 GPixel/s|103.0 GTexel/s|3.297 TFLOPS|265 W|No outputs|12 (12_0)|4.6|2.1|1.2.170|6.5|Dual-slot|"241 mm
					9.5 inches"|"111 mm
					4.4 inches"|600 W|1x 6-pin + 1x 8-pin|C763|206.1 GFLOPS (1:16)|3,999 USD||||||3.297 TFLOPS (1:1)|||||||
FirePro S9300 X2|/gpu-specs/firepro-s9300-x2.c2833|Capsaicin|Capsaicin XT C1|GCN 3.0|TSMC|28 nm|8,900 million|14.9M / mm²|596 mm²||Mar 31st, 2016|"FirePro Server
(Sx300)"|FirePro Terascale|Radeon Pro GCN|End-of-life|PCIe 3.0 x16||975 MHz|"500 MHz
										
					1000 Mbps effective"|4 GB|HBM|4096 bit|512.0 GB/s|4096.0|256.0|64.0|64.0|16 KB (per CU)|2 MB|62.40 GPixel/s|249.6 GTexel/s|7.987 TFLOPS|300 W|No outputs|12 (12_0)|4.6|2.1|1.2.170|6.5|Dual-slot|"267 mm
					10.5 inches"|"111 mm
					4.4 inches"|700 W|2x 8-pin|109-C99337-00_03|499.2 GFLOPS (1:16)|5,999 USD|||||||||||||
Playstation 4 Pro GPU|/gpu-specs/playstation-4-pro-gpu.c2876|Neo|CXD90044GB|GCN 2.0|TSMC|16 nm|5,700 million|17.7M / mm²|322 mm²||Nov 10th, 2016|"Console GPU
(Sony)"|||End-of-life||4 in our database|911 MHz|"1700 MHz
										
					6.8 Gbps effective"|8 GB|GDDR5|256 bit|217.6 GB/s|2304.0|144.0|32.0|36.0|||29.15 GPixel/s|131.2 GTexel/s|4.198 TFLOPS|150 W|1x HDMI 1.4a||4.6|1.2|1.1|6.0||"327 mm
					12.9 inches"|"295 mm
					11.6 inches"|||||399 USD|"55 mm
					2.2 inches"||||3.3 kg (7.3 lbs)|8.396 TFLOPS (2:1)|1 TB HDD||||||
Playstation 4 Slim GPU|/gpu-specs/playstation-4-slim-gpu.c3758|Liverpool 16nm|CXD90043GB|GCN 2.0|TSMC|16 nm|unknown||209 mm²||Sep 7th, 2016|"Console GPU
(Sony)"|||End-of-life|||800 MHz|"1375 MHz
										
					5.5 Gbps effective"|8 GB|GDDR5|256 bit|176.0 GB/s|1152.0|72.0|32.0|18.0|||25.60 GPixel/s|57.60 GTexel/s|1.843 TFLOPS|75 W|1x HDMI 1.4a|11.1*|4.6|1.2|1.1|5.1||"288 mm
					11.3 inches"|"265 mm
					10.4 inches"|||||399 USD|"39 mm
					1.5 inches"||||2.1 kg (4.6 lbs)|1.843 TFLOPS (1:1)|500 GB / 1 TB HDD||||||
Radeon E9260 MXM|/gpu-specs/radeon-e9260-mxm.c2883|Baffin|"Baffin E9260
										
(216-0885288)"|GCN 4.0|GlobalFoundries|14 nm|3,000 million|24.4M / mm²|123 mm²|BGA-769|Sep 27th, 2016|"Embedded
(9000)"|||Active|MXM-A (3.0)||1053 MHz|"1750 MHz
										
					7 Gbps effective"|4 GB|GDDR5|128 bit|112.0 GB/s|896.0|48.0|16.0|14.0|16 KB (per CU)|1024 KB|16.85 GPixel/s|50.54 GTexel/s|1.887 TFLOPS|50 W|Portable Device Dependent|12 (12_0)|4.6|2.1|1.3|6.7|MXM Module||||||117.9 GFLOPS (1:16)|||||||1.887 TFLOPS (1:1)|||||||
Radeon E9260 PCIe|/gpu-specs/radeon-e9260-pcie.c2884|Baffin|"Baffin E9260
										
(216-0885288)"|GCN 4.0|GlobalFoundries|14 nm|3,000 million|24.4M / mm²|123 mm²|BGA-769|Sep 27th, 2016|"Embedded
(9000)"|||Active|PCIe 3.0 x8|||"1750 MHz
										
					7 Gbps effective"|4 GB|GDDR5|128 bit|112.0 GB/s|896.0|48.0|16.0|14.0|16 KB (per CU)|1024 KB|19.20 GPixel/s|57.60 GTexel/s|2.150 TFLOPS|80 W|4x mini-DisplayPort 1.4a|12 (12_0)|4.6|2.1|1.3|6.7|Single-slot|"168 mm
					6.6 inches"|"69 mm
					2.7 inches"|||109-D01587-00_03|134.4 GFLOPS (1:16)|||1090 MHz|1200 MHz|||2.150 TFLOPS (1:1)|||||||
Radeon E9550 MXM|/gpu-specs/radeon-e9550-mxm.c2882|Ellesmere|"Polaris 10 E9550
										
(215-0876264)"|GCN 4.0|GlobalFoundries|14 nm|5,700 million|24.6M / mm²|232 mm²|BGA-1401|Sep 27th, 2016|"Embedded
(9000)"|||Active|MXM-B (3.0)|||"1250 MHz
										
					5 Gbps effective"|8 GB|GDDR5|256 bit|160.0 GB/s|2304.0|144.0|32.0|36.0|16 KB (per CU)|2 MB|39.81 GPixel/s|179.1 GTexel/s|5.732 TFLOPS|95 W|1x HDMI 2.0b3x DisplayPort 1.4a|12 (12_0)|4.6|2.1|1.3|6.7|MXM Module||||||358.3 GFLOPS (1:16)|||1120 MHz|1244 MHz|||5.732 TFLOPS (1:1)|||||||
Radeon Instinct MI6|/gpu-specs/radeon-instinct-mi6.c2927|Ellesmere|Ellesmere XT|GCN 4.0|GlobalFoundries|14 nm|5,700 million|24.6M / mm²|232 mm²|BGA-1401|Dec 12th, 2016|"Radeon Instinct
(MIx)"|FirePro Data Center||Active|PCIe 3.0 x16|||"1750 MHz
										
					7 Gbps effective"|8 GB|GDDR5|256 bit|224.0 GB/s|2304.0|144.0|32.0|36.0|16 KB (per CU)|2 MB|39.46 GPixel/s|177.6 GTexel/s|5.682 TFLOPS|150 W|No outputs|12 (12_0)|4.6|2.1|1.3|6.7|Single-slot|"241 mm
					9.5 inches"|"111 mm
					4.4 inches"|450 W|1x 6-pin|D122|355.1 GFLOPS (1:16)|||1120 MHz|1233 MHz|||5.682 TFLOPS (1:1)|||||||
Radeon Instinct MI8|/gpu-specs/radeon-instinct-mi8.c2928|Fiji|"Fiji XT CA
										
(215-0862120)"|GCN 3.0|TSMC|28 nm|8,900 million|14.9M / mm²|596 mm²||Dec 12th, 2016|"Radeon Instinct
(MIx)"|FirePro Data Center||End-of-life|PCIe 3.0 x16||1000 MHz|"500 MHz
										
					1000 Mbps effective"|4 GB|HBM|4096 bit|512.0 GB/s|4096.0|256.0|64.0|64.0|16 KB (per CU)|2 MB|64.00 GPixel/s|256.0 GTexel/s|8.192 TFLOPS|175 W|No outputs|12 (12_0)|4.6|2.1|1.2.170|6.5|Dual-slot|"152 mm
					6 inches"|"111 mm
					4.4 inches"|450 W|1x 8-pin||512.0 GFLOPS (1:16)|||||||8.192 TFLOPS (1:1)|||||||
Radeon Pro 450|/gpu-specs/radeon-pro-450.c2899|Baffin|Baffin LE|GCN 4.0|GlobalFoundries|14 nm|3,000 million|24.4M / mm²|123 mm²|BGA-769|Oct 30th, 2016|"Radeon Pro Mac
(400 Series)"|||Active|PCIe 3.0 x8||800 MHz|"1270 MHz
										
					5.1 Gbps effective"|2 GB|GDDR5|128 bit|81.28 GB/s|640.0|40.0|16.0|10.0|16 KB (per CU)|1024 KB|12.80 GPixel/s|32.00 GTexel/s|1,024.0 GFLOPS|35 W|Portable Device Dependent|12 (12_0)|4.6|2.1|1.3|6.7|MXM Module||||||64.00 GFLOPS (1:16)|||||||1,024.0 GFLOPS (1:1)|||||||
Radeon Pro 455|/gpu-specs/radeon-pro-455.c2898|Baffin|"Baffin PRO
										
(215-0895088)"|GCN 4.0|GlobalFoundries|14 nm|3,000 million|24.4M / mm²|123 mm²|BGA-769|Oct 30th, 2016|"Radeon Pro Mac
(400 Series)"|||Active|PCIe 3.0 x8||855 MHz|"1270 MHz
										
					5.1 Gbps effective"|2 GB|GDDR5|128 bit|81.28 GB/s|768.0|48.0|16.0|12.0|16 KB (per CU)|1024 KB|13.68 GPixel/s|41.04 GTexel/s|1,313.3 GFLOPS|35 W|Portable Device Dependent|12 (12_0)|4.6|2.1|1.3|6.7|MXM Module||||||82.08 GFLOPS (1:16)|||||||1,313.3 GFLOPS (1:1)|||||||
Radeon Pro 460|/gpu-specs/radeon-pro-460.c2897|Baffin|Baffin XT|GCN 4.0|GlobalFoundries|14 nm|3,000 million|24.4M / mm²|123 mm²|BGA-769|Oct 30th, 2016|"Radeon Pro Mac
(400 Series)"|||Active|PCIe 3.0 x8|||"1270 MHz
										
					5.1 Gbps effective"|4 GB|GDDR5|128 bit|81.28 GB/s|1024.0|64.0|16.0|16.0|16 KB (per CU)|1024 KB|14.51 GPixel/s|58.05 GTexel/s|1.858 TFLOPS|35 W|Portable Device Dependent|12 (12_0)|4.6|2.1|1.3|6.7|IGP||||||116.1 GFLOPS (1:16)|||850 MHz|907 MHz|||1.858 TFLOPS (1:1)|||||||
Radeon Pro Duo|/gpu-specs/radeon-pro-duo.c2828|Capsaicin|Capsaicin XT C9|GCN 3.0|TSMC|28 nm|8,900 million|14.9M / mm²|596 mm²||Apr 26th, 2016|Radeon Pro GCN|FirePro GCN|Radeon Pro Polaris|End-of-life|PCIe 3.0 x16|6 in our database|1000 MHz|"500 MHz
										
					1000 Mbps effective"|4 GB|HBM|4096 bit|512.0 GB/s|4096.0|256.0|64.0|64.0|16 KB (per CU)|2 MB|64.00 GPixel/s|256.0 GTexel/s|8.192 TFLOPS|350 W|1x HDMI 1.4a3x DisplayPort 1.2|12 (12_0)|4.6|2.1|1.2.170|6.5|Dual-slot|"277 mm
					10.9 inches"|"111 mm
					4.4 inches"|750 W|3x 8-pin|109-C88837-00C_02, 109-C88837-01_02|512.0 GFLOPS (1:16)|1,499 USD||||||8.192 TFLOPS (1:1)|||||||
Radeon Pro SSG|/gpu-specs/radeon-pro-ssg.c3978|Fiji|Fiji XT C0/CC|GCN 3.0|TSMC|28 nm|8,900 million|14.9M / mm²|596 mm²||Jul 26th, 2016|Radeon Pro GCN|FirePro GCN|Radeon Pro Polaris|Active|PCIe 3.0 x16|||"500 MHz
										
					1000 Mbps effective"|4 GB|HBM|4096 bit|512.0 GB/s|4096.0|256.0|64.0|64.0|16 KB (per CU)|4 MB|67.20 GPixel/s|268.8 GTexel/s|8.602 TFLOPS|260 W|1x HDMI 1.4a3x mini-DisplayPort 1.2|12 (12_0)|4.6|2.1|1.2.170|6.5|Dual-slot|"267 mm
					10.5 inches"|"111 mm
					4.4 inches"|600 W|1x 6-pin + 1x 8-pin|109-D06937-00B_02|537.6 GFLOPS (1:16)|9,999 USD||1000 MHz|1050 MHz|||17.20 TFLOPS (2:1)|||||||
Radeon Pro V5300X|/gpu-specs/radeon-pro-v5300x.c3057|Baffin|Baffin XT|GCN 4.0|GlobalFoundries|14 nm|3,000 million|24.4M / mm²|123 mm²|BGA-769|Never Released|"Radeon Pro GCN
(Vx300)"|FirePro Terascale|Radeon Pro Polaris|End-of-life|PCIe 3.0 x8|||"1500 MHz
										
					6 Gbps effective"|4 GB|GDDR5|128 bit|96.00 GB/s|1024.0|64.0|16.0|16.0|16 KB (per CU)|1024 KB|19.22 GPixel/s|76.86 GTexel/s|2.460 TFLOPS|50 W|4x mini-DisplayPort 1.4a|12 (12_0)|4.6|2.1|1.3|6.7|Single-slot|||250 W|||153.7 GFLOPS (1:16)|||1125 MHz|1201 MHz||||||||||
Radeon Pro V7300X|/gpu-specs/radeon-pro-v7300x.c3058|Ellesmere|Ellesmere XT|GCN 4.0|GlobalFoundries|14 nm|5,700 million|24.6M / mm²|232 mm²|BGA-1401|Never Released|"Radeon Pro GCN
(Vx300)"|FirePro Terascale|Radeon Pro Polaris|End-of-life|PCIe 3.0 x16|||"1750 MHz
										
					7 Gbps effective"|8 GB|GDDR5|256 bit|224.0 GB/s|2304.0|144.0|32.0|36.0|16 KB (per CU)|2 MB|39.78 GPixel/s|179.0 GTexel/s|5.728 TFLOPS|130 W|4x DisplayPort 1.4a|12 (12_0)|4.6|2.1|1.3|6.7|Single-slot|"241 mm
					9.5 inches"||300 W|1x 6-pin||358.0 GFLOPS (1:16)|||1188 MHz|1243 MHz||||||||||
Radeon Pro V7350X2|/gpu-specs/radeon-pro-v7350x2.c3059|Ellesmere|Ellesmere Gemini GL|GCN 4.0|GlobalFoundries|14 nm|5,700 million|24.6M / mm²|232 mm²|BGA-1401|Never Released|"Radeon Pro GCN
(Vx300)"|FirePro Terascale|Radeon Pro Polaris|End-of-life|PCIe 3.0 x16|||"1750 MHz
										
					7 Gbps effective"|16 GB|GDDR5|256 bit|224.0 GB/s|2304.0|144.0|32.0|36.0|16 KB (per CU)|2 MB|39.78 GPixel/s|179.0 GTexel/s|5.728 TFLOPS|200 W|1x mini-DisplayPort 1.4a|12 (12_0)|4.6|2.1|1.3|6.7|Dual-slot|"267 mm
					10.5 inches"|"111 mm
					4.4 inches"|550 W|1x 6-pin + 1x 8-pin|D087-37|358.0 GFLOPS (1:16)|||1188 MHz|1243 MHz||||||||||
Radeon Pro WX 4100|/gpu-specs/radeon-pro-wx-4100.c2874|Baffin|Baffin XT|GCN 4.0|GlobalFoundries|14 nm|3,000 million|24.4M / mm²|123 mm²|BGA-769|Nov 10th, 2016|"Radeon Pro Polaris
(WX x100)"|Radeon Pro GCN|Radeon Pro Vega|Active|PCIe 3.0 x8|||"1500 MHz
										
					6 Gbps effective"|4 GB|GDDR5|128 bit|96.00 GB/s|1024.0|64.0|16.0|16.0|16 KB (per CU)|1024 KB|19.22 GPixel/s|76.86 GTexel/s|2.460 TFLOPS|50 W|4x mini-DisplayPort 1.4a|12 (12_0)|4.6|2.1|1.3|6.7|Single-slot|"168 mm
					6.6 inches"|"69 mm
					2.7 inches"|250 W||109-D01587-00C_02|153.7 GFLOPS (1:16)|399 USD||1125 MHz|1201 MHz|||2.460 TFLOPS (1:1)|||||||
Radeon Pro WX 5100|/gpu-specs/radeon-pro-wx-5100.c2873|Ellesmere|"Polaris 10 PRO GL
										
(215-0876144)"|GCN 4.0|GlobalFoundries|14 nm|5,700 million|24.6M / mm²|232 mm²|BGA-1401|Nov 18th, 2016|"Radeon Pro Polaris
(WX x100)"|Radeon Pro GCN|Radeon Pro Vega|Active|PCIe 3.0 x16|||"1250 MHz
										
					5 Gbps effective"|8 GB|GDDR5|256 bit|160.0 GB/s|1792.0|112.0|32.0|28.0|16 KB (per CU)|2 MB|34.75 GPixel/s|121.6 GTexel/s|3.892 TFLOPS|75 W|4x DisplayPort 1.4a|12 (12_0)|4.6|2.1|1.3|6.7|Single-slot|"173 mm
					6.8 inches"|"112 mm
					4.4 inches"|250 W||109-C95487-00C_02|243.3 GFLOPS (1:16)|499 USD||713 MHz|1086 MHz|||3.892 TFLOPS (1:1)|||||||
Radeon Pro WX 7100|/gpu-specs/radeon-pro-wx-7100.c2872|Ellesmere|Polaris 10 XT GL|GCN 4.0|GlobalFoundries|14 nm|5,700 million|24.6M / mm²|232 mm²|BGA-1401|Nov 10th, 2016|"Radeon Pro Polaris
(WX x100)"|Radeon Pro GCN|Radeon Pro Vega|Active|PCIe 3.0 x16|||"1750 MHz
										
					7 Gbps effective"|8 GB|GDDR5|256 bit|224.0 GB/s|2304.0|144.0|32.0|36.0|16 KB (per CU)|2 MB|39.78 GPixel/s|179.0 GTexel/s|5.728 TFLOPS|130 W|4x DisplayPort 1.4a|12 (12_0)|4.6|2.1|1.3|6.7|Single-slot|"241 mm
					9.5 inches"|"112 mm
					4.4 inches"|300 W|1x 6-pin|109-C95487-00_02|358.0 GFLOPS (1:16)|799 USD||1188 MHz|1243 MHz|||5.728 TFLOPS (1:1)|||||||
Radeon R1E Mobile Graphics|/gpu-specs/radeon-r1e-mobile-graphics.c4050|Stoney||GCN 3.0|GlobalFoundries|28 nm|1,200 million|9.6M / mm²|125 mm²|µBGA|Jun 1st, 2016|"GCN 3.0 IGP
(Stoney Ridge-M)"|GCN 2.0 IGP|Vega IGP|End-of-life|IGP|||System Shared|System Shared|System Shared|System Shared|System Dependent|64.0|8.0|4.0|1.0|||2.400 GPixel/s|4.800 GTexel/s|76.80 GFLOPS|15 W|Portable Device Dependent|12 (12_0)|4.6|2.1|1.2.170|6.5|IGP||||||4.800 GFLOPS (1:16)|||300 MHz|600 MHz|||76.80 GFLOPS (1:1)|||||||
Radeon R1E Mobile Graphics|/gpu-specs/radeon-r1e-mobile-graphics.c4044|Beema||GCN 2.0|GlobalFoundries|28 nm|930 million|8.7M / mm²|107 mm²||Feb 23rd, 2016|"GCN 2.0 IGP
(Mullins Mobile)"|TeraScale 3 IGP|GCN 3.0 IGP|End-of-life|IGP||497 MHz|System Shared|System Shared|System Shared|System Shared|System Dependent|64.0|8.0|4.0|1.0|||1.988 GPixel/s|3.976 GTexel/s|63.62 GFLOPS|15 W|Portable Device Dependent|12 (12_0)|4.6|2.1|1.2.170|6.5|IGP||||||3.976 GFLOPS (1:16)||||||||||||||
Radeon R1E Mobile Graphics|/gpu-specs/radeon-r1e-mobile-graphics.c4046|Beema||GCN 2.0|GlobalFoundries|28 nm|930 million|8.7M / mm²|107 mm²||Feb 23rd, 2016|"GCN 2.0 IGP
(Mullins Mobile)"|TeraScale 3 IGP|GCN 3.0 IGP|End-of-life|IGP||497 MHz|System Shared|System Shared|System Shared|System Shared|System Dependent|64.0|8.0|4.0|1.0|||1.988 GPixel/s|3.976 GTexel/s|63.62 GFLOPS|15 W|Portable Device Dependent|12 (12_0)|4.6|2.1|1.2.170|6.5|IGP||||||3.976 GFLOPS (1:16)||||||||||||||
Radeon R2 Mobile Graphics|/gpu-specs/radeon-r2-mobile-graphics.c3216|Stoney||GCN 3.0|GlobalFoundries|28 nm|1,200 million|9.6M / mm²|125 mm²|µBGA|Jun 1st, 2016|"GCN 3.0 IGP
(Stoney Ridge-M)"|GCN 2.0 IGP|Vega IGP|End-of-life|IGP|||System Shared|System Shared|System Shared|System Shared|System Dependent|128.0|8.0|4.0|2.0|||2.400 GPixel/s|4.800 GTexel/s|153.6 GFLOPS|15 W|Portable Device Dependent|12 (12_0)|4.6|2.1|1.2.170|6.5|IGP||||||9.600 GFLOPS (1:16)|||200 MHz|600 MHz|||153.6 GFLOPS (1:1)|||||||
Radeon R2E Mobile Graphics|/gpu-specs/radeon-r2e-mobile-graphics.c4049|Stoney||GCN 3.0|GlobalFoundries|28 nm|1,200 million|9.6M / mm²|125 mm²|µBGA|Jun 1st, 2016|"GCN 3.0 IGP
(Stoney Ridge-M)"|GCN 2.0 IGP|Vega IGP|End-of-life|IGP|||System Shared|System Shared|System Shared|System Shared|System Dependent|128.0|8.0|4.0|2.0|||2.400 GPixel/s|4.800 GTexel/s|153.6 GFLOPS|15 W|Portable Device Dependent|12 (12_0)|4.6|2.1|1.2.170|6.5|IGP||||||9.600 GFLOPS (1:16)|||200 MHz|600 MHz|||153.6 GFLOPS (1:1)|||||||
Radeon R3 Mobile Graphics|/gpu-specs/radeon-r3-mobile-graphics.c3217|Stoney||GCN 3.0|GlobalFoundries|28 nm|1,200 million|9.6M / mm²|125 mm²|µBGA|Jun 1st, 2016|"GCN 3.0 IGP
(Stoney Ridge-M)"|GCN 2.0 IGP|Vega IGP|End-of-life|IGP|||System Shared|System Shared|System Shared|System Shared|System Dependent|128.0|8.0|4.0|2.0|||2.620 GPixel/s|5.240 GTexel/s|167.7 GFLOPS|15 W|Portable Device Dependent|12 (12_0)|4.6|2.1|1.2.170|6.5|IGP||||||10.48 GFLOPS (1:16)|||200 MHz|655 MHz|||167.7 GFLOPS (1:1)|||||||
Radeon R4 Mobile Graphics|/gpu-specs/radeon-r4-mobile-graphics.c3218|Stoney||GCN 3.0|GlobalFoundries|28 nm|1,200 million|9.6M / mm²|125 mm²|µBGA|Jun 1st, 2016|"GCN 3.0 IGP
(Stoney Ridge-M)"|GCN 2.0 IGP|Vega IGP|End-of-life|IGP|||System Shared|System Shared|System Shared|System Shared|System Dependent|192.0|12.0|8.0|3.0|||5.240 GPixel/s|7.860 GTexel/s|251.5 GFLOPS|15 W|Portable Device Dependent|12 (12_0)|4.6|2.1|1.2.170|6.5|IGP||||||15.72 GFLOPS (1:16)|||200 MHz|655 MHz|||251.5 GFLOPS (1:1)|||||||
Radeon R4E Mobile Graphics|/gpu-specs/radeon-r4e-mobile-graphics.c4051|Stoney||GCN 3.0|GlobalFoundries|28 nm|1,200 million|9.6M / mm²|125 mm²|µBGA|Jun 1st, 2016|"GCN 3.0 IGP
(Stoney Ridge-M)"|GCN 2.0 IGP|Vega IGP|End-of-life|IGP|||System Shared|System Shared|System Shared|System Shared|System Dependent|192.0|12.0|8.0|3.0|||4.800 GPixel/s|7.200 GTexel/s|230.4 GFLOPS|15 W|Portable Device Dependent|12 (12_0)|4.6|2.1|1.2.170|6.5|IGP||||||14.40 GFLOPS (1:16)|||400 MHz|600 MHz|||230.4 GFLOPS (1:1)|||||||
Radeon R5 430 OEM|/gpu-specs/radeon-r5-430-oem.c2893|Oland|"Oland PRO
										
(215-0837015)"|GCN 1.0|TSMC|28 nm|950 million|12.3M / mm²|77 mm²|FCBGA-962|Jun 30th, 2016|"Arctic Islands
(R5 400)"|Pirate Islands|Polaris|End-of-life|PCIe 3.0 x8|||"1150 MHz
										
					4.6 Gbps effective"|2 GB|GDDR5|64 bit|36.80 GB/s|384.0|24.0|8.0|6.0|16 KB (per CU)|256 KB|6.240 GPixel/s|18.72 GTexel/s|599.0 GFLOPS|50 W|1x DVI1x DisplayPort 1.2|12 (11_1)|4.6|2.1 (1.2)|1.2.170|6.5 (5.1)|Single-slot|||250 W||109-C86957-00|37.44 GFLOPS (1:16)|||730 MHz|780 MHz||||||||||
Radeon R5 435 OEM|/gpu-specs/radeon-r5-435-oem.c2894|Banks|"Banks S3 PRO
										
(216-0890010)"|GCN 1.0|TSMC|28 nm|690 million|12.3M / mm²|56 mm²|FCBGA-631|Jun 30th, 2016|"Arctic Islands
(R5 400)"|Pirate Islands|Polaris|End-of-life|PCIe 3.0 x8||1030 MHz|"1125 MHz
										
					2.2 Gbps effective"|2 GB|DDR3|64 bit|18.00 GB/s|320.0|20.0|8.0|5.0|16 KB (per CU)|128 KB|8.240 GPixel/s|20.60 GTexel/s|659.2 GFLOPS|50 W|1x DVI1x HDMI 1.4a1x VGA|12 (11_1)|4.6|2.1 (1.2)|1.2.170|6.5 (5.1)|Single-slot|||250 W||109-D03457-00A_02|41.20 GFLOPS (1:16)||||||||||||||
Radeon R5 M420|/gpu-specs/radeon-r5-m420.c2859|Jet|"Jet PRO
										
(216-0856040)"|GCN 1.0|TSMC|28 nm|690 million|12.3M / mm²|56 mm²|FCBGA-962|May 15th, 2016|"Gem System
(R5 M400)"|Solar System|Polaris Mobile|End-of-life|PCIe 3.0 x8|||"1000 MHz
										
					2 Gbps effective"|4 GB|DDR3|64 bit|16.00 GB/s|320.0|20.0|8.0|5.0|16 KB (per CU)|128 KB|6.800 GPixel/s|17.00 GTexel/s|544.0 GFLOPS|unknown|Portable Device Dependent|12 (11_1)|4.6|2.1 (1.2)|1.2.170|6.5 (5.1)|IGP||||||34.00 GFLOPS (1:16)|||780 MHz|850 MHz||||||||||
Radeon R5 M430|/gpu-specs/radeon-r5-m430.c2945|Jet|"Jet PRO
										
(216-0856040)"|GCN 1.0|TSMC|28 nm|690 million|12.3M / mm²|56 mm²|FCBGA-962|May 15th, 2016|"Gem System
(R5 M400)"|Solar System|Polaris Mobile|End-of-life|PCIe 3.0 x8|||"1125 MHz
										
					2.2 Gbps effective"|2 GB|DDR3|64 bit|18.00 GB/s|320.0|20.0|8.0|5.0|16 KB (per CU)|128 KB|8.240 GPixel/s|20.60 GTexel/s|659.2 GFLOPS|unknown|Portable Device Dependent|12 (11_1)|4.6|2.1 (1.2)|1.2.170|6.5 (5.1)|IGP||||||41.20 GFLOPS (1:16)|||780 MHz|1030 MHz||||||||||
Radeon R5 M430|/gpu-specs/radeon-r5-m430.c2846|Exo|"Exo S3 PRO
										
(216-0867030)"|GCN 1.0|TSMC|28 nm|690 million|12.3M / mm²|56 mm²|FCBGA-631|May 15th, 2016|"Gem System
(R5 M400)"|Solar System|Polaris Mobile|End-of-life|PCIe 3.0 x8||1030 MHz|"900 MHz
										
					1800 Mbps effective"|2 GB|DDR3|64 bit|14.40 GB/s|320.0|20.0|8.0|5.0|16 KB (per CU)|128 KB|8.240 GPixel/s|20.60 GTexel/s|659.2 GFLOPS|unknown|Portable Device Dependent|12 (11_1)|4.6|2.1 (1.2)|1.2.170|6.5 (5.1)|IGP||||||41.20 GFLOPS (1:16)||||||||||||||
Radeon R5 M430|/gpu-specs/radeon-r5-m430.c2834|Jet|"Jet PRO
										
(216-0856040)"|GCN 1.0|TSMC|28 nm|690 million|12.3M / mm²|56 mm²|FCBGA-962|2016|"Gem System
(R5 M400)"|Solar System|Polaris Mobile|End-of-life|PCIe 3.0 x8|||"1000 MHz
										
					2 Gbps effective"|4 GB|DDR3|64 bit|16.00 GB/s|320.0|20.0|8.0|5.0|16 KB (per CU)|128 KB|6.840 GPixel/s|17.10 GTexel/s|547.2 GFLOPS|unknown|Portable Device Dependent|12 (11_1)|4.6|2.1 (1.2)|1.2.170|6.5 (5.1)|IGP|||||||||780 MHz|855 MHz||||||||||
Radeon R5 M435|/gpu-specs/radeon-r5-m435.c2850|Jet|Jet S3 UL|GCN 1.0|TSMC|28 nm|690 million|12.3M / mm²|56 mm²|FCBGA-962|May 15th, 2016|"Gem System
(R5 M400)"|Solar System|Polaris Mobile|End-of-life|PCIe 3.0 x8|||"1125 MHz
										
					4.5 Gbps effective"|2 GB|GDDR5|64 bit|36.00 GB/s|320.0|20.0|8.0|5.0|16 KB (per CU)|128 KB|8.240 GPixel/s|20.60 GTexel/s|659.2 GFLOPS|unknown|Portable Device Dependent|12 (11_1)|4.6|2.1 (1.2)|1.2.170|6.5 (5.1)|IGP||||||41.20 GFLOPS (1:16)|||780 MHz|1030 MHz||||||||||
Radeon R5 M445|/gpu-specs/radeon-r5-m445.c2750|Meso|"Meso XT
										
(216-0864018)"|GCN 3.0|TSMC|28 nm|1,550 million|12.4M / mm²|125 mm²||2016|"Gem System
(R5 M400)"|Solar System|Polaris Mobile|End-of-life|PCIe 3.0 x8||920 MHz|"1000 MHz
										
					4 Gbps effective"|4 GB|GDDR5|64 bit|32.00 GB/s|384.0|24.0|8.0|6.0|16 KB (per CU)|128 KB|7.360 GPixel/s|22.08 GTexel/s|706.6 GFLOPS|unknown|Portable Device Dependent|12 (12_0)|4.6|2.1|1.2.170|6.5|||||||||||||||||||||
Radeon R5 M465|/gpu-specs/radeon-r5-m465.c2749|Meso|"Meso XT
										
(216-0864018)"|GCN 3.0|TSMC|28 nm|1,550 million|12.4M / mm²|125 mm²||2016|"Gem System
(R5 M400)"|Solar System|Polaris Mobile|End-of-life|PCIe 3.0 x8|||"1000 MHz
										
					2 Gbps effective"|4 GB|DDR3|64 bit|16.00 GB/s|384.0|24.0|8.0|6.0|16 KB (per CU)|128 KB|8.120 GPixel/s|24.36 GTexel/s|779.5 GFLOPS|unknown|Portable Device Dependent|12 (12_0)|4.6|2.1|1.2.170|6.5||||||||||1000 MHz|1015 MHz||||||||||
Radeon R5 Mobile Graphics|/gpu-specs/radeon-r5-mobile-graphics.c3215|Stoney||GCN 3.0|GlobalFoundries|28 nm|1,200 million|9.6M / mm²|125 mm²|µBGA|Jun 1st, 2016|"GCN 3.0 IGP
(Stoney Ridge-M)"|GCN 2.0 IGP|Vega IGP|End-of-life|IGP|||System Shared|System Shared|System Shared|System Shared|System Dependent|192.0|12.0|8.0|3.0|||6.776 GPixel/s|10.16 GTexel/s|325.2 GFLOPS|15 W|Portable Device Dependent|12 (12_0)|4.6|2.1|1.2.170|6.5|IGP||||||20.33 GFLOPS (1:16)|||200 MHz|847 MHz|||325.2 GFLOPS (1:1)|||||||
Radeon R5E Mobile Graphics|/gpu-specs/radeon-r5e-mobile-graphics.c4052|Stoney||GCN 3.0|GlobalFoundries|28 nm|1,200 million|9.6M / mm²|125 mm²|µBGA|Jun 1st, 2016|"GCN 3.0 IGP
(Stoney Ridge-M)"|GCN 2.0 IGP|Vega IGP|End-of-life|IGP|||System Shared|System Shared|System Shared|System Shared|System Dependent|192.0|12.0|8.0|3.0|||6.776 GPixel/s|10.16 GTexel/s|325.2 GFLOPS|15 W|Portable Device Dependent|12 (12_0)|4.6|2.1|1.2.170|6.5|IGP||||||20.33 GFLOPS (1:16)|||200 MHz|847 MHz|||325.2 GFLOPS (1:1)|||||||
Radeon R6 M435DX|/gpu-specs/radeon-r6-m435dx.c2943|Jet|Jet XT|GCN 1.0|TSMC|28 nm|690 million|12.3M / mm²|56 mm²|FCBGA-962|Dec 12th, 2016|"Gem System Hybrid
(Rx M400)"|||End-of-life|IGP|||System Shared|System Shared|System Shared|System Shared|System Dependent|384.0|24.0|8.0|6.0|16 KB (per CU)|256 KB|8.240 GPixel/s|24.72 GTexel/s|791.0 GFLOPS|unknown|Portable Device Dependent|12 (11_1)|4.6|2.1 (1.2)|1.2.170|6.5 (5.1)|IGP||||||49.44 GFLOPS (1:16)|||955 MHz|1030 MHz||||||||||
Radeon R6E Mobile Graphics|/gpu-specs/radeon-r6e-mobile-graphics.c4042|Wani||GCN 3.0|GlobalFoundries|28 nm|1,200 million|9.6M / mm²|125 mm²|µPGA / µBGA|2016|"GCN 3.0 IGP
(Carrizo Mobile)"|GCN 2.0 IGP|Vega IGP|End-of-life|IGP|||System Shared|System Shared|System Shared|System Shared|System Dependent|384.0|24.0|8.0|6.0|||6.064 GPixel/s|18.19 GTexel/s|582.1 GFLOPS|15 W|Portable Device Dependent|12 (12_0)|4.6|2.1|1.2.170|6.5|IGP||||||291.1 GFLOPS (1:2)|||200 MHz|758 MHz|||582.1 GFLOPS (1:1)|||||||
Radeon R7 350|/gpu-specs/radeon-r7-350.c3135|Cape Verde|Cape Verde PRO MOCHA|GCN 1.0|TSMC|28 nm|1,500 million|12.2M / mm²|123 mm²|FCBGA-962|Jul 6th, 2016|"Pirate Islands
(R7 300)"|Volcanic Islands|Arctic Islands|End-of-life|PCIe 3.0 x16||800 MHz|"1125 MHz
										
					4.5 Gbps effective"|2 GB|GDDR5|128 bit|72.00 GB/s|512.0|32.0|16.0|8.0|16 KB (per CU)|256 KB|12.80 GPixel/s|25.60 GTexel/s|819.2 GFLOPS|55 W|1x DVI1x HDMI 1.4a1x DisplayPort 1.2|12 (11_1)|4.6|2.1 (1.2)|1.2.170|6.5 (5.1)|Single-slot|"168 mm
					6.6 inches"||250 W||C445|51.20 GFLOPS (1:16)||||||||||||||
Radeon R7 430 OEM|/gpu-specs/radeon-r7-430-oem.c2892|Oland||GCN 1.0|TSMC|28 nm|950 million|12.3M / mm²|77 mm²|FCBGA-962|Jun 30th, 2016|"Arctic Islands
(R7 400)"|Pirate Islands|Polaris|End-of-life|PCIe 3.0 x8|||"900 MHz
										
					1800 Mbps effective"|2 GB|DDR3|128 bit|28.80 GB/s|384.0|24.0|8.0|6.0|16 KB (per CU)|256 KB|6.240 GPixel/s|18.72 GTexel/s|599.0 GFLOPS|50 W|1x DVI1x HDMI 1.4a1x VGA|12 (11_1)|4.6|2.1 (1.2)|1.2.170|6.5 (5.1)|Single-slot|||250 W|||37.44 GFLOPS (1:16)|||730 MHz|780 MHz||||||||||
Radeon R7 435 OEM|/gpu-specs/radeon-r7-435-oem.c2891|Oland||GCN 1.0|TSMC|28 nm|950 million|12.3M / mm²|77 mm²|FCBGA-962|Jun 30th, 2016|"Arctic Islands
(R7 400)"|Pirate Islands|Polaris|End-of-life|PCIe 3.0 x8||920 MHz|"1000 MHz
										
					2 Gbps effective"|2 GB|DDR3|64 bit|16.00 GB/s|320.0|20.0|8.0|5.0|16 KB (per CU)|128 KB|7.360 GPixel/s|18.40 GTexel/s|588.8 GFLOPS|50 W|1x DVI1x HDMI 1.4a1x VGA|12 (11_1)|4.6|2.1 (1.2)|1.2.170|6.5 (5.1)|Single-slot|||250 W|||36.80 GFLOPS (1:16)||||||||||||||
Radeon R7 450 OEM|/gpu-specs/radeon-r7-450-oem.c2890|Cape Verde|Cape Verde PRO2|GCN 1.0|TSMC|28 nm|1,500 million|12.2M / mm²|123 mm²|FCBGA-962|Jun 30th, 2016|"Arctic Islands
(R7 400)"|Pirate Islands|Polaris|End-of-life|PCIe 3.0 x16||925 MHz|"1125 MHz
										
					4.5 Gbps effective"|2 GB|GDDR5|128 bit|72.00 GB/s|512.0|32.0|16.0|8.0|16 KB (per CU)|256 KB|14.80 GPixel/s|29.60 GTexel/s|947.2 GFLOPS|65 W|1x DVI1x HDMI 1.4a1x DisplayPort 1.2|12 (11_1)|4.6|2.1 (1.2)|1.2.170|6.5 (5.1)|Single-slot|||250 W||C750, 109-C90657-00_02, D039|59.20 GFLOPS (1:16)||||||||||||||
Radeon R7 M440|/gpu-specs/radeon-r7-m440.c2851|Meso|"Meso PRO
										
(216-0864032)"|GCN 3.0|TSMC|28 nm|1,550 million|12.4M / mm²|125 mm²||May 15th, 2016|"Gem System
(R7 M400)"|Solar System|Polaris Mobile|End-of-life|PCIe 3.0 x8||891 MHz|"900 MHz
										
					1800 Mbps effective"|4 GB|DDR3|64 bit|14.40 GB/s|320.0|20.0|8.0|5.0|16 KB (per CU)|128 KB|7.128 GPixel/s|17.82 GTexel/s|570.2 GFLOPS|unknown|Portable Device Dependent|12 (12_0)|4.6|2.1|1.2.170|6.5|IGP||||||35.64 GFLOPS (1:16)|||||||570.2 GFLOPS (1:1)|||||||
Radeon R7 M445|/gpu-specs/radeon-r7-m445.c2852|Meso|"Meso PRO
										
(216-0864032)"|GCN 3.0|TSMC|28 nm|1,550 million|12.4M / mm²|125 mm²||May 15th, 2016|"Gem System
(R7 M400)"|Solar System|Polaris Mobile|End-of-life|PCIe 3.0 x8|||"1000 MHz
										
					4 Gbps effective"|4 GB|GDDR5|64 bit|32.00 GB/s|320.0|20.0|8.0|5.0|16 KB (per CU)|128 KB|7.360 GPixel/s|18.40 GTexel/s|588.8 GFLOPS|unknown|Portable Device Dependent|12 (12_0)|4.6|2.1|1.2.170|6.5|IGP||||||36.80 GFLOPS (1:16)|||780 MHz|920 MHz|||588.8 GFLOPS (1:1)|||||||
Radeon R7 M460|/gpu-specs/radeon-r7-m460.c2853|Meso|"Meso XT
										
(216-0864018)"|GCN 3.0|TSMC|28 nm|1,550 million|12.4M / mm²|125 mm²||May 15th, 2016|"Gem System
(R7 M400)"|Solar System|Polaris Mobile|End-of-life|PCIe 3.0 x8|||"1125 MHz
										
					4.5 Gbps effective"|2 GB|GDDR5|64 bit|36.00 GB/s|384.0|24.0|8.0|6.0|16 KB (per CU)|128 KB|8.192 GPixel/s|24.58 GTexel/s|786.4 GFLOPS|unknown|Portable Device Dependent|12 (12_0)|4.6|2.1|1.2.170|6.5|||||||49.15 GFLOPS (1:16)|||730 MHz|1024 MHz|||786.4 GFLOPS (1:1)|||||||
Radeon R7 M465|/gpu-specs/radeon-r7-m465.c3211|Topaz|"Topaz XT
										
(216-0858020)"|GCN 3.0|TSMC|28 nm|1,550 million|12.4M / mm²|125 mm²||May 15th, 2016|"Gem System
(R7 M400)"|Solar System|Polaris Mobile|End-of-life|PCIe 3.0 x8|||"1125 MHz
										
					4.5 Gbps effective"|2 GB|GDDR5|64 bit|36.00 GB/s|384.0|24.0|8.0|6.0|16 KB (per CU)|128 KB|8.192 GPixel/s|24.58 GTexel/s|786.4 GFLOPS|unknown|Portable Device Dependent|12 (12_0)|4.6|2.1|1.2.170|6.5|||||||49.15 GFLOPS (1:16)|||730 MHz|1024 MHz|||786.4 GFLOPS (1:1)|||||||
Radeon R7 M465|/gpu-specs/radeon-r7-m465.c2854|Litho|"Litho XT
										
(216-0868010)"|GCN 1.0|TSMC|28 nm|950 million|12.3M / mm²|77 mm²|FCBGA-962|May 15th, 2016|"Gem System
(R7 M400)"|Solar System|Polaris Mobile|End-of-life|PCIe 3.0 x8||825 MHz|"1000 MHz
										
					4 Gbps effective"|2 GB|GDDR5|128 bit|64.00 GB/s|384.0|24.0|8.0|6.0|16 KB (per CU)|256 KB|6.600 GPixel/s|19.80 GTexel/s|633.6 GFLOPS|unknown|Portable Device Dependent|12 (11_1)|4.6|2.1 (1.2)|1.2.170|6.5 (5.1)|||||||39.60 GFLOPS (1:16)||||||||||||||
Radeon R7 M465X|/gpu-specs/radeon-r7-m465x.c2855|Tropo|Tropo LE|GCN 1.0|TSMC|28 nm|1,500 million|12.2M / mm²|123 mm²|FCBGA-962|May 15th, 2016|"Gem System
(R7 M400)"|Solar System|Polaris Mobile|End-of-life|PCIe 3.0 x16|||"1125 MHz
										
					4.5 Gbps effective"|2 GB|GDDR5|128 bit|72.00 GB/s|512.0|32.0|16.0|8.0|16 KB (per CU)|256 KB|14.80 GPixel/s|29.60 GTexel/s|947.2 GFLOPS|unknown|Portable Device Dependent|12 (11_1)|4.6|2.1 (1.2)|1.2.170|6.5 (5.1)|||||||59.20 GFLOPS (1:16)|||900 MHz|925 MHz||||||||||
Radeon R7E Mobile Graphics|/gpu-specs/radeon-r7e-mobile-graphics.c4041|Wani||GCN 3.0|GlobalFoundries|28 nm|1,200 million|9.6M / mm²|125 mm²|µPGA / µBGA|2016|"GCN 3.0 IGP
(Carrizo Mobile)"|GCN 2.0 IGP|Vega IGP|End-of-life|IGP|||System Shared|System Shared|System Shared|System Shared|System Dependent|384.0|24.0|8.0|6.0|||5.008 GPixel/s|15.02 GTexel/s|480.8 GFLOPS|15 W|Portable Device Dependent|12 (12_0)|4.6|2.1|1.2.170|6.5|IGP||||||240.4 GFLOPS (1:2)|||200 MHz|626 MHz|||480.8 GFLOPS (1:1)|||||||
Radeon R8 M435DX|/gpu-specs/radeon-r8-m435dx.c2944|Jet|Jet XT|GCN 1.0|TSMC|28 nm|690 million|12.3M / mm²|56 mm²|FCBGA-962|Dec 12th, 2016|"Gem System Hybrid
(Rx M400)"|||End-of-life|IGP|||System Shared|System Shared|System Shared|System Shared|System Dependent|384.0|24.0|8.0|6.0|16 KB (per CU)|256 KB|8.240 GPixel/s|24.72 GTexel/s|791.0 GFLOPS|unknown|Portable Device Dependent|12 (11_1)|4.6|2.1 (1.2)|1.2.170|6.5 (5.1)|IGP||||||49.44 GFLOPS (1:16)|||955 MHz|1030 MHz||||||||||
Radeon R8 M445DX|/gpu-specs/radeon-r8-m445dx.c3128|Meso|"Meso PRO
										
(216-0864032)"|GCN 3.0|TSMC|28 nm|1,550 million|12.4M / mm²|125 mm²||May 15th, 2016|"Gem System Hybrid
(Rx M400)"|||End-of-life|IGP|||System Shared|System Shared|System Shared|System Shared|System Dependent|320.0|20.0|8.0|5.0|16 KB (per CU)|128 KB|8.168 GPixel/s|20.42 GTexel/s|653.4 GFLOPS|unknown|Portable Device Dependent|12 (12_0)|4.6|2.1|1.2.170|6.5|IGP||||||40.84 GFLOPS (1:16)|||780 MHz|1021 MHz|||653.4 GFLOPS (1:1)|||||||
Radeon R9 M470|/gpu-specs/radeon-r9-m470.c2856|Emerald|Emerald PRO|GCN 2.0|TSMC|28 nm|2,080 million|13.0M / mm²|160 mm²|FCBGA-1093|May 15th, 2016|"Gem System
(R9 M400)"|Solar System|Polaris Mobile|End-of-life|PCIe 3.0 x16|||"1375 MHz
										
					5.5 Gbps effective"|4 GB|GDDR5|128 bit|88.00 GB/s|768.0|48.0|16.0|12.0|16 KB (per CU)|256 KB|16.00 GPixel/s|48.00 GTexel/s|1.536 TFLOPS|unknown|Portable Device Dependent|12 (12_0)|4.6|2.1|1.2.170|6.5|||||||96.00 GFLOPS (1:16)|||900 MHz|1000 MHz||||||||||
Radeon R9 M470X|/gpu-specs/radeon-r9-m470x.c2857|Emerald|Emerald XT|GCN 2.0|TSMC|28 nm|2,080 million|13.0M / mm²|160 mm²|FCBGA-1093|May 15th, 2016|"Gem System
(R9 M400)"|Solar System|Polaris Mobile|End-of-life|PCIe 3.0 x16|||"1200 MHz
										
					4.8 Gbps effective"|4 GB|GDDR5|128 bit|76.80 GB/s|896.0|56.0|16.0|14.0|16 KB (per CU)|256 KB|17.60 GPixel/s|61.60 GTexel/s|1.971 TFLOPS|unknown|Portable Device Dependent|12 (12_0)|4.6|2.1|1.2.170|6.5|||||||123.2 GFLOPS (1:16)|||1000 MHz|1100 MHz||||||||||
Radeon R9 M485X|/gpu-specs/radeon-r9-m485x.c2858|Amethyst|Amethyst XT|GCN 3.0|TSMC|28 nm|5,000 million|13.7M / mm²|366 mm²||May 15th, 2016|"Gem System
(R9 M400)"|Solar System|Polaris Mobile|End-of-life|MXM-B (3.0)||723 MHz|"1250 MHz
										
					5 Gbps effective"|8 GB|GDDR5|256 bit|160.0 GB/s|2048.0|128.0|32.0|32.0|16 KB (per CU)|512 KB|23.14 GPixel/s|92.54 GTexel/s|2.961 TFLOPS|250 W|Portable Device Dependent|12 (12_0)|4.6|2.1|1.2.170|6.5|MXM Module||||||185.1 GFLOPS (1:16)|||||||2.961 TFLOPS (1:1)|||||||
Radeon RX 455 OEM|/gpu-specs/radeon-rx-455-oem.c2889|Tobago|"Tobago PRO
										
(215-0875010)"|GCN 2.0|TSMC|28 nm|2,080 million|13.0M / mm²|160 mm²|FCBGA-1093|Jun 30th, 2016|"Arctic Islands
(RX 400)"|Pirate Islands|Polaris|End-of-life|PCIe 3.0 x16||1050 MHz|"1625 MHz
										
					6.5 Gbps effective"|2 GB|GDDR5|128 bit|104.0 GB/s|768.0|48.0|16.0|12.0|16 KB (per CU)|256 KB|16.80 GPixel/s|50.40 GTexel/s|1.613 TFLOPS|100 W|1x DVI1x HDMI 1.4a1x DisplayPort 1.2|12 (12_0)|4.6|2.1|1.2.170|6.5|Single-slot|"165 mm
					6.5 inches"||300 W|1x 6-pin|C582, C936|100.8 GFLOPS (1:16)||||||||||||||
Radeon RX 460|/gpu-specs/radeon-rx-460.c2849|Baffin|"Baffin PRO
										
(215-0895088)"|GCN 4.0|GlobalFoundries|14 nm|3,000 million|24.4M / mm²|123 mm²|BGA-769|Aug 8th, 2016|"Arctic Islands
(RX 400)"|Pirate Islands|Polaris|Active|PCIe 3.0 x8|38 in our database||"1750 MHz
										
					7 Gbps effective"|2 GB|GDDR5|128 bit|112.0 GB/s|896.0|56.0|16.0|14.0|16 KB (per CU)|1024 KB|19.20 GPixel/s|67.20 GTexel/s|2.150 TFLOPS|75 W|1x DVI1x HDMI 2.0b1x DisplayPort 1.4a|12 (12_0)|4.6|2.1|1.3|6.7|Dual-slot|"170 mm
					6.7 inches"||250 W||C994|134.4 GFLOPS (1:16)|||1090 MHz|1200 MHz|||2.150 TFLOPS (1:1)|||||||
Radeon RX 460 Mobile|/gpu-specs/radeon-rx-460-mobile.c3072|Baffin|Baffin XT|GCN 4.0|GlobalFoundries|14 nm|3,000 million|24.4M / mm²|123 mm²|BGA-769|Aug 8th, 2016|"Polaris Mobile
(RX M400)"|Gem System|Navi Mobile|Active|MXM-B (3.0)|||"1250 MHz
										
					5 Gbps effective"|4 GB|GDDR5|128 bit|80.00 GB/s|896.0|56.0|16.0|14.0|16 KB (per CU)|1024 KB|18.88 GPixel/s|66.08 GTexel/s|2.115 TFLOPS|55 W|Portable Device Dependent|12 (12_0)|4.6|2.1|1.3|6.7|MXM Module||||||132.2 GFLOPS (1:16)|||1000 MHz|1180 MHz|||2.115 TFLOPS (1:1)|||||||
Radeon RX 470|/gpu-specs/radeon-rx-470.c2861|Ellesmere|"Polaris 10 PRO
										
(215-0876204)"|GCN 4.0|GlobalFoundries|14 nm|5,700 million|24.6M / mm²|232 mm²|BGA-1401|Aug 4th, 2016|"Arctic Islands
(RX 400)"|Pirate Islands|Polaris|Active|PCIe 3.0 x16|46 in our database||"1650 MHz
										
					6.6 Gbps effective"|4 GB|GDDR5|256 bit|211.2 GB/s|2048.0|128.0|32.0|32.0|16 KB (per CU)|2 MB|38.59 GPixel/s|154.4 GTexel/s|4.940 TFLOPS|120 W|1x HDMI 2.0b3x DisplayPort 1.4a|12 (12_0)|4.6|2.1|1.3|6.7|Dual-slot|"240 mm
					9.4 inches"|"95 mm
					3.7 inches"|300 W|1x 6-pin|C940, 109-D00947-00_02|308.7 GFLOPS (1:16)|179 USD|"35 mm
					1.4 inches"|926 MHz|1206 MHz|||4.940 TFLOPS (1:1)|||||||
Radeon RX 470 Mobile|/gpu-specs/radeon-rx-470-mobile.c3070|Ellesmere|Ellesmere PRO|GCN 4.0|GlobalFoundries|14 nm|5,700 million|24.6M / mm²|232 mm²|BGA-1401|Aug 4th, 2016|"Polaris Mobile
(RX M400)"|Gem System|Navi Mobile|Active|MXM-B (3.0)|||"1750 MHz
										
					7 Gbps effective"|8 GB|GDDR5|256 bit|224.0 GB/s|2048.0|128.0|32.0|32.0|16 KB (per CU)|2 MB|34.37 GPixel/s|137.5 GTexel/s|4.399 TFLOPS|85 W|Portable Device Dependent|12 (12_0)|4.6|2.1|1.3|6.7|MXM Module||||||274.9 GFLOPS (1:16)|||926 MHz|1074 MHz|||4.399 TFLOPS (1:1)|||||||
Radeon RX 470D|/gpu-specs/radeon-rx-470d.c2896|Ellesmere|Polaris 10 PROD|GCN 4.0|GlobalFoundries|14 nm|5,700 million|24.6M / mm²|232 mm²|BGA-1401|Oct 21st, 2016|"Arctic Islands
(RX 400)"|Pirate Islands|Polaris|Active|PCIe 3.0 x16|||"1650 MHz
										
					6.6 Gbps effective"|4 GB|GDDR5|256 bit|211.2 GB/s|1792.0|112.0|32.0|28.0|16 KB (per CU)|2 MB|38.59 GPixel/s|135.1 GTexel/s|4.322 TFLOPS|120 W|1x HDMI 2.0b3x DisplayPort 1.4a|12 (12_0)|4.6|2.1|1.3|6.7|Dual-slot|"241 mm
					9.5 inches"||300 W|1x 6-pin|D000|270.1 GFLOPS (1:16)|||926 MHz|1206 MHz|||4.322 TFLOPS (1:1)|||||||
Radeon RX 480|/gpu-specs/radeon-rx-480.c2848|Ellesmere|"Polaris 10 XT
										
(215-0876184)"|GCN 4.0|GlobalFoundries|14 nm|5,700 million|24.6M / mm²|232 mm²|BGA-1401|Jun 29th, 2016|"Arctic Islands
(RX 400)"|Pirate Islands|Polaris|Active|PCIe 3.0 x16|86 in our database||"2000 MHz
										
					8 Gbps effective"|8 GB|GDDR5|256 bit|256.0 GB/s|2304.0|144.0|32.0|36.0|16 KB (per CU)|2 MB|40.51 GPixel/s|182.3 GTexel/s|5.834 TFLOPS|150 W|1x HDMI 2.0b3x DisplayPort 1.4a|12 (12_0)|4.6|2.1|1.3|6.7|Dual-slot|"240 mm
					9.4 inches"|"95 mm
					3.7 inches"|450 W|1x 6-pin|C940, 109-D00947-00_02|364.6 GFLOPS (1:16)|229 USD|"35 mm
					1.4 inches"|1120 MHz|1266 MHz|||5.834 TFLOPS (1:1)|||||||
Radeon RX 480 Mobile|/gpu-specs/radeon-rx-480-mobile.c3073|Ellesmere|Ellesmere XT|GCN 4.0|GlobalFoundries|14 nm|5,700 million|24.6M / mm²|232 mm²|BGA-1401|Aug 4th, 2016|"Polaris Mobile
(RX M400)"|Gem System|Navi Mobile|Active|MXM-B (3.0)|||"2000 MHz
										
					8 Gbps effective"|8 GB|GDDR5|256 bit|256.0 GB/s|2304.0|144.0|32.0|36.0|16 KB (per CU)|2 MB|34.46 GPixel/s|155.1 GTexel/s|4.963 TFLOPS|100 W|Portable Device Dependent|12 (12_0)|4.6|2.1|1.3|6.7|MXM Module||||||310.2 GFLOPS (1:16)|||1000 MHz|1077 MHz|||4.963 TFLOPS (1:1)|||||||
Radeon RX 580 OEM|/gpu-specs/radeon-rx-580-oem.c3112|Ellesmere|"Polaris 10 XT
										
(215-0876184)"|GCN 4.0|GlobalFoundries|14 nm|5,700 million|24.6M / mm²|232 mm²|BGA-1401|Jun 29th, 2016|"Polaris
(RX 500)"|Arctic Islands|Vega|Active|PCIe 3.0 x16|52 in our database||"2000 MHz
										
					8 Gbps effective"|8 GB|GDDR5|256 bit|256.0 GB/s|2304.0|144.0|32.0|36.0|16 KB (per CU)|2 MB|40.51 GPixel/s|182.3 GTexel/s|5.834 TFLOPS|150 W|1x HDMI 2.0b3x DisplayPort 1.4a|12 (12_0)|4.6|2.1|1.3|6.7|Dual-slot|"241 mm
					9.5 inches"||450 W|1x 6-pin|C940, D009-04|364.6 GFLOPS (1:16)|229 USD||1120 MHz|1266 MHz|||5.834 TFLOPS (1:1)|||||||
Xbox One S GPU|/gpu-specs/xbox-one-s-gpu.c2866|Durango 2|M1004145-001|GCN 1.0|TSMC|16 nm|5,000 million|20.8M / mm²|240 mm²|BGA-515|Aug 2nd, 2016|"Console GPU
(Microsoft)"|||End-of-life|||914 MHz|"1066 MHz
										
					2.1 Gbps effective"|8 GB|DDR3|256 bit|68.22 GB/s|768.0|48.0|16.0|12.0|||14.62 GPixel/s|43.87 GTexel/s|1,403.9 GFLOPS|95 W|1x HDMI 2.0a|12 (11_1)||1.2|1.1|5.1||"295 mm
					11.6 inches"|"230 mm
					9.1 inches"|||||399 USD|"64 mm
					2.5 inches"||||2.9 kg (6.4 lbs)||1 TB HDD|1x HDMI 1.4b|||||
Radeon 520 Mobile DDR3|/gpu-specs/radeon-520-mobile-ddr3.c3003|Banks|"Banks S3 PRO
										
(216-0890010)"|GCN 1.0|TSMC|28 nm|690 million|12.3M / mm²|56 mm²|FCBGA-631|Apr 18th, 2017|"Polaris Mobile
(M500)"|Gem System|Navi Mobile|End-of-life|PCIe 3.0 x8||1030 MHz|"1000 MHz
										
					2 Gbps effective"|2 GB|DDR3|64 bit|16.00 GB/s|320.0|20.0|8.0|5.0|16 KB (per CU)|128 KB|8.240 GPixel/s|20.60 GTexel/s|659.2 GFLOPS|50 W|Portable Device Dependent|12 (11_1)|4.6|2.1 (1.2)|1.2.170|6.5 (5.1)|IGP||||||41.20 GFLOPS (1:16)||||||||||||||
Radeon 520 Mobile GDDR5|/gpu-specs/radeon-520-mobile-gddr5.c3236|Banks|"Banks S3 PRO
										
(216-0890010)"|GCN 1.0|TSMC|28 nm|690 million|12.3M / mm²|56 mm²|FCBGA-631|Apr 18th, 2017|"Polaris Mobile
(M500)"|Gem System|Navi Mobile|End-of-life|PCIe 3.0 x8||1030 MHz|"1125 MHz
										
					4.5 Gbps effective"|2 GB|GDDR5|64 bit|36.00 GB/s|320.0|20.0|8.0|5.0|16 KB (per CU)|128 KB|8.240 GPixel/s|20.60 GTexel/s|659.2 GFLOPS|50 W|Portable Device Dependent|12 (11_1)|4.6|2.1 (1.2)|1.2.170|6.5 (5.1)|IGP||||||41.20 GFLOPS (1:16)||||||||||||||
Radeon 520 OEM|/gpu-specs/radeon-520-oem.c4061|Banks|"Banks S3 PRO
										
(216-0890010)"|GCN 1.0|TSMC|28 nm|690 million|12.3M / mm²|56 mm²|FCBGA-631|Apr 18th, 2017|"Polaris
(RX 500)"|Arctic Islands|Vega|End-of-life|PCIe 3.0 x8||1030 MHz|"1125 MHz
										
					4.5 Gbps effective"|2 GB|GDDR5|64 bit|36.00 GB/s|320.0|20.0|8.0|5.0|16 KB (per CU)|128 KB|8.240 GPixel/s|20.60 GTexel/s|659.2 GFLOPS|50 W|No outputs|12 (11_1)|4.6|2.1 (1.2)|1.2.170|6.5 (5.1)|IGP|||250 W||109-D03457-00A_02|41.20 GFLOPS (1:16)||||||||||||||
Radeon 530 Mobile DDR3|/gpu-specs/radeon-530-mobile-ddr3.c4106|Weston|"Weston PRO
										
(216-0864032)"|GCN 3.0|TSMC|28 nm|1,550 million|12.4M / mm²|125 mm²||Apr 18th, 2017|"Polaris Mobile
(M500)"|Gem System|Navi Mobile|End-of-life|PCIe 3.0 x8|||"900 MHz
										
					1800 Mbps effective"|2 GB|DDR3|64 bit|14.40 GB/s|384.0|24.0|8.0|6.0|16 KB (per CU)|128 KB|8.168 GPixel/s|24.50 GTexel/s|784.1 GFLOPS|50 W|Portable Device Dependent|12 (12_0)|4.6|2.1|1.2.170|6.5|IGP||||||49.01 GFLOPS (1:16)|||730 MHz|1021 MHz|||784.1 GFLOPS (1:1)|||||||
Radeon 530 Mobile GDDR5|/gpu-specs/radeon-530-mobile-gddr5.c3002|Weston|"Weston PRO
										
(216-0864032)"|GCN 3.0|TSMC|28 nm|1,550 million|12.4M / mm²|125 mm²||Apr 18th, 2017|"Polaris Mobile
(M500)"|Gem System|Navi Mobile|End-of-life|PCIe 3.0 x8|||"900 MHz
										
					3.6 Gbps effective"|2 GB|GDDR5|64 bit|28.80 GB/s|384.0|24.0|8.0|6.0|16 KB (per CU)|128 KB|7.128 GPixel/s|21.38 GTexel/s|684.3 GFLOPS|50 W|Portable Device Dependent|12 (12_0)|4.6|2.1|1.2.170|6.5|IGP||||||42.77 GFLOPS (1:16)|||730 MHz|891 MHz|||684.3 GFLOPS (1:1)|||||||
Radeon 530X Mobile|/gpu-specs/radeon-530x-mobile.c3108|Polaris 24|"Polaris 24 XT
										
(216-0915006)"|GCN 3.0|TSMC|28 nm|1,550 million|12.4M / mm²|125 mm²||Apr 18th, 2017|"Polaris Mobile
(M500X)"|Gem System|Navi Mobile|End-of-life|PCIe 3.0 x8|||"1125 MHz
										
					4.5 Gbps effective"|2 GB|GDDR5|64 bit|36.00 GB/s|384.0|24.0|8.0|6.0|16 KB (per CU)|128 KB|8.192 GPixel/s|24.58 GTexel/s|786.4 GFLOPS|50 W|Portable Device Dependent|12 (12_0)|4.6|2.1|1.2.170|6.5|IGP||||||49.15 GFLOPS (1:16)|||730 MHz|1024 MHz|||786.4 GFLOPS (1:1)|||||||
Radeon 535 Mobile|/gpu-specs/radeon-535-mobile.c3209|Polaris 24|"Polaris 24 XT
										
(216-0915006)"|GCN 3.0|TSMC|28 nm|1,550 million|12.4M / mm²|125 mm²||Apr 18th, 2017|"Polaris Mobile
(M500)"|Gem System|Navi Mobile|End-of-life|PCIe 3.0 x8|||"1125 MHz
										
					4.5 Gbps effective"|2 GB|GDDR5|64 bit|36.00 GB/s|384.0|24.0|8.0|6.0|16 KB (per CU)|128 KB|7.872 GPixel/s|23.62 GTexel/s|755.7 GFLOPS|50 W|Portable Device Dependent|12 (12_0)|4.6|2.1|1.2.170|6.5|IGP||||||47.23 GFLOPS (1:16)|||730 MHz|984 MHz|||755.7 GFLOPS (1:1)|||||||
Radeon 540|/gpu-specs/radeon-540.c4213|Lexa|"Lexa PRO
										
(215-0904018)"|GCN 4.0|GlobalFoundries|14 nm|2,200 million|21.4M / mm²|103 mm²|FCBGA-769|Apr 20th, 2017|"Polaris
(RX 500)"|Arctic Islands|Vega|End-of-life|PCIe 3.0 x8||1183 MHz|"1500 MHz
										
					6 Gbps effective"|1024 MB|GDDR5|32 bit|24.00 GB/s|384.0|24.0|16.0|6.0|16 KB (per CU)|512 KB|18.93 GPixel/s|28.39 GTexel/s|908.5 GFLOPS|50 W|2x DisplayPort 1.4a|12 (12_0)|4.6|2.1|1.3|6.7|Single-slot|||250 W|||56.78 GFLOPS (1:16)|||||||908.5 GFLOPS (1:1)|||Oct , 2020||||
Radeon 550|/gpu-specs/radeon-550.c3407|Lexa|"Lexa PRO
										
(215-0904018)"|GCN 4.0|GlobalFoundries|14 nm|2,200 million|21.4M / mm²|103 mm²|FCBGA-769|Apr 20th, 2017|"Polaris
(RX 500)"|Arctic Islands|Vega|End-of-life|PCIe 3.0 x8|5 in our database||"1750 MHz
										
					7 Gbps effective"|2 GB|GDDR5|64 bit|56.00 GB/s|512.0|32.0|16.0|8.0|16 KB (per CU)|256 KB|18.93 GPixel/s|37.86 GTexel/s|1,211.4 GFLOPS|50 W|1x DVI1x HDMI 2.0b1x DisplayPort 1.4a|12 (12_0)|4.6|2.1|1.3|6.7|Dual-slot|"145 mm
					5.7 inches"||250 W||D090-01|75.71 GFLOPS (1:16)|79 USD||1100 MHz|1183 MHz|||1,211.4 GFLOPS (1:1)|||||||
Radeon E9171 MCM|/gpu-specs/radeon-e9171-mcm.c3028|Lexa|Lexa MCM Pro|GCN 4.0|GlobalFoundries|14 nm|2,200 million|21.4M / mm²|103 mm²|FCBGA-769|Oct 3rd, 2017|"Embedded
(9000)"|||End-of-life|PCIe 3.0 x8|||"1500 MHz
										
					6 Gbps effective"|4 GB|GDDR5|128 bit|96.00 GB/s|512.0|32.0|16.0|8.0|16 KB (per CU)|512 KB|19.50 GPixel/s|39.01 GTexel/s|1,248.3 GFLOPS|40 W|Portable Device Dependent|12 (12_0)|4.6|2.1|1.3|6.7|IGP||||||78.02 GFLOPS (1:16)|||1124 MHz|1219 MHz|||1,248.3 GFLOPS (1:1)|||||||
Radeon E9172 MXM|/gpu-specs/radeon-e9172-mxm.c3029|Lexa|"E9170
										
(216-0905136)"|GCN 4.0|GlobalFoundries|14 nm|2,200 million|21.4M / mm²|103 mm²|FCBGA-769|Oct 3rd, 2017|"Embedded
(9000)"|||End-of-life|MXM-A (3.0)|||"1500 MHz
										
					6 Gbps effective"|2 GB|GDDR5|64 bit|48.00 GB/s|512.0|32.0|16.0|8.0|16 KB (per CU)|256 KB|19.50 GPixel/s|39.01 GTexel/s|1,248.3 GFLOPS|35 W|Portable Device Dependent|12 (12_0)|4.6|2.1|1.3|6.7|MXM Module||||||78.02 GFLOPS (1:16)|||1124 MHz|1219 MHz|||1,248.3 GFLOPS (1:1)|||||||
Radeon E9173 PCIe|/gpu-specs/radeon-e9173-pcie.c3031|Lexa|"E9170
										
(216-0905136)"|GCN 4.0|GlobalFoundries|14 nm|2,200 million|21.4M / mm²|103 mm²|FCBGA-769|Oct 3rd, 2017|"Embedded
(9000)"|||End-of-life|PCIe 3.0 x8|||"1500 MHz
										
					6 Gbps effective"|2 GB|GDDR5|64 bit|48.00 GB/s|512.0|32.0|16.0|8.0|16 KB (per CU)|256 KB|19.50 GPixel/s|39.01 GTexel/s|1,248.3 GFLOPS|35 W|1x DisplayPort 1.4a2x mini-DisplayPort 1.4a|12 (12_0)|4.6|2.1|1.3|6.7|Single-slot|||||109-D09187-00_02|78.02 GFLOPS (1:16)|||1124 MHz|1219 MHz|||1,248.3 GFLOPS (1:1)||||102-D09126|||
Radeon E9174 MXM|/gpu-specs/radeon-e9174-mxm.c3030|Lexa|"E9170
										
(216-0905136)"|GCN 4.0|GlobalFoundries|14 nm|2,200 million|21.4M / mm²|103 mm²|FCBGA-769|Oct 3rd, 2017|"Embedded
(9000)"|||End-of-life|MXM-A (3.0)|||"1500 MHz
										
					6 Gbps effective"|4 GB|GDDR5|128 bit|96.00 GB/s|512.0|32.0|16.0|8.0|16 KB (per CU)|512 KB|19.50 GPixel/s|39.01 GTexel/s|1,248.3 GFLOPS|50 W|Portable Device Dependent|12 (12_0)|4.6|2.1|1.3|6.7|MXM Module||||||78.02 GFLOPS (1:16)|||1124 MHz|1219 MHz|||1,248.3 GFLOPS (1:1)|||||||
Radeon E9175 PCIe|/gpu-specs/radeon-e9175-pcie.c3032|Lexa|"E9170
										
(216-0905136)"|GCN 4.0|GlobalFoundries|14 nm|2,200 million|21.4M / mm²|103 mm²|FCBGA-769|Oct 3rd, 2017|"Embedded
(9000)"|||End-of-life|PCIe 3.0 x8|||"1500 MHz
										
					6 Gbps effective"|4 GB|GDDR5|128 bit|96.00 GB/s|512.0|32.0|16.0|8.0|16 KB (per CU)|512 KB|19.50 GPixel/s|39.01 GTexel/s|1,248.3 GFLOPS|50 W|5x mini-DisplayPort 1.4a|12 (12_0)|4.6|2.1|1.3|6.7|Single-slot||||||78.02 GFLOPS (1:16)|||1124 MHz|1219 MHz|||1,248.3 GFLOPS (1:1)|||||||
Radeon Instinct MI25|/gpu-specs/radeon-instinct-mi25.c2983|Vega 10|"Vega 10 XT GL
										
(215-0894124)"|GCN 5.0|GlobalFoundries|14 nm|12,500 million|25.3M / mm²|495 mm²|BGA-2013|Jun 27th, 2017|"Radeon Instinct
(MIx)"|FirePro Data Center||Active|PCIe 3.0 x16|||"852 MHz
										
					1704 Mbps effective"|16 GB|HBM2|2048 bit|436.2 GB/s|4096.0|256.0|64.0|64.0|16 KB (per CU)|4 MB|96.00 GPixel/s|384.0 GTexel/s|12.29 TFLOPS|300 W|No outputs|12 (12_1)|4.6|2.1|1.3|6.7|Dual-slot|"267 mm
					10.5 inches"|"111 mm
					4.4 inches"|700 W|2x 8-pin|D051|768.0 GFLOPS (1:16)|||1400 MHz|1500 MHz|||24.58 TFLOPS (2:1)|||||||
Radeon Pro 555|/gpu-specs/radeon-pro-555.c2972|Polaris 21|Polaris 21 PRO|GCN 4.0|GlobalFoundries|14 nm|3,000 million|24.4M / mm²|123 mm²|BGA-769|Jun 5th, 2017|"Radeon Pro Mac
(500 Series)"|||Active|PCIe 3.0 x8||850 MHz|"1275 MHz
										
					5.1 Gbps effective"|2 GB|GDDR5|128 bit|81.60 GB/s|768.0|48.0|16.0|12.0|16 KB (per CU)|1024 KB|13.60 GPixel/s|40.80 GTexel/s|1,305.6 GFLOPS|75 W|Portable Device Dependent|12 (12_0)|4.6|2.1|1.3|6.7|IGP||||||81.60 GFLOPS (1:16)|||||||1,305.6 GFLOPS (1:1)|||||||
Radeon Pro 560|/gpu-specs/radeon-pro-560.c2971|Polaris 21|"Polaris 21 XT
										
(215-0908004)"|GCN 4.0|GlobalFoundries|14 nm|3,000 million|24.4M / mm²|123 mm²|BGA-769|Apr 18th, 2017|"Radeon Pro Mac
(500 Series)"|||Active|PCIe 3.0 x8||907 MHz|"1270 MHz
										
					5.1 Gbps effective"|4 GB|GDDR5|128 bit|81.28 GB/s|1024.0|64.0|16.0|16.0|16 KB (per CU)|1024 KB|14.51 GPixel/s|58.05 GTexel/s|1.858 TFLOPS|75 W|Portable Device Dependent|12 (12_0)|4.6|2.1|1.3|6.7|IGP||||||116.1 GFLOPS (1:16)|||||||1.858 TFLOPS (1:1)|||||||
Radeon Pro 570|/gpu-specs/radeon-pro-570.c2970|Ellesmere|Ellesmere PROA|GCN 4.0|GlobalFoundries|14 nm|5,700 million|24.6M / mm²|232 mm²|BGA-1401|Jun 5th, 2017|"Radeon Pro Mac
(500 Series)"|||Active|PCIe 3.0 x16|||"1695 MHz
										
					6.8 Gbps effective"|4 GB|GDDR5|256 bit|217.0 GB/s|1792.0|112.0|32.0|28.0|16 KB (per CU)|2 MB|35.36 GPixel/s|123.8 GTexel/s|3.960 TFLOPS|150 W|Portable Device Dependent|12 (12_0)|4.6|2.1|1.3|6.7|IGP||||||247.5 GFLOPS (1:16)|||1000 MHz|1105 MHz|||3.960 TFLOPS (1:1)|||||||
Radeon Pro 575|/gpu-specs/radeon-pro-575.c2969|Ellesmere|Ellesmere XLA|GCN 4.0|GlobalFoundries|14 nm|5,700 million|24.6M / mm²|232 mm²|BGA-1401|Jun 5th, 2017|"Radeon Pro Mac
(500 Series)"|||Active|PCIe 3.0 x16||1096 MHz|"1695 MHz
										
					6.8 Gbps effective"|4 GB|GDDR5|256 bit|217.0 GB/s|2048.0|128.0|32.0|32.0|16 KB (per CU)|2 MB|35.07 GPixel/s|140.3 GTexel/s|4.489 TFLOPS|150 W|Portable Device Dependent|12 (12_0)|4.6|2.1|1.3|6.7|MXM Module|||||109-C29557-00|280.6 GFLOPS (1:16)|||||||4.489 TFLOPS (1:1)|||||||
Radeon Pro 580|/gpu-specs/radeon-pro-580.c2968|Ellesmere|"Ellesmere XTA
										
(216-0876220)"|GCN 4.0|GlobalFoundries|14 nm|5,700 million|24.6M / mm²|232 mm²|BGA-1401|Jun 5th, 2017|"Radeon Pro Mac
(500 Series)"|||Active|PCIe 3.0 x16|||"1695 MHz
										
					6.8 Gbps effective"|8 GB|GDDR5|256 bit|217.0 GB/s|2304.0|144.0|32.0|36.0|16 KB (per CU)|2 MB|38.40 GPixel/s|172.8 GTexel/s|5.530 TFLOPS|185 W|Portable Device Dependent|12 (12_0)|4.6|2.1|1.3|6.7|IGP||||||345.6 GFLOPS (1:16)|||1100 MHz|1200 MHz|||5.530 TFLOPS (1:1)|||||||
Radeon Pro Duo Polaris|/gpu-specs/radeon-pro-duo-polaris.c2953|Ellesmere|Ellesmere Gemini GL|GCN 4.0|GlobalFoundries|14 nm|5,700 million|24.6M / mm²|232 mm²|BGA-1401|Apr 24th, 2017|Radeon Pro GCN|FirePro GCN|Radeon Pro Polaris|Active|PCIe 3.0 x16|4 in our database|1243 MHz|"1750 MHz
										
					7 Gbps effective"|16 GB|GDDR5|256 bit|224.0 GB/s|2304.0|144.0|32.0|36.0|16 KB (per CU)|2 MB|39.78 GPixel/s|179.0 GTexel/s|5.728 TFLOPS|250 W|1x HDMI 2.0b3x DisplayPort 1.4a|12 (12_0)|4.6|2.1|1.3|6.7|Dual-slot|"305 mm
					12 inches"|"111 mm
					4.4 inches"|600 W|1x 6-pin + 1x 8-pin|109-D08637-00B_02|358.0 GFLOPS (1:16)|999 USD||||||5.728 TFLOPS (1:1)|||||||
Radeon Pro SSG|/gpu-specs/radeon-pro-ssg.c2998|Vega 10|"Vega 10 XT GL
										
(215-0894124)"|GCN 5.0|GlobalFoundries|14 nm|12,500 million|25.3M / mm²|495 mm²|BGA-2013|Aug 8th, 2017|"Radeon Pro Vega
(Vega Series)"|Radeon Pro Polaris|Radeon Pro Navi|Active|PCIe 3.0 x16|||"945 MHz
										
					1890 Mbps effective"|16 GB|HBM2|2048 bit|483.8 GB/s|4096.0|256.0|64.0|64.0|16 KB (per CU)|4 MB|96.00 GPixel/s|384.0 GTexel/s|12.29 TFLOPS|260 W|6x mini-DisplayPort 1.4a|12 (12_1)|4.6|2.1|1.3|6.7|Dual-slot|"267 mm
					10.5 inches"|"111 mm
					4.4 inches"|600 W|1x 6-pin + 1x 8-pin||768.0 GFLOPS (1:16)|6,999 USD||1440 MHz|1500 MHz|||24.58 TFLOPS (2:1)|||||||
Radeon Pro V320|/gpu-specs/radeon-pro-v320.c3270|Vega 10|"Vega 10 XL GL SERVER
										
(215-0894144)"|GCN 5.0|GlobalFoundries|14 nm|12,500 million|25.3M / mm²|495 mm²|BGA-2013|Jun 29th, 2017|"Radeon Pro Vega
(Vega Series)"|Radeon Pro Polaris|Radeon Pro Navi|Active|PCIe 3.0 x16|||"945 MHz
										
					1890 Mbps effective"|8 GB|HBM2|2048 bit|483.8 GB/s|3584.0|224.0|64.0|56.0|16 KB (per CU)|4 MB|96.00 GPixel/s|336.0 GTexel/s|10.75 TFLOPS|230 W|4x mini-DisplayPort 1.4a|12 (12_1)|4.6|2.1|1.3|6.7|Dual-slot|"267 mm
					10.5 inches"|"111 mm
					4.4 inches"|550 W|2x 8-pin|109-D05187-00_03|672.0 GFLOPS (1:16)|||852 MHz|1500 MHz|||21.50 TFLOPS (2:1)|||||||
Radeon Pro Vega 56|/gpu-specs/radeon-pro-vega-56.c3099|Vega 10|"Vega 10 XL
										
(215-0894216)"|GCN 5.0|GlobalFoundries|14 nm|12,500 million|25.3M / mm²|495 mm²|BGA-2013|Aug 14th, 2017|"Radeon Pro Mac
(Vega Series)"|||Active|PCIe 3.0 x16|||"786 MHz
										
					1572 Mbps effective"|8 GB|HBM2|2048 bit|402.4 GB/s|3584.0|224.0|64.0|56.0|16 KB (per CU)|4 MB|80.00 GPixel/s|280.0 GTexel/s|8.960 TFLOPS|210 W|1x HDMI 2.0b3x DisplayPort 1.4a|12 (12_1)|4.6|2.1|1.3|6.7|IGP||||||560.0 GFLOPS (1:16)|||1138 MHz|1250 MHz|||17.92 TFLOPS (2:1)|||||||
Radeon Pro Vega 64|/gpu-specs/radeon-pro-vega-64.c3098|Vega 10|"Vega 10 XT
										
(215-0894200)"|GCN 5.0|GlobalFoundries|14 nm|12,500 million|25.3M / mm²|495 mm²|BGA-2013|Jun 27th, 2017|"Radeon Pro Mac
(Vega Series)"|||Active|PCIe 3.0 x16|||"786 MHz
										
					1572 Mbps effective"|16 GB|HBM2|2048 bit|402.4 GB/s|4096.0|256.0|64.0|64.0|16 KB (per CU)|4 MB|86.40 GPixel/s|345.6 GTexel/s|11.06 TFLOPS|250 W|Portable Device Dependent|12 (12_1)|4.6|2.1|1.3|6.7|IGP||||||691.2 GFLOPS (1:16)|||1250 MHz|1350 MHz|||22.12 TFLOPS (2:1)|||||||
Radeon Pro WX 2100|/gpu-specs/radeon-pro-wx-2100.c2979|Lexa|Lexa PRO GL|GCN 4.0|GlobalFoundries|14 nm|2,200 million|21.4M / mm²|103 mm²|FCBGA-769|Jun 4th, 2017|"Radeon Pro Polaris
(WX x100)"|Radeon Pro GCN|Radeon Pro Vega|End-of-life|PCIe 3.0 x8|||"1500 MHz
										
					6 Gbps effective"|2 GB|GDDR5|64 bit|48.00 GB/s|512.0|32.0|16.0|8.0|16 KB (per CU)|256 KB|19.50 GPixel/s|39.01 GTexel/s|1,248.3 GFLOPS|35 W|1x DisplayPort 1.4a2x mini-DisplayPort 1.4a|12 (12_0)|4.6|2.1|1.3|6.7|Single-slot|"168 mm
					6.6 inches"|"69 mm
					2.7 inches"|200 W||109-D09187-00_02, 109-D09187-00B_02|78.02 GFLOPS (1:16)|149 USD||925 MHz|1219 MHz|||1,248.3 GFLOPS (1:1)|||||||
Radeon Pro WX 3100|/gpu-specs/radeon-pro-wx-3100.c2978|Lexa|Lexa XT|GCN 4.0|GlobalFoundries|14 nm|2,200 million|21.4M / mm²|103 mm²|FCBGA-769|Jun 12th, 2017|"Radeon Pro Polaris
(WX x100)"|Radeon Pro GCN|Radeon Pro Vega|End-of-life|PCIe 3.0 x8|||"1500 MHz
										
					6 Gbps effective"|4 GB|GDDR5|128 bit|96.00 GB/s|512.0|32.0|16.0|8.0|16 KB (per CU)|512 KB|19.50 GPixel/s|39.01 GTexel/s|1,248.3 GFLOPS|65 W|1x DisplayPort 1.4a2x mini-DisplayPort 1.4a|12 (12_0)|4.6|2.1|1.3|6.7|Single-slot|"168 mm
					6.6 inches"|"69 mm
					2.7 inches"|250 W||109-D09187-00B_02|78.02 GFLOPS (1:16)|199 USD||925 MHz|1219 MHz|||1,248.3 GFLOPS (1:1)|||||||
Radeon Pro WX 4130 Mobile|/gpu-specs/radeon-pro-wx-4130-mobile.c3093|Baffin|"BaffinM LE GL
										
(216-0896288)"|GCN 4.0|GlobalFoundries|14 nm|3,000 million|24.4M / mm²|123 mm²|BGA-769|Mar 1st, 2017|"Radeon Pro Mobile
(WX x100)"|FirePro Mobile||Active|PCIe 3.0 x8|||"1500 MHz
										
					6 Gbps effective"|2 GB|GDDR5|128 bit|96.00 GB/s|640.0|40.0|16.0|10.0|16 KB (per CU)|1024 KB|16.85 GPixel/s|42.12 GTexel/s|1,347.8 GFLOPS|50 W|Portable Device Dependent|12 (12_0)|4.6|2.1|1.3|6.7|MXM Module|||||109-C98581-00_02|84.24 GFLOPS (1:16)|||1002 MHz|1053 MHz|||1,347.8 GFLOPS (1:1)|||||||
Radeon Pro WX 4150 Mobile|/gpu-specs/radeon-pro-wx-4150-mobile.c3092|Baffin|"BaffinM PRO GL
										
(216-0896288)"|GCN 4.0|GlobalFoundries|14 nm|3,000 million|24.4M / mm²|123 mm²|BGA-769|Mar 1st, 2017|"Radeon Pro Mobile
(WX x100)"|FirePro Mobile||Active|PCIe 3.0 x8|||"1500 MHz
										
					6 Gbps effective"|4 GB|GDDR5|128 bit|96.00 GB/s|896.0|56.0|16.0|14.0|16 KB (per CU)|1024 KB|16.85 GPixel/s|58.97 GTexel/s|1.887 TFLOPS|50 W|Portable Device Dependent|12 (12_0)|4.6|2.1|1.3|6.7|MXM Module|||||109-C98581-00_02|117.9 GFLOPS (1:16)|||1002 MHz|1053 MHz|||1.887 TFLOPS (1:1)|||||||
Radeon Pro WX 4170 Mobile|/gpu-specs/radeon-pro-wx-4170-mobile.c3094|Baffin|"BaffinM XT GL
										
(215-0895074)"|GCN 4.0|GlobalFoundries|14 nm|3,000 million|24.4M / mm²|123 mm²|BGA-769|Mar 1st, 2017|"Radeon Pro Mobile
(WX x100)"|FirePro Mobile||Active|PCIe 3.0 x8|||"1500 MHz
										
					6 Gbps effective"|4 GB|GDDR5|128 bit|96.00 GB/s|1024.0|64.0|16.0|16.0|16 KB (per CU)|1024 KB|19.22 GPixel/s|76.86 GTexel/s|2.460 TFLOPS|50 W|Portable Device Dependent|12 (12_0)|4.6|2.1|1.3|6.7|MXM Module|||||109-C99581-00B_02|153.7 GFLOPS (1:16)|||1002 MHz|1201 MHz|||2.460 TFLOPS (1:1)|||||||
Radeon Pro WX 7100 Mobile|/gpu-specs/radeon-pro-wx-7100-mobile.c3091|Ellesmere|"Ellesmere XT GL
										
(215-0876358)"|GCN 4.0|GlobalFoundries|14 nm|5,700 million|24.6M / mm²|232 mm²|BGA-1401|Mar 1st, 2017|"Radeon Pro Mobile
(WX x100)"|FirePro Mobile||Active|PCIe 3.0 x16|||"1250 MHz
										
					5 Gbps effective"|8 GB|GDDR5|256 bit|160.0 GB/s|2304.0|144.0|32.0|36.0|16 KB (per CU)|2 MB|39.78 GPixel/s|179.0 GTexel/s|5.728 TFLOPS|130 W|Portable Device Dependent|12 (12_0)|4.6|2.1|1.3|6.7|MXM Module|"25 mm
					1 inches"|||||358.0 GFLOPS (1:16)|||1188 MHz|1243 MHz||||||||||
Radeon Pro WX 7130 Mobile|/gpu-specs/radeon-pro-wx-7130-mobile.c3457|Ellesmere|"Ellesmere XT GL
										
(215-0876358)"|GCN 4.0|GlobalFoundries|14 nm|5,700 million|24.6M / mm²|232 mm²|BGA-1401|Mar 1st, 2017|"Radeon Pro Mobile
(WX x100)"|FirePro Mobile||Active|PCIe 3.0 x16|||"1250 MHz
										
					5 Gbps effective"|8 GB|GDDR5|256 bit|160.0 GB/s|2304.0|144.0|32.0|36.0|16 KB (per CU)|2 MB|39.78 GPixel/s|179.0 GTexel/s|5.728 TFLOPS|130 W|Portable Device Dependent|12 (12_0)|4.6|2.1|1.3|6.7|MXM Module|"25 mm
					1 inches"|||||358.0 GFLOPS (1:16)|||1188 MHz|1243 MHz||||||||||
Radeon Pro WX 8100|/gpu-specs/radeon-pro-wx-8100.c3271|Vega 10|"Vega 10 XL
										
(215-0894216)"|GCN 5.0|GlobalFoundries|14 nm|12,500 million|25.3M / mm²|495 mm²|BGA-2013|Dec 3rd, 2017|"Radeon Pro Polaris
(WX x100)"|Radeon Pro GCN|Radeon Pro Vega|Active|PCIe 3.0 x16|||"1000 MHz
										
					2 Gbps effective"|8 GB|HBM2|2048 bit|512.0 GB/s|3584.0|224.0|64.0|56.0|16 KB (per CU)|4 MB|96.00 GPixel/s|336.0 GTexel/s|10.75 TFLOPS|230 W|6x mini-DisplayPort 1.4a|12 (12_1)|4.6|2.1|1.3|6.7|Dual-slot|"267 mm
					10.5 inches"|"111 mm
					4.4 inches"|550 W|1x 6-pin + 1x 8-pin|109-D05157-00C_04|672.0 GFLOPS (1:16)|||1200 MHz|1500 MHz|||21.50 TFLOPS (2:1)|||||||
Radeon Pro WX 9100|/gpu-specs/radeon-pro-wx-9100.c2989|Vega 10|"Vega 10 XT
										
(215-0894200)"|GCN 5.0|GlobalFoundries|14 nm|12,500 million|25.3M / mm²|495 mm²|BGA-2013|Jul 10th, 2017|"Radeon Pro Polaris
(WX x100)"|Radeon Pro GCN|Radeon Pro Vega|Active|PCIe 3.0 x16|||"945 MHz
										
					1890 Mbps effective"|16 GB|HBM2|2048 bit|483.8 GB/s|4096.0|256.0|64.0|64.0|16 KB (per CU)|4 MB|96.00 GPixel/s|384.0 GTexel/s|12.29 TFLOPS|230 W|6x mini-DisplayPort 1.4a|12 (12_1)|4.6|2.1|1.3|6.7|Dual-slot|"267 mm
					10.5 inches"|"111 mm
					4.4 inches"|550 W|1x 6-pin + 1x 8-pin|109-D05157-00C_04|768.0 GFLOPS (1:16)|1,599 USD||1200 MHz|1500 MHz|||24.58 TFLOPS (2:1)|||||||
Radeon R5 Graphics|/gpu-specs/radeon-r5-graphics.c3241|Wani||GCN 3.0|GlobalFoundries|28 nm|1,200 million|9.6M / mm²|125 mm²|µPGA / µBGA|Sep 5th, 2017|"GCN 3.0 IGP
(Bristol Ridge)"|GCN 2.0 IGP|Vega IGP|End-of-life|IGP|||System Shared|System Shared|System Shared|System Shared|System Dependent|384.0|24.0|8.0|6.0|||7.200 GPixel/s|21.60 GTexel/s|691.2 GFLOPS|15 W|Motherboard Dependent|12 (12_0)|4.6|2.1|1.2.170|6.5|IGP||||||345.6 GFLOPS (1:2)|||200 MHz|900 MHz|||691.2 GFLOPS (1:1)|||||||
Radeon R8 M535DX|/gpu-specs/radeon-r8-m535dx.c3210|Meso|"Meso PRO
										
(216-0864032)"|GCN 3.0|TSMC|28 nm|1,550 million|12.4M / mm²|125 mm²||Apr 18th, 2017|"Gem System Hybrid
(Rx M500)"|||End-of-life|IGP|||System Shared|System Shared|System Shared|System Shared|System Dependent|320.0|20.0|8.0|5.0|16 KB (per CU)|128 KB|7.128 GPixel/s|17.82 GTexel/s|570.2 GFLOPS|unknown|Portable Device Dependent|12 (12_0)|4.6|2.1|1.2.170|6.5|IGP||||||35.64 GFLOPS (1:16)|||780 MHz|891 MHz|||570.2 GFLOPS (1:1)|||||||
Radeon RX 460 1024SP|/gpu-specs/radeon-rx-460-1024sp.c2918|Baffin|Baffin XT|GCN 4.0|GlobalFoundries|14 nm|3,000 million|24.4M / mm²|123 mm²|BGA-769|Jan 17th, 2017|"Arctic Islands
(RX 400)"|Pirate Islands|Polaris|Active|PCIe 3.0 x8|38 in our database||"1750 MHz
										
					7 Gbps effective"|2 GB|GDDR5|128 bit|112.0 GB/s|1024.0|64.0|16.0|16.0|16 KB (per CU)|1024 KB|19.20 GPixel/s|76.80 GTexel/s|2.458 TFLOPS|75 W|1x DVI1x HDMI 2.0b1x DisplayPort 1.4a|12 (12_0)|4.6|2.1|1.3|6.7|Dual-slot|"170 mm
					6.7 inches"||250 W||C994|153.6 GFLOPS (1:16)|||1090 MHz|1200 MHz|||2.458 TFLOPS (1:1)|||||||
Radeon RX 540 Mobile|/gpu-specs/radeon-rx-540-mobile.c3048|Lexa|"Lexa PRO
										
(215-0904018)"|GCN 4.0|GlobalFoundries|14 nm|2,200 million|21.4M / mm²|103 mm²|FCBGA-769|Nov 11th, 2017|"Polaris Mobile
(RX M500)"|Gem System|Navi Mobile|End-of-life|PCIe 3.0 x8||1046 MHz|"1250 MHz
										
					5 Gbps effective"|2 GB|GDDR5|128 bit|80.00 GB/s|512.0|32.0|16.0|8.0|16 KB (per CU)|512 KB|16.74 GPixel/s|33.47 GTexel/s|1,071.1 GFLOPS|50 W|Portable Device Dependent|12 (12_0)|4.6|2.1|1.3|6.7|IGP||||||66.94 GFLOPS (1:16)|||||||1,071.1 GFLOPS (1:1)|||||||
Radeon RX 550|/gpu-specs/radeon-rx-550.c2947|Lexa|"Lexa PRO
										
(215-0904018)"|GCN 4.0|GlobalFoundries|14 nm|2,200 million|21.4M / mm²|103 mm²|FCBGA-769|Apr 20th, 2017|"Polaris
(RX 500)"|Arctic Islands|Vega|End-of-life|PCIe 3.0 x8|5 in our database||"1750 MHz
										
					7 Gbps effective"|2 GB|GDDR5|128 bit|112.0 GB/s|512.0|32.0|16.0|8.0|16 KB (per CU)|512 KB|18.93 GPixel/s|37.86 GTexel/s|1,211.4 GFLOPS|50 W|1x DVI1x HDMI 2.0b1x DisplayPort 1.4a|12 (12_0)|4.6|2.1|1.3|6.7|Dual-slot|"145 mm
					5.7 inches"||250 W||D090-01|75.71 GFLOPS (1:16)|79 USD||1100 MHz|1183 MHz|||1,211.4 GFLOPS (1:1)|||||||
Radeon RX 550 512SP|/gpu-specs/radeon-rx-550-512sp.c3740|Baffin|Baffin LE|GCN 4.0|GlobalFoundries|14 nm|3,000 million|24.4M / mm²|123 mm²|BGA-769|Oct 13th, 2017|"Polaris
(RX 500)"|Arctic Islands|Vega|Active|PCIe 3.0 x8|5 in our database||"1500 MHz
										
					6 Gbps effective"|2 GB|GDDR5|128 bit|96.00 GB/s|512.0|32.0|16.0|8.0|16 KB (per CU)|512 KB|17.14 GPixel/s|34.27 GTexel/s|1,096.7 GFLOPS|50 W|1x DVI1x HDMI 2.0b1x DisplayPort 1.4a|12 (12_0)|4.6|2.1|1.3|6.7|Dual-slot|"145 mm
					5.7 inches"||250 W||D090|68.54 GFLOPS (1:16)|79 USD||1019 MHz|1071 MHz|||1,096.7 GFLOPS (1:1)|||||||
Radeon RX 550 640SP|/gpu-specs/radeon-rx-550-640sp.c3083|Baffin|Baffin LE|GCN 4.0|GlobalFoundries|14 nm|3,000 million|24.4M / mm²|123 mm²|BGA-769|Oct 13th, 2017|"Polaris
(RX 500)"|Arctic Islands|Vega|Active|PCIe 3.0 x8|5 in our database||"1500 MHz
										
					6 Gbps effective"|2 GB|GDDR5|128 bit|96.00 GB/s|640.0|40.0|16.0|10.0|16 KB (per CU)|1024 KB|17.14 GPixel/s|42.84 GTexel/s|1,370.9 GFLOPS|60 W|1x DVI1x HDMI 2.0b1x DisplayPort 1.4a|12 (12_0)|4.6|2.1|1.3|6.7|Dual-slot|"145 mm
					5.7 inches"||250 W||D090|85.68 GFLOPS (1:16)|||1019 MHz|1071 MHz|||1,370.9 GFLOPS (1:1)|||||||
Radeon RX 550 Mobile|/gpu-specs/radeon-rx-550-mobile.c3049|Lexa|"Lexa PRO
										
(215-0904018)"|GCN 4.0|GlobalFoundries|14 nm|2,200 million|21.4M / mm²|103 mm²|FCBGA-769|Jul 2nd, 2017|"Polaris Mobile
(RX M500)"|Gem System|Navi Mobile|End-of-life|PCIe 3.0 x8|||"1500 MHz
										
					6 Gbps effective"|2 GB|GDDR5|128 bit|96.00 GB/s|640.0|40.0|16.0|10.0|16 KB (per CU)|512 KB|20.59 GPixel/s|51.48 GTexel/s|1.647 TFLOPS|50 W|Portable Device Dependent|12 (12_0)|4.6|2.1|1.3|6.7|IGP||||||103.0 GFLOPS (1:16)|||1100 MHz|1287 MHz|||1.647 TFLOPS (1:1)|||||||
Radeon RX 560|/gpu-specs/radeon-rx-560.c2940|Polaris 21|"Polaris 21 XT
										
(215-0908004)"|GCN 4.0|GlobalFoundries|14 nm|3,000 million|24.4M / mm²|123 mm²|BGA-769|Apr 18th, 2017|"Polaris
(RX 500)"|Arctic Islands|Vega|Active|PCIe 3.0 x8|7 in our database||"1750 MHz
										
					7 Gbps effective"|4 GB|GDDR5|128 bit|112.0 GB/s|1024.0|64.0|16.0|16.0|16 KB (per CU)|1024 KB|20.40 GPixel/s|81.60 GTexel/s|2.611 TFLOPS|75 W|1x DVI1x HDMI 2.0b1x DisplayPort 1.4a|12 (12_0)|4.6|2.1|1.3|6.7|Dual-slot|"170 mm
					6.7 inches"||250 W||C994|163.2 GFLOPS (1:16)|99 USD||1175 MHz|1275 MHz|||2.611 TFLOPS (1:1)|||||||
Radeon RX 560 896SP|/gpu-specs/radeon-rx-560-896sp.c3082|Polaris 21|Polaris 21 XL|GCN 4.0|GlobalFoundries|14 nm|3,000 million|24.4M / mm²|123 mm²|BGA-769|Jul 4th, 2017|"Polaris
(RX 500)"|Arctic Islands|Vega|Active|PCIe 3.0 x8|7 in our database||"1750 MHz
										
					7 Gbps effective"|4 GB|GDDR5|128 bit|112.0 GB/s|896.0|56.0|16.0|14.0|16 KB (per CU)|1024 KB|18.80 GPixel/s|65.80 GTexel/s|2.106 TFLOPS|45 W|1x DVI1x HDMI 2.0b1x DisplayPort 1.4a|12 (12_0)|4.6|2.1|1.3|6.7|Dual-slot|"170 mm
					6.7 inches"||200 W||C981-21 C994-71|131.6 GFLOPS (1:16)|||1090 MHz|1175 MHz|||2.106 TFLOPS (1:1)|||||||
Radeon RX 560 Mobile|/gpu-specs/radeon-rx-560-mobile.c3386|Baffin|BaffinM-XT|GCN 4.0|GlobalFoundries|14 nm|3,000 million|24.4M / mm²|123 mm²|BGA-769|Jan 5th, 2017|"Polaris Mobile
(RX M500)"|Gem System|Navi Mobile|Active|MXM-B (3.0)|||"1710 MHz
										
					6.8 Gbps effective"|4 GB|GDDR5|128 bit|109.4 GB/s|896.0|56.0|16.0|14.0|16 KB (per CU)|1024 KB|16.51 GPixel/s|57.79 GTexel/s|1.849 TFLOPS|55 W|Portable Device Dependent|12 (12_0)|4.6|2.1|1.3|6.7|MXM Module||||||115.6 GFLOPS (1:16)|||784 MHz|1032 MHz|||1.849 TFLOPS (1:1)|||||||
Radeon RX 560 Mobile|/gpu-specs/radeon-rx-560-mobile.c3071|Baffin|Baffin XT|GCN 4.0|GlobalFoundries|14 nm|3,000 million|24.4M / mm²|123 mm²|BGA-769|Jan 5th, 2017|"Polaris Mobile
(RX M500)"|Gem System|Navi Mobile|Active|MXM-B (3.0)|||"1500 MHz
										
					6 Gbps effective"|4 GB|GDDR5|128 bit|96.00 GB/s|896.0|56.0|16.0|14.0|16 KB (per CU)|1024 KB|16.85 GPixel/s|58.97 GTexel/s|1.887 TFLOPS|55 W|Portable Device Dependent|12 (12_0)|4.6|2.1|1.3|6.7|MXM Module||||||117.9 GFLOPS (1:16)|||1000 MHz|1053 MHz|||1.887 TFLOPS (1:1)|||||||
Radeon RX 560 Mobile|/gpu-specs/radeon-rx-560-mobile.c3069|Baffin|Baffin XT|GCN 4.0|GlobalFoundries|14 nm|3,000 million|24.4M / mm²|123 mm²|BGA-769|Jan 5th, 2017|"Polaris Mobile
(RX M500)"|Gem System|Navi Mobile|Active|MXM-B (3.0)|||"1500 MHz
										
					6 Gbps effective"|4 GB|GDDR5|128 bit|96.00 GB/s|1024.0|64.0|16.0|16.0|16 KB (per CU)|1024 KB|19.23 GPixel/s|76.93 GTexel/s|2.462 TFLOPS|65 W|Portable Device Dependent|12 (12_0)|4.6|2.1|1.3|6.7|MXM Module||||||153.9 GFLOPS (1:16)|||1090 MHz|1202 MHz|||2.462 TFLOPS (1:1)|||||||
Radeon RX 560D|/gpu-specs/radeon-rx-560d.c2990|Polaris 21|Polaris 21 XL|GCN 4.0|GlobalFoundries|14 nm|3,000 million|24.4M / mm²|123 mm²|BGA-769|Jul 4th, 2017|"Polaris
(RX 500)"|Arctic Islands|Vega|Active|PCIe 3.0 x8|7 in our database||"1500 MHz
										
					6 Gbps effective"|4 GB|GDDR5|128 bit|96.00 GB/s|896.0|56.0|16.0|14.0|16 KB (per CU)|1024 KB|18.80 GPixel/s|65.80 GTexel/s|2.106 TFLOPS|65 W|1x DVI1x HDMI 2.0b1x DisplayPort 1.4a|12 (12_0)|4.6|2.1|1.3|6.7|Dual-slot|"170 mm
					6.7 inches"||250 W||C994-57 C994-71|131.6 GFLOPS (1:16)|||1090 MHz|1175 MHz|||2.106 TFLOPS (1:1)|||||||
Radeon RX 570|/gpu-specs/radeon-rx-570.c2939|Polaris 20|"Polaris 20 XL
										
(215-0910052)"|GCN 4.0|GlobalFoundries|14 nm|5,700 million|24.6M / mm²|232 mm²|BGA-1401|Apr 18th, 2017|"Polaris
(RX 500)"|Arctic Islands|Vega|Active|PCIe 3.0 x16|29 in our database||"1750 MHz
										
					7 Gbps effective"|4 GB|GDDR5|256 bit|224.0 GB/s|2048.0|128.0|32.0|32.0|16 KB (per CU)|2 MB|39.81 GPixel/s|159.2 GTexel/s|5.095 TFLOPS|150 W|1x DVI1x HDMI 2.0b3x DisplayPort 1.4a|12 (12_0)|4.6|2.1|1.3|6.7|Dual-slot|"241 mm
					9.5 inches"||450 W|1x 6-pin|C940, D000|318.5 GFLOPS (1:16)|169 USD||1168 MHz|1244 MHz|||5.095 TFLOPS (1:1)|||||"Amazon
						/
						Newegg"||
Radeon RX 570 Mobile|/gpu-specs/radeon-rx-570-mobile.c3068|Ellesmere|Ellesmere PRO|GCN 4.0|GlobalFoundries|14 nm|5,700 million|24.6M / mm²|232 mm²|BGA-1401|Dec 10th, 2017|"Polaris Mobile
(RX M500)"|Gem System|Navi Mobile|Active|MXM-B (3.0)|||"1650 MHz
										
					6.6 Gbps effective"|8 GB|GDDR5|256 bit|211.2 GB/s|2048.0|128.0|32.0|32.0|16 KB (per CU)|2 MB|38.59 GPixel/s|154.4 GTexel/s|4.940 TFLOPS|85 W|Portable Device Dependent|12 (12_0)|4.6|2.1|1.3|6.7|MXM Module||||||308.7 GFLOPS (1:16)|||926 MHz|1206 MHz|||4.940 TFLOPS (1:1)|||||||
Radeon RX 580|/gpu-specs/radeon-rx-580.c2938|Polaris 20|"Polaris 20 XTX
										
(215-0910038)"|GCN 4.0|GlobalFoundries|14 nm|5,700 million|24.6M / mm²|232 mm²|BGA-1401|Apr 18th, 2017|"Polaris
(RX 500)"|Arctic Islands|Vega|Active|PCIe 3.0 x16|52 in our database||"2000 MHz
										
					8 Gbps effective"|8 GB|GDDR5|256 bit|256.0 GB/s|2304.0|144.0|32.0|36.0|16 KB (per CU)|2 MB|42.88 GPixel/s|193.0 GTexel/s|6.175 TFLOPS|185 W|1x HDMI 2.0b3x DisplayPort 1.4a|12 (12_0)|4.6|2.1|1.3|6.7|Dual-slot|"241 mm
					9.5 inches"||450 W|1x 8-pin|C940, D009-04|385.9 GFLOPS (1:16)|229 USD||1257 MHz|1340 MHz|||6.175 TFLOPS (1:1)|||||"Amazon
						/
						Newegg"||
Radeon RX 580 Mobile|/gpu-specs/radeon-rx-580-mobile.c3067|Polaris 20|Polaris 20M XT|GCN 4.0|GlobalFoundries|14 nm|5,700 million|24.6M / mm²|232 mm²|BGA-1401|Apr 18th, 2017|"Polaris Mobile
(RX M500)"|Gem System|Navi Mobile|Active|MXM-B (3.0)|||"2000 MHz
										
					8 Gbps effective"|8 GB|GDDR5|256 bit|256.0 GB/s|2304.0|144.0|32.0|36.0|16 KB (per CU)|2 MB|34.46 GPixel/s|155.1 GTexel/s|4.963 TFLOPS|100 W|Portable Device Dependent|12 (12_0)|4.6|2.1|1.3|6.7|MXM Module||||||310.2 GFLOPS (1:16)|||1000 MHz|1077 MHz|||4.963 TFLOPS (1:1)|||||||
Radeon RX Vega 10 Mobile|/gpu-specs/radeon-rx-vega-10-mobile.c3053|Raven-M||GCN 5.0|GlobalFoundries|14 nm|4,940 million|23.5M / mm²|210 mm²|FCBGA-1140|Oct 26th, 2017|"Vega IGP
(Raven Ridge-M)"|GCN 3.0 IGP|Navi II IGP|Active|IGP|||System Shared|System Shared|System Shared|System Shared|System Dependent|640.0|40.0|8.0|10.0|||10.41 GPixel/s|52.04 GTexel/s|1.665 TFLOPS|10 W|Portable Device Dependent|12 (12_1)|4.6|2.1|1.3|6.7|IGP||||||104.1 GFLOPS (1:16)|||300 MHz|1301 MHz|||3.331 TFLOPS (2:1)|||||||
Radeon RX Vega 56|/gpu-specs/radeon-rx-vega-56.c2993|Vega 10|"Vega 10 XL
										
(215-0894216)"|GCN 5.0|GlobalFoundries|14 nm|12,500 million|25.3M / mm²|495 mm²|BGA-2013|Aug 14th, 2017|"Vega
(RX Vega)"|Polaris|Navi|Active|PCIe 3.0 x16|23 in our database||"800 MHz
										
					1600 Mbps effective"|8 GB|HBM2|2048 bit|409.6 GB/s|3584.0|224.0|64.0|56.0|16 KB (per CU)|4 MB|94.14 GPixel/s|329.5 GTexel/s|10.54 TFLOPS|210 W|1x HDMI 2.0b3x DisplayPort 1.4a|12 (12_1)|4.6|2.1|1.3|6.7|Dual-slot|"280 mm
					11 inches"|"111 mm
					4.4 inches"|550 W|2x 8-pin|109-D05057-00_02|659.0 GFLOPS (1:16)|399 USD|"40 mm
					1.6 inches"|1156 MHz|1471 MHz|||21.09 TFLOPS (2:1)|||||"Amazon
						/
						Newegg"|960 MHz|
Radeon RX Vega 64|/gpu-specs/radeon-rx-vega-64.c2871|Vega 10|"Vega 10 XT
										
(215-0894200)"|GCN 5.0|GlobalFoundries|14 nm|12,500 million|25.3M / mm²|495 mm²|BGA-2013|Aug 7th, 2017|"Vega
(RX Vega)"|Polaris|Navi|Active|PCIe 3.0 x16|59 in our database||"945 MHz
										
					1890 Mbps effective"|8 GB|HBM2|2048 bit|483.8 GB/s|4096.0|256.0|64.0|64.0|16 KB (per CU)|4 MB|98.94 GPixel/s|395.8 GTexel/s|12.66 TFLOPS|295 W|1x HDMI 2.0b3x DisplayPort 1.4a|12 (12_1)|4.6|2.1|1.3|6.7|Dual-slot|"280 mm
					11 inches"|"111 mm
					4.4 inches"|600 W|2x 8-pin|109-D05057-00_02|791.6 GFLOPS (1:16)|499 USD|"40 mm
					1.6 inches"|1247 MHz|1546 MHz|||25.33 TFLOPS (2:1)|||||"Amazon
						/
						Newegg"|960 MHz|
Radeon RX Vega 64 Limited Edition|/gpu-specs/radeon-rx-vega-64-limited-edition.c2995|Vega 10|"Vega 10 XT
										
(215-0894200)"|GCN 5.0|GlobalFoundries|14 nm|12,500 million|25.3M / mm²|495 mm²|BGA-2013|Aug 7th, 2017|"Vega
(RX Vega)"|Polaris|Navi|Active|PCIe 3.0 x16|||"945 MHz
										
					1890 Mbps effective"|8 GB|HBM2|2048 bit|483.8 GB/s|4096.0|256.0|64.0|64.0|16 KB (per CU)|4 MB|98.94 GPixel/s|395.8 GTexel/s|12.66 TFLOPS|295 W|1x HDMI 2.0b3x DisplayPort 1.4a|12 (12_1)|4.6|2.1|1.3|6.7|Dual-slot|"272 mm
					10.7 inches"|"112 mm
					4.4 inches"|600 W|2x 8-pin|109-D05057-00_02|791.6 GFLOPS (1:16)|549 USD|"40 mm
					1.6 inches"|1247 MHz|1546 MHz|||25.33 TFLOPS (2:1)|||||||
Radeon RX Vega 64 Liquid Cooling|/gpu-specs/radeon-rx-vega-64-liquid-cooling.c2992|Vega 10|Vega 10 XTX|GCN 5.0|GlobalFoundries|14 nm|12,500 million|25.3M / mm²|495 mm²|BGA-2013|Aug 7th, 2017|"Vega
(RX Vega)"|Polaris|Navi|Active|PCIe 3.0 x16|||"945 MHz
										
					1890 Mbps effective"|8 GB|HBM2|2048 bit|483.8 GB/s|4096.0|256.0|64.0|64.0|16 KB (per CU)|4 MB|107.3 GPixel/s|429.3 GTexel/s|13.74 TFLOPS|345 W|1x HDMI 2.0b3x DisplayPort 1.4a|12 (12_1)|4.6|2.1|1.3|6.7|Dual-slot|"272 mm
					10.7 inches"|"112 mm
					4.4 inches"|700 W|2x 8-pin|109-D05057-00_02|858.6 GFLOPS (1:16)|699 USD|"40 mm
					1.6 inches"|1406 MHz|1677 MHz|||27.48 TFLOPS (2:1)|||||||
Radeon Vega 8 Mobile|/gpu-specs/radeon-vega-8-mobile.c3103|Raven-M||GCN 5.0|GlobalFoundries|14 nm|4,940 million|23.5M / mm²|210 mm²|FCBGA-1140|Oct 26th, 2017|"Vega IGP
(Raven Ridge-M)"|GCN 3.0 IGP|Navi II IGP|Active|IGP|||System Shared|System Shared|System Shared|System Shared|System Dependent|512.0|32.0|8.0|8.0|||8.808 GPixel/s|35.23 GTexel/s|1,127.4 GFLOPS|25 W|Portable Device Dependent|12 (12_1)|4.6|2.1|1.3|6.7|IGP||||||70.46 GFLOPS (1:16)|||300 MHz|1101 MHz|||2.255 TFLOPS (2:1)|||||||
Radeon Vega Frontier Edition|/gpu-specs/radeon-vega-frontier-edition.c2958|Vega 10|Vega 10 XTX AIR|GCN 5.0|GlobalFoundries|14 nm|12,500 million|25.3M / mm²|495 mm²|BGA-2013|Jun 27th, 2017|"Radeon Pro Vega
(Vega Series)"|Radeon Pro Polaris|Radeon Pro Navi|Active|PCIe 3.0 x16|1 in our database||"945 MHz
										
					1890 Mbps effective"|16 GB|HBM2|2048 bit|483.8 GB/s|4096.0|256.0|64.0|64.0|16 KB (per CU)|4 MB|102.4 GPixel/s|409.6 GTexel/s|13.11 TFLOPS|300 W|1x HDMI 2.0b3x DisplayPort 1.4a|12 (12_1)|4.6|2.1|1.3|6.7|Dual-slot|"267 mm
					10.5 inches"|"111 mm
					4.4 inches"|700 W|2x 8-pin|109-D05057-00_02|819.2 GFLOPS (1:16)|999 USD||1382 MHz|1600 MHz|||26.21 TFLOPS (2:1)|||||||
Radeon Vega Frontier Edition Watercooled|/gpu-specs/radeon-vega-frontier-edition-watercooled.c2982|Vega 10|Vega 10 XTX LCS|GCN 5.0|GlobalFoundries|14 nm|12,500 million|25.3M / mm²|495 mm²|BGA-2013|Jul 13th, 2017|"Radeon Pro Vega
(Vega Series)"|Radeon Pro Polaris|Radeon Pro Navi|Active|PCIe 3.0 x16|||"945 MHz
										
					1890 Mbps effective"|16 GB|HBM2|2048 bit|483.8 GB/s|4096.0|256.0|64.0|64.0|16 KB (per CU)|4 MB|102.4 GPixel/s|409.6 GTexel/s|13.11 TFLOPS|375 W|1x HDMI 2.0b3x DisplayPort 1.4a|12 (12_1)|4.6|2.1|1.3|6.7|Dual-slot|"267 mm
					10.5 inches"|"111 mm
					4.4 inches"|750 W|2x 8-pin|D050-12|819.2 GFLOPS (1:16)|1,489 USD||1382 MHz|1600 MHz|||26.21 TFLOPS (2:1)|||||||
Xbox One X GPU|/gpu-specs/xbox-one-x-gpu.c2977|Scorpio||GCN 2.0|TSMC|16 nm|7,000 million|19.5M / mm²|359 mm²|BGA-2409|Nov 7th, 2017|"Console GPU
(Microsoft)"|||End-of-life|||1172 MHz|"1700 MHz
										
					6.8 Gbps effective"|12 GB|GDDR5|384 bit|326.4 GB/s|2560.0|160.0|32.0|40.0|||37.50 GPixel/s|187.5 GTexel/s|6.001 TFLOPS|150 W|1x HDMI 2.0b|12 (12_0)||1.2|1.1|6.0||"300 mm
					11.8 inches"|"240 mm
					9.4 inches"|||||499 USD|"60 mm
					2.4 inches"||||3.8 kg (8.4 lbs)|6.001 TFLOPS (1:1)|1 TB HDD|1x HDMI 1.4b|||||
Radeon 540X Mobile|/gpu-specs/radeon-540x-mobile.c3417|Lexa|"Lexa PRO
										
(215-0904018)"|GCN 4.0|GlobalFoundries|14 nm|2,200 million|21.4M / mm²|103 mm²|FCBGA-769|Sep 5th, 2018|"Polaris Mobile
(M500X)"|Gem System|Navi Mobile|End-of-life|PCIe 3.0 x8|||"1500 MHz
										
					6 Gbps effective"|2 GB|GDDR5|64 bit|48.00 GB/s|512.0|32.0|16.0|8.0|16 KB (per CU)|512 KB|16.74 GPixel/s|33.47 GTexel/s|1,071.1 GFLOPS|50 W|Portable Device Dependent|12 (12_0)|4.6|2.1|1.3|6.7|Dual-slot||||||66.94 GFLOPS (1:16)|||980 MHz|1046 MHz|||1,071.1 GFLOPS (1:1)|||||||
Radeon 550X 640SP|/gpu-specs/radeon-550x-640sp.c3206|Lexa|"Lexa PRO
										
(215-0904018)"|GCN 4.0|GlobalFoundries|14 nm|2,200 million|21.4M / mm²|103 mm²|FCBGA-769|Apr 11th, 2018|"Polaris
(RX 500X)"|Polaris|Vega|End-of-life|PCIe 3.0 x8|||"1500 MHz
										
					6 Gbps effective"|4 GB|GDDR5|64 bit|48.00 GB/s|640.0|40.0|16.0|10.0|16 KB (per CU)|256 KB|17.14 GPixel/s|42.84 GTexel/s|1,370.9 GFLOPS|50 W|1x DVI1x HDMI 2.0b1x DisplayPort 1.4a|12 (12_0)|4.6|2.1|1.3|6.7|IGP|||250 W|||85.68 GFLOPS (1:16)|||1019 MHz|1071 MHz|||1,370.9 GFLOPS (1:1)|||||||
Radeon 550X Mobile|/gpu-specs/radeon-550x-mobile.c3207|Polaris 23|Polaris 23 MXT|GCN 4.0|GlobalFoundries|14 nm|2,200 million|21.4M / mm²|103 mm²|BGA-769|Apr 11th, 2018|"Polaris Mobile
(M500X)"|Gem System|Navi Mobile|Active|PCIe 3.0 x8||1082 MHz|"1000 MHz
										
					4 Gbps effective"|2 GB|GDDR5|64 bit|32.00 GB/s|640.0|40.0|16.0|10.0|16 KB (per CU)|256 KB|17.31 GPixel/s|43.28 GTexel/s|1,385.0 GFLOPS|50 W|Portable Device Dependent|12 (12_0)|4.6|2.1|1.3|6.7|IGP||||||86.56 GFLOPS (1:16)|||||||1,385.0 GFLOPS (1:1)|||||||
Radeon Instinct MI50|/gpu-specs/radeon-instinct-mi50.c3335|Vega 20|Vega 20 GLXT|GCN 5.1|TSMC|7 nm|13,230 million|40.0M / mm²|331 mm²|BGA-1933|Nov 18th, 2018|"Radeon Instinct
(MIx)"|FirePro Data Center||Active|PCIe 4.0 x16|||"1000 MHz
										
					2 Gbps effective"|16 GB|HBM2|4096 bit|1.02 TB/s|3840.0|240.0|64.0|60.0|16 KB (per CU)|4 MB|111.7 GPixel/s|419.0 GTexel/s|13.41 TFLOPS|300 W|1x mini-DisplayPort 1.4a|12 (12_1)|4.6|2.1|1.3|6.7|Dual-slot|"267 mm
					10.5 inches"||700 W|2x 8-pin||6.705 TFLOPS (1:2)|||1200 MHz|1746 MHz|||26.82 TFLOPS (2:1)|||||||
Radeon Instinct MI60|/gpu-specs/radeon-instinct-mi60.c3233|Vega 20|Vega 20 GL|GCN 5.1|TSMC|7 nm|13,230 million|40.0M / mm²|331 mm²|BGA-1933|Nov 18th, 2018|"Radeon Instinct
(MIx)"|FirePro Data Center||Active|PCIe 4.0 x16|||"1000 MHz
										
					2 Gbps effective"|32 GB|HBM2|4096 bit|1.02 TB/s|4096.0|256.0|64.0|64.0|16 KB (per CU)|4 MB|115.2 GPixel/s|460.8 GTexel/s|14.75 TFLOPS|300 W|1x mini-DisplayPort 1.4a|12 (12_1)|4.6|2.1|1.3|6.7|Dual-slot|"267 mm
					10.5 inches"|"111 mm
					4.4 inches"|700 W|1x 6-pin + 1x 8-pin||7.373 TFLOPS (1:2)|||1200 MHz|1800 MHz|||29.49 TFLOPS (2:1)|||||||
Radeon Pro 555X|/gpu-specs/radeon-pro-555x.c3283|Polaris 21|Polaris 21 PRO|GCN 4.0|GlobalFoundries|14 nm|3,000 million|24.4M / mm²|123 mm²|BGA-769|Jul 16th, 2018|"Radeon Pro Mac
(500X Series)"|||Active|PCIe 3.0 x8||907 MHz|"1470 MHz
										
					5.9 Gbps effective"|4 GB|GDDR5|128 bit|94.08 GB/s|768.0|48.0|16.0|12.0|16 KB (per CU)|1024 KB|14.51 GPixel/s|43.54 GTexel/s|1,393.2 GFLOPS|75 W|Portable Device Dependent|12 (12_0)|4.6|2.1|1.3|6.7|IGP||||||87.07 GFLOPS (1:16)|||||||1,393.2 GFLOPS (1:1)|||||||
Radeon Pro 560X|/gpu-specs/radeon-pro-560x.c3282|Polaris 21|"Polaris 21 XT
										
(215-0908004)"|GCN 4.0|GlobalFoundries|14 nm|3,000 million|24.4M / mm²|123 mm²|BGA-769|Jul 16th, 2018|"Radeon Pro Mac
(500X Series)"|||Active|PCIe 3.0 x8||1004 MHz|"1470 MHz
										
					5.9 Gbps effective"|4 GB|GDDR5|128 bit|94.08 GB/s|1024.0|64.0|16.0|16.0|16 KB (per CU)|1024 KB|16.06 GPixel/s|64.26 GTexel/s|2.056 TFLOPS|75 W|Portable Device Dependent|12 (12_0)|4.6|2.1|1.3|6.7|IGP||||||128.5 GFLOPS (1:16)|||||||2.056 TFLOPS (1:1)|||||||
Radeon Pro V340 16 GB|/gpu-specs/radeon-pro-v340-16-gb.c3267|Vega 10|"Vega 10 XL GL
										
(215-0894304)"|GCN 5.0|GlobalFoundries|14 nm|12,500 million|25.3M / mm²|495 mm²|BGA-2013|Aug 26th, 2018|"Radeon Pro Vega
(Vega Series)"|Radeon Pro Polaris|Radeon Pro Navi|Active|PCIe 3.0 x16|||"945 MHz
										
					1890 Mbps effective"|16 GB|HBM2|2048 bit|483.8 GB/s|3584.0|224.0|64.0|56.0|16 KB (per CU)|4 MB|96.00 GPixel/s|336.0 GTexel/s|10.75 TFLOPS|230 W|1x mini-DisplayPort 1.4a|12 (12_1)|4.6|2.1|1.3|6.7|Dual-slot|"267 mm
					10.5 inches"|"111 mm
					4.4 inches"|550 W|2x 8-pin|109-D05387-00_03|672.0 GFLOPS (1:16)|||852 MHz|1500 MHz|||21.50 TFLOPS (2:1)|||||||
Radeon Pro V340 8 GB|/gpu-specs/radeon-pro-v340-8-gb.c3977|Vega 10|"Vega 10 XL GL
										
(215-0894304)"|GCN 5.0|GlobalFoundries|14 nm|12,500 million|25.3M / mm²|495 mm²|BGA-2013|Aug 26th, 2018|"Radeon Pro Vega
(Vega Series)"|Radeon Pro Polaris|Radeon Pro Navi|Active|PCIe 3.0 x16|||"945 MHz
										
					1890 Mbps effective"|8 GB|HBM2|2048 bit|483.8 GB/s|3584.0|224.0|64.0|56.0|16 KB (per CU)|4 MB|96.00 GPixel/s|336.0 GTexel/s|10.75 TFLOPS|230 W|1x mini-DisplayPort 1.4a|12 (12_1)|4.6|2.1|1.3|6.7|Dual-slot|"267 mm
					10.5 inches"|"111 mm
					4.4 inches"|550 W|2x 8-pin|109-D05387-00_03|672.0 GFLOPS (1:16)|||852 MHz|1500 MHz|||21.50 TFLOPS (2:1)|||||||
Radeon Pro V420|/gpu-specs/radeon-pro-v420.c3955|Vega 20|"Vega 20 GLXT WS
										
(215-0914026)"|GCN 5.1|TSMC|7 nm|13,230 million|40.0M / mm²|331 mm²|BGA-1933|Never Released|"Radeon Pro Vega
(Vega II Series)"|Radeon Pro Polaris|Radeon Pro Navi|Active|PCIe 4.0 x16|||"800 MHz
										
					1600 Mbps effective"|32 GB|HBM2|4096 bit|819.2 GB/s|4096.0|256.0|64.0|64.0|16 KB (per CU)|4 MB|108.8 GPixel/s|435.2 GTexel/s|13.93 TFLOPS|300 W|6x mini-DisplayPort 1.4a|12 (12_1)|4.6|2.1|1.3|6.7|Dual-slot|"267 mm
					10.5 inches"|"111 mm
					4.4 inches"|700 W|1x 6-pin + 1x 8-pin|D164|6.963 TFLOPS (1:2)|||800 MHz|1700 MHz|||27.85 TFLOPS (2:1)|||||||
Radeon Pro Vega 16|/gpu-specs/radeon-pro-vega-16.c3331|Vega 12|Vega 12 XLA|GCN 5.0|GlobalFoundries|14 nm|unknown||unknown||Nov 14th, 2018|"Radeon Pro Mac
(Vega Series)"|||Active|PCIe 3.0 x16|||"1200 MHz
										
					2.4 Gbps effective"|4 GB|HBM2|1024 bit|307.2 GB/s|1024.0|64.0|32.0|16.0|16 KB (per CU)|1024 KB|38.08 GPixel/s|76.16 GTexel/s|2.437 TFLOPS|75 W|Portable Device Dependent|12 (12_1)|4.6|2.1|1.3|6.0|IGP||||||152.3 GFLOPS (1:16)|||815 MHz|1190 MHz|||4.874 TFLOPS (2:1)|||||||
Radeon Pro Vega 20|/gpu-specs/radeon-pro-vega-20.c3263|Vega 12|Vega 12 XTA|GCN 5.0|GlobalFoundries|14 nm|unknown||unknown||Nov 14th, 2018|"Radeon Pro Mac
(Vega Series)"|||Active|PCIe 3.0 x16|||"740 MHz
										
					1480 Mbps effective"|4 GB|HBM2|1024 bit|189.4 GB/s|1280.0|80.0|32.0|20.0|16 KB (per CU)|1024 KB|41.06 GPixel/s|102.6 GTexel/s|3.284 TFLOPS|100 W|Portable Device Dependent|12 (12_1)|4.6|2.1|1.3|6.0|IGP||||||205.3 GFLOPS (1:16)|||815 MHz|1283 MHz|||6.569 TFLOPS (2:1)|||||||
Radeon Pro WX 8200|/gpu-specs/radeon-pro-wx-8200.c3303|Vega 10|"Vega 10 XT
										
(215-0894200)"|GCN 5.0|GlobalFoundries|14 nm|12,500 million|25.3M / mm²|495 mm²|BGA-2013|Aug 13th, 2018|"Radeon Pro Polaris
(WX x200)"|Radeon Pro GCN|Radeon Pro Vega|Active|PCIe 3.0 x16|||"1000 MHz
										
					2 Gbps effective"|8 GB|HBM2|2048 bit|512.0 GB/s|3584.0|224.0|64.0|56.0|16 KB (per CU)|4 MB|96.00 GPixel/s|336.0 GTexel/s|10.75 TFLOPS|230 W|4x mini-DisplayPort 1.4a|12 (12_1)|4.6|2.1|1.3|6.7|Dual-slot|"267 mm
					10.5 inches"|"111 mm
					4.4 inches"|550 W|1x 6-pin + 1x 8-pin|109-D05157-00C_04|672.0 GFLOPS (1:16)|999 USD||1200 MHz|1500 MHz|||21.50 TFLOPS (2:1)|||||||
Radeon Pro WX Vega M GL|/gpu-specs/radeon-pro-wx-vega-m-gl.c3352|Polaris 22|VegaM MGL XL|GCN 4.0|GlobalFoundries|14 nm|5,000 million|24.0M / mm²|208 mm²||Apr 24th, 2018|"Vega
(Vega M)"|||Active|IGP|||"700 MHz
										
					1400 Mbps effective"|4 GB|HBM2|1024 bit|179.2 GB/s|1280.0|80.0|32.0|20.0|16 KB (per CU)|1024 KB|32.35 GPixel/s|80.88 GTexel/s|2.588 TFLOPS|65 W|Portable Device Dependent|12 (12_0)|4.6|2.1|1.3|6.7|IGP|||||D136|161.8 GFLOPS (1:16)|||931 MHz|1011 MHz|||2.588 TFLOPS (1:1)|||||||
Radeon RX 540X Mobile|/gpu-specs/radeon-rx-540x-mobile.c3204|Polaris 23|"Polaris 23 MXL
										
(216-0923020)"|GCN 4.0|GlobalFoundries|14 nm|2,200 million|21.4M / mm²|103 mm²|BGA-769|Apr 11th, 2018|"Polaris Mobile
(RX M500X)"|Gem System|Navi Mobile|Active|PCIe 3.0 x8|||"1500 MHz
										
					6 Gbps effective"|2 GB|GDDR5|128 bit|96.00 GB/s|512.0|32.0|16.0|8.0|16 KB (per CU)|512 KB|19.38 GPixel/s|38.75 GTexel/s|1,240.1 GFLOPS|50 W|Portable Device Dependent|12 (12_0)|4.6|2.1|1.3|6.7|IGP||||||77.50 GFLOPS (1:16)|||1124 MHz|1211 MHz|||1,240.1 GFLOPS (1:1)|||||||
Radeon RX 550X|/gpu-specs/radeon-rx-550x.c3194|Lexa|"Lexa PRO
										
(215-0904018)"|GCN 4.0|GlobalFoundries|14 nm|2,200 million|21.4M / mm²|103 mm²|FCBGA-769|Dec 16th, 2018|"Polaris
(RX 500X)"|Polaris|Vega|End-of-life|PCIe 3.0 x8|||"1500 MHz
										
					6 Gbps effective"|4 GB|GDDR5|128 bit|96.00 GB/s|512.0|32.0|16.0|8.0|16 KB (per CU)|512 KB|18.93 GPixel/s|37.86 GTexel/s|1,211.4 GFLOPS|50 W|1x DVI1x HDMI 2.0b1x DisplayPort 1.4a|12 (12_0)|4.6|2.1|1.3|6.7|Dual-slot|"145 mm
					5.7 inches"||250 W||D090|75.71 GFLOPS (1:16)|||1100 MHz|1183 MHz|||1,211.4 GFLOPS (1:1)|||||||
Radeon RX 550X 640SP|/gpu-specs/radeon-rx-550x-640sp.c3203|Baffin|Baffin LE|GCN 4.0|GlobalFoundries|14 nm|3,000 million|24.4M / mm²|123 mm²|BGA-769|Apr 11th, 2018|"Polaris
(RX 500X)"|Polaris|Vega|Active|PCIe 3.0 x8|||"1500 MHz
										
					6 Gbps effective"|2 GB|GDDR5|128 bit|96.00 GB/s|640.0|40.0|16.0|10.0|16 KB (per CU)|1024 KB|17.14 GPixel/s|42.84 GTexel/s|1,370.9 GFLOPS|60 W|1x DVI1x HDMI 2.0b1x DisplayPort 1.4a|12 (12_0)|4.6|2.1|1.3|6.7|Dual-slot|"145 mm
					5.7 inches"||250 W||D090-21|85.68 GFLOPS (1:16)|||1019 MHz|1071 MHz|||1,370.9 GFLOPS (1:1)|||||||
Radeon RX 550X Mobile|/gpu-specs/radeon-rx-550x-mobile.c3205|Polaris 23|Polaris 23 MXT|GCN 4.0|GlobalFoundries|14 nm|2,200 million|21.4M / mm²|103 mm²|BGA-769|Apr 11th, 2018|"Polaris Mobile
(RX M500X)"|Gem System|Navi Mobile|Active|PCIe 3.0 x8|||"1500 MHz
										
					6 Gbps effective"|2 GB|GDDR5|64 bit|48.00 GB/s|640.0|40.0|16.0|10.0|16 KB (per CU)|512 KB|18.82 GPixel/s|47.04 GTexel/s|1.505 TFLOPS|50 W|Portable Device Dependent|12 (12_0)|4.6|2.1|1.3|6.7|IGP||||||94.08 GFLOPS (1:16)|||1100 MHz|1176 MHz|||1.505 TFLOPS (1:1)|||||||
Radeon RX 560DX|/gpu-specs/radeon-rx-560dx.c3198|Polaris 21|Polaris 21 XL|GCN 4.0|GlobalFoundries|14 nm|3,000 million|24.4M / mm²|123 mm²|BGA-769|Apr 11th, 2018|"Polaris
(RX 500X)"|Polaris|Vega|Active|PCIe 3.0 x8|||"1500 MHz
										
					6 Gbps effective"|4 GB|GDDR5|128 bit|96.00 GB/s|896.0|56.0|16.0|14.0|16 KB (per CU)|1024 KB|18.80 GPixel/s|65.80 GTexel/s|2.106 TFLOPS|65 W|1x DVI1x HDMI 2.0b1x DisplayPort 1.4a|12 (12_0)|4.6|2.1|1.3|6.7|Dual-slot|"170 mm
					6.7 inches"||250 W||C994|131.6 GFLOPS (1:16)|||1090 MHz|1175 MHz|||2.106 TFLOPS (1:1)|||||||
Radeon RX 560X|/gpu-specs/radeon-rx-560x.c3193|Polaris 21|"Polaris 21 XT
										
(215-0908004)"|GCN 4.0|GlobalFoundries|14 nm|3,000 million|24.4M / mm²|123 mm²|BGA-769|Apr 11th, 2018|"Polaris
(RX 500X)"|Polaris|Vega|Active|PCIe 3.0 x8|||"1750 MHz
										
					7 Gbps effective"|4 GB|GDDR5|128 bit|112.0 GB/s|1024.0|64.0|16.0|16.0|16 KB (per CU)|1024 KB|20.40 GPixel/s|81.60 GTexel/s|2.611 TFLOPS|75 W|1x DVI1x HDMI 2.0b1x DisplayPort 1.4a|12 (12_0)|4.6|2.1|1.3|6.7|Dual-slot|"170 mm
					6.7 inches"||250 W||C981|163.2 GFLOPS (1:16)|||1175 MHz|1275 MHz|||2.611 TFLOPS (1:1)|||||||
Radeon RX 560X Mobile|/gpu-specs/radeon-rx-560x-mobile.c3632|Polaris 21|Polaris 21M XT|GCN 4.0|GlobalFoundries|14 nm|3,000 million|24.4M / mm²|123 mm²|BGA-769|Apr 11th, 2018|"Polaris Mobile
(RX M500X)"|Gem System|Navi Mobile|Active|MXM-B (3.0)||1275 MHz|"1750 MHz
										
					7 Gbps effective"|4 GB|GDDR5|128 bit|112.0 GB/s|1024.0|64.0|16.0|16.0|16 KB (per CU)|1024 KB|20.40 GPixel/s|81.60 GTexel/s|2.611 TFLOPS|65 W|Portable Device Dependent|12 (12_0)|4.6|2.1|1.3|6.7|MXM Module||||||163.2 GFLOPS (1:16)|||||||2.611 TFLOPS (1:1)|||||||
Radeon RX 560X Mobile|/gpu-specs/radeon-rx-560x-mobile.c3631|Polaris 21|Polaris 21M XT|GCN 4.0|GlobalFoundries|14 nm|3,000 million|24.4M / mm²|123 mm²|BGA-769|Apr 11th, 2018|"Polaris Mobile
(RX M500X)"|Gem System|Navi Mobile|Active|MXM-B (3.0)||1275 MHz|"1450 MHz
										
					5.8 Gbps effective"|4 GB|GDDR5|128 bit|92.80 GB/s|1024.0|64.0|16.0|16.0|16 KB (per CU)|1024 KB|20.40 GPixel/s|81.60 GTexel/s|2.611 TFLOPS|65 W|Portable Device Dependent|12 (12_0)|4.6|2.1|1.3|6.7|MXM Module||||||163.2 GFLOPS (1:16)|||||||2.611 TFLOPS (1:1)|||||||
Radeon RX 560X Mobile|/gpu-specs/radeon-rx-560x-mobile.c3197|Polaris 21|Polaris 21M XT|GCN 4.0|GlobalFoundries|14 nm|3,000 million|24.4M / mm²|123 mm²|BGA-769|Apr 11th, 2018|"Polaris Mobile
(RX M500X)"|Gem System|Navi Mobile|Active|MXM-B (3.0)|||"1500 MHz
										
					6 Gbps effective"|2 GB|GDDR5|128 bit|96.00 GB/s|1024.0|64.0|16.0|16.0|16 KB (per CU)|1024 KB|19.23 GPixel/s|76.93 GTexel/s|2.462 TFLOPS|65 W|Portable Device Dependent|12 (12_0)|4.6|2.1|1.3|6.7|MXM Module||||||153.9 GFLOPS (1:16)|||1175 MHz|1202 MHz|||2.462 TFLOPS (1:1)|||||||
Radeon RX 570X|/gpu-specs/radeon-rx-570x.c3192|Polaris 20|"Polaris 20 XL
										
(215-0910052)"|GCN 4.0|GlobalFoundries|14 nm|5,700 million|24.6M / mm²|232 mm²|BGA-1401|Apr 11th, 2018|"Polaris
(RX 500X)"|Polaris|Vega|Active|PCIe 3.0 x16|||"1750 MHz
										
					7 Gbps effective"|8 GB|GDDR5|256 bit|224.0 GB/s|2048.0|128.0|32.0|32.0|16 KB (per CU)|2 MB|39.81 GPixel/s|159.2 GTexel/s|5.095 TFLOPS|150 W|1x DVI1x HDMI 2.0b3x DisplayPort 1.4a|12 (12_0)|4.6|2.1|1.3|6.7|Dual-slot|"241 mm
					9.5 inches"||450 W|1x 6-pin|D000|318.5 GFLOPS (1:16)|||1168 MHz|1244 MHz|||5.095 TFLOPS (1:1)|||||||
Radeon RX 580 2048SP|/gpu-specs/radeon-rx-580-2048sp.c3321|Polaris 20|"Polaris 20 XL
										
(215-0910052)"|GCN 4.0|GlobalFoundries|14 nm|5,700 million|24.6M / mm²|232 mm²|BGA-1401|Oct 15th, 2018|"Polaris
(RX 500)"|Arctic Islands|Vega|Active|PCIe 3.0 x16|52 in our database||"1750 MHz
										
					7 Gbps effective"|4 GB|GDDR5|256 bit|224.0 GB/s|2048.0|128.0|32.0|32.0|16 KB (per CU)|2 MB|41.09 GPixel/s|164.4 GTexel/s|5.259 TFLOPS|150 W|1x DVI1x HDMI 2.0b3x DisplayPort 1.4a|12 (12_0)|4.6|2.1|1.3|6.7|Dual-slot|"241 mm
					9.5 inches"||450 W|1x 8-pin|C940, D000|328.7 GFLOPS (1:16)|||1168 MHz|1284 MHz|||5.259 TFLOPS (1:1)|||||||
Radeon RX 580G|/gpu-specs/radeon-rx-580g.c3323|Polaris 20|"Polaris 20 XTX
										
(215-0910038)"|GCN 4.0|GlobalFoundries|14 nm|5,700 million|24.6M / mm²|232 mm²|BGA-1401|Oct 15th, 2018|"Polaris
(RX 500)"|Arctic Islands|Vega|Active|PCIe 3.0 x16|52 in our database||"2000 MHz
										
					8 Gbps effective"|8 GB|GDDR5|256 bit|256.0 GB/s|2304.0|144.0|32.0|36.0|16 KB (per CU)|2 MB|42.56 GPixel/s|191.5 GTexel/s|6.129 TFLOPS|185 W|1x HDMI 2.0b3x DisplayPort 1.4a|12 (12_0)|4.6|2.1|1.3|6.7|Dual-slot|"241 mm
					9.5 inches"||450 W|1x 8-pin|C940, D009-04|383.0 GFLOPS (1:16)|||1257 MHz|1330 MHz|||6.129 TFLOPS (1:1)|||||||
Radeon RX 580X|/gpu-specs/radeon-rx-580x.c3190|Polaris 20|"Polaris 20 XTX
										
(215-0910038)"|GCN 4.0|GlobalFoundries|14 nm|5,700 million|24.6M / mm²|232 mm²|BGA-1401|Apr 11th, 2018|"Polaris
(RX 500X)"|Polaris|Vega|Active|PCIe 3.0 x16|||"2000 MHz
										
					8 Gbps effective"|8 GB|GDDR5|256 bit|256.0 GB/s|2304.0|144.0|32.0|36.0|16 KB (per CU)|2 MB|42.88 GPixel/s|193.0 GTexel/s|6.175 TFLOPS|185 W|1x HDMI 2.0b3x DisplayPort 1.4a|12 (12_0)|4.6|2.1|1.3|6.7|Dual-slot|"241 mm
					9.5 inches"||450 W|1x 8-pin|C940|385.9 GFLOPS (1:16)|||1257 MHz|1340 MHz|||6.175 TFLOPS (1:1)|||||||
Radeon RX 580X Mobile|/gpu-specs/radeon-rx-580x-mobile.c3235|Polaris 20|Polaris 20M XT|GCN 4.0|GlobalFoundries|14 nm|5,700 million|24.6M / mm²|232 mm²|BGA-1401|Apr 11th, 2018|"Polaris Mobile
(RX M500X)"|Gem System|Navi Mobile|Active|MXM-B (3.0)||1266 MHz|"2000 MHz
										
					8 Gbps effective"|8 GB|GDDR5|256 bit|256.0 GB/s|2304.0|144.0|32.0|36.0|16 KB (per CU)|2 MB|40.51 GPixel/s|182.3 GTexel/s|5.834 TFLOPS|100 W|Portable Device Dependent|12 (12_0)|4.6|2.1|1.3|6.7|MXM Module||||||364.6 GFLOPS (1:16)|||||||5.834 TFLOPS (1:1)|||||||
Radeon RX 590|/gpu-specs/radeon-rx-590.c3322|Polaris 30|"Polaris 30 XT
										
(215-0922006)"|GCN 4.0|GlobalFoundries|12 nm|5,700 million|24.6M / mm²|232 mm²|BGA-1401|Nov 15th, 2018|"Polaris
(RX 500)"|Arctic Islands|Vega|Active|PCIe 3.0 x16|36 in our database||"2000 MHz
										
					8 Gbps effective"|8 GB|GDDR5|256 bit|256.0 GB/s|2304.0|144.0|32.0|36.0|16 KB (per CU)|2 MB|49.44 GPixel/s|222.5 GTexel/s|7.119 TFLOPS|175 W|1x HDMI 2.0b3x DisplayPort 1.4a|12 (12_0)|4.6|2.1|1.3|6.7|Dual-slot|"241 mm
					9.5 inches"||450 W|1x 8-pin|C944-41|445.0 GFLOPS (1:16)|279 USD||1469 MHz|1545 MHz|||7.119 TFLOPS (1:1)|||||"Amazon
						/
						Newegg"||
Radeon RX Vega 11|/gpu-specs/radeon-rx-vega-11.c3300|Raven||GCN 5.0|GlobalFoundries|14 nm|4,940 million|23.5M / mm²|210 mm²|µOPGA-1331|May 10th, 2018|"Vega IGP
(Raven Ridge)"|GCN 3.0 IGP|Vega II IGP|Active|IGP|||System Shared|System Shared|System Shared|System Shared|System Dependent|704.0|44.0|8.0|11.0|||10.01 GPixel/s|55.04 GTexel/s|1.761 TFLOPS|25 W|Motherboard Dependent|12 (12_1)|4.6|2.1|1.3|6.7|IGP||||||110.1 GFLOPS (1:16)|||300 MHz|1251 MHz|||3.523 TFLOPS (2:1)|||||||
Radeon RX Vega 11|/gpu-specs/radeon-rx-vega-11.c3054|Raven||GCN 5.0|GlobalFoundries|14 nm|4,940 million|23.5M / mm²|210 mm²|µOPGA-1331|Feb 12th, 2018|"Vega IGP
(Raven Ridge)"|GCN 3.0 IGP|Vega II IGP|Active|IGP|||System Shared|System Shared|System Shared|System Shared|System Dependent|704.0|44.0|8.0|11.0|||9.920 GPixel/s|54.56 GTexel/s|1.746 TFLOPS|25 W|Motherboard Dependent|12 (12_1)|4.6|2.1|1.3|6.7|IGP||||||109.1 GFLOPS (1:16)|||300 MHz|1240 MHz|||3.492 TFLOPS (2:1)|||||||
Radeon RX Vega 11 Embedded|/gpu-specs/radeon-rx-vega-11-embedded.c3222|Raven||GCN 5.0|GlobalFoundries|14 nm|4,940 million|23.5M / mm²|210 mm²|µOPGA-1331|Apr 19th, 2018|"Vega IGP
(Raven Ridge)"|GCN 3.0 IGP|Vega II IGP|Active|IGP|||System Shared|System Shared|System Shared|System Shared|System Dependent|704.0|44.0|8.0|11.0|||10.01 GPixel/s|55.04 GTexel/s|1.761 TFLOPS|25 W|Motherboard Dependent|12 (12_1)|4.6|2.1|1.3|6.7|IGP||||||110.1 GFLOPS (1:16)|||300 MHz|1251 MHz|||3.523 TFLOPS (2:1)|||||||
Radeon RX Vega 56 Mobile|/gpu-specs/radeon-rx-vega-56-mobile.c3333|Vega 10|Vega 10 XLM|GCN 5.0|GlobalFoundries|14 nm|12,500 million|25.3M / mm²|495 mm²|BGA-2013|Jun 1st, 2018|"Polaris Mobile
(Vega)"|Gem System|Navi Mobile|Active|PCIe 3.0 x16|23 in our database||"800 MHz
										
					1600 Mbps effective"|8 GB|HBM2|2048 bit|409.6 GB/s|3584.0|224.0|64.0|56.0|16 KB (per CU)|4 MB|83.26 GPixel/s|291.4 GTexel/s|9.326 TFLOPS|120 W|1x HDMI 2.0b3x DisplayPort 1.4a|12 (12_1)|4.6|2.1|1.3|6.7|MXM Module|"105 mm
					4.1 inches"|||||582.8 GFLOPS (1:16)|||1138 MHz|1301 MHz|||18.65 TFLOPS (2:1)|||||||
Radeon RX Vega M GH|/gpu-specs/radeon-rx-vega-m-gh.c3056|Polaris 22|"VegaM XT
										
(C7398773)"|GCN 4.0|GlobalFoundries|14 nm|5,000 million|24.0M / mm²|208 mm²||Feb 1st, 2018|"Vega
(Vega M)"|||Active|IGP|||"800 MHz
										
					1600 Mbps effective"|4 GB|HBM2|1024 bit|204.8 GB/s|1536.0|96.0|64.0|24.0|16 KB (per CU)|1024 KB|76.16 GPixel/s|114.2 GTexel/s|3.656 TFLOPS|100 W|Portable Device Dependent|12 (12_0)|4.6|2.1|1.3|6.7|IGP||||||228.5 GFLOPS (1:16)|||1063 MHz|1190 MHz|||3.656 TFLOPS (1:1)|||||||
Radeon RX Vega M GL|/gpu-specs/radeon-rx-vega-m-gl.c3061|Polaris 22|"VegaM XL
										
(D715A714)"|GCN 4.0|GlobalFoundries|14 nm|5,000 million|24.0M / mm²|208 mm²||Feb 1st, 2018|"Vega
(Vega M)"|||Active|IGP|||"700 MHz
										
					1400 Mbps effective"|4 GB|HBM2|1024 bit|179.2 GB/s|1280.0|80.0|32.0|20.0|16 KB (per CU)|1024 KB|32.35 GPixel/s|80.88 GTexel/s|2.588 TFLOPS|65 W|Portable Device Dependent|12 (12_0)|4.6|2.1|1.3|6.7|IGP|||||D136|161.8 GFLOPS (1:16)|||931 MHz|1011 MHz|||2.588 TFLOPS (1:1)|||||||
Radeon RX Vega Nano|/gpu-specs/radeon-rx-vega-nano.c2997|Vega 10|"Vega 10 XT
										
(215-0894200)"|GCN 5.0|GlobalFoundries|14 nm|12,500 million|25.3M / mm²|495 mm²|BGA-2013|Never Released|"Vega
(RX Vega)"|Polaris|Navi|unknown|PCIe 3.0 x16|||"800 MHz
										
					1600 Mbps effective"|8 GB|HBM2|2048 bit|409.6 GB/s|4096.0|256.0|64.0|64.0|16 KB (per CU)|4 MB|98.94 GPixel/s|395.8 GTexel/s|12.66 TFLOPS|175 W|1x HDMI 2.0b3x DisplayPort 1.4a|12 (12_1)|4.6|2.1|1.3|6.7|Dual-slot|"152 mm
					6 inches"|"111 mm
					4.4 inches"|450 W|1x 8-pin||791.6 GFLOPS (1:16)|||1247 MHz|1546 MHz||||||||||
Radeon Vega 11 Embedded|/gpu-specs/radeon-vega-11-embedded.c3213|Raven||GCN 5.0|GlobalFoundries|14 nm|4,940 million|23.5M / mm²|210 mm²|µOPGA-1331|Feb 13th, 2018|"Vega IGP
(Great Horned Owl)"|GCN 3.0 IGP|Vega II IGP|Active|IGP|||System Shared|System Shared|System Shared|System Shared|System Dependent|704.0|44.0|8.0|11.0|||10.41 GPixel/s|57.24 GTexel/s|1.832 TFLOPS|25 W|Motherboard Dependent|12 (12_1)|4.6|2.1|1.3|6.7|IGP||||||114.5 GFLOPS (1:16)|||300 MHz|1301 MHz|||3.664 TFLOPS (2:1)|||||||
Radeon Vega 3 Embedded|/gpu-specs/radeon-vega-3-embedded.c3656|Raven|Embedded|GCN 5.0|GlobalFoundries|14 nm|4,940 million|23.5M / mm²|210 mm²|µOPGA-1331|Jul 16th, 2018|"Vega IGP
(Raven Ridge)"|GCN 3.0 IGP|Vega II IGP|Active|IGP|||System Shared|System Shared|System Shared|System Shared|System Dependent|192.0|12.0|4.0|3.0|||4.004 GPixel/s|12.01 GTexel/s|384.4 GFLOPS|15 W|Motherboard Dependent|12 (12_1)|4.6|2.1|1.3|6.7|IGP||||||24.02 GFLOPS (1:16)|||300 MHz|1001 MHz|||768.8 GFLOPS (2:1)|||||||
Radeon Vega 3 Embedded|/gpu-specs/radeon-vega-3-embedded.c3290|Raven||GCN 5.0|GlobalFoundries|14 nm|4,940 million|23.5M / mm²|210 mm²|µOPGA-1331|Sep 6th, 2018|"Vega IGP
(Raven Ridge)"|GCN 3.0 IGP|Vega II IGP|Active|IGP|||System Shared|System Shared|System Shared|System Shared|System Dependent|192.0|12.0|4.0|3.0|||4.004 GPixel/s|12.01 GTexel/s|384.4 GFLOPS|15 W|Motherboard Dependent|12 (12_1)|4.6|2.1|1.3|6.7|IGP||||||24.02 GFLOPS (1:16)|||300 MHz|1001 MHz|||768.8 GFLOPS (2:1)|||||||
Radeon Vega 3 Embedded|/gpu-specs/radeon-vega-3-embedded.c3214|Raven||GCN 5.0|GlobalFoundries|14 nm|4,940 million|23.5M / mm²|210 mm²|µOPGA-1331|Feb 13th, 2018|"Vega IGP
(Great Horned Owl)"|GCN 3.0 IGP|Vega II IGP|Active|IGP|||System Shared|System Shared|System Shared|System Shared|System Dependent|192.0|12.0|4.0|3.0|||4.004 GPixel/s|12.01 GTexel/s|384.4 GFLOPS|15 W|Motherboard Dependent|12 (12_1)|4.6|2.1|1.3|6.7|IGP||||||24.02 GFLOPS (1:16)|||300 MHz|1001 MHz|||768.8 GFLOPS (2:1)|||||||
Radeon Vega 3 Mobile|/gpu-specs/radeon-vega-3-mobile.c3078|Raven-M||GCN 5.0|GlobalFoundries|14 nm|4,940 million|23.5M / mm²|210 mm²|FCBGA-1140|Jan 8th, 2018|"Vega IGP
(Raven Ridge-M)"|GCN 3.0 IGP|Navi II IGP|Active|IGP|||System Shared|System Shared|System Shared|System Shared|System Dependent|192.0|12.0|4.0|3.0|||4.404 GPixel/s|13.21 GTexel/s|422.8 GFLOPS|15 W|Portable Device Dependent|12 (12_1)|4.6|2.1|1.3|6.7|IGP||||||26.42 GFLOPS (1:16)|||300 MHz|1101 MHz|||845.6 GFLOPS (2:1)|||||||
Radeon Vega 6 Embedded|/gpu-specs/radeon-vega-6-embedded.c3291|Raven||GCN 5.0|GlobalFoundries|14 nm|4,940 million|23.5M / mm²|210 mm²|µOPGA-1331|May 10th, 2018|"Vega IGP
(Raven Ridge)"|GCN 3.0 IGP|Vega II IGP|Active|IGP|||System Shared|System Shared|System Shared|System Shared|System Dependent|384.0|24.0|8.0|6.0|||10.24 GPixel/s|30.72 GTexel/s|983.0 GFLOPS|15 W|Motherboard Dependent|12 (12_1)|4.6|2.1|1.3|6.7|IGP||||||61.44 GFLOPS (1:16)|||300 MHz|1280 MHz|||1.966 TFLOPS (2:1)|||||||
Radeon Vega 6 Mobile|/gpu-specs/radeon-vega-6-mobile.c3079|Raven-M||GCN 5.0|GlobalFoundries|14 nm|4,940 million|23.5M / mm²|210 mm²|FCBGA-1140|Jan 8th, 2018|"Vega IGP
(Raven Ridge-M)"|GCN 3.0 IGP|Navi II IGP|Active|IGP|||System Shared|System Shared|System Shared|System Shared|System Dependent|384.0|24.0|8.0|6.0|||8.808 GPixel/s|26.42 GTexel/s|845.6 GFLOPS|15 W|Portable Device Dependent|12 (12_1)|4.6|2.1|1.3|6.7|IGP||||||52.85 GFLOPS (1:16)|||300 MHz|1101 MHz|||1.691 TFLOPS (2:1)|||||||
Radeon Vega 8|/gpu-specs/radeon-vega-8.c3042|Raven||GCN 5.0|GlobalFoundries|14 nm|4,940 million|23.5M / mm²|210 mm²|µOPGA-1331|Feb 12th, 2018|"Vega IGP
(Raven Ridge)"|GCN 3.0 IGP|Vega II IGP|Active|IGP|||System Shared|System Shared|System Shared|System Shared|System Dependent|512.0|32.0|8.0|8.0|||8.800 GPixel/s|35.20 GTexel/s|1,126.4 GFLOPS|25 W|Motherboard Dependent|12 (12_1)|4.6|2.1|1.3|6.7|IGP||||||70.40 GFLOPS (1:16)|||300 MHz|1100 MHz|||2.253 TFLOPS (2:1)|||||||
Radeon Vega 8 Embedded|/gpu-specs/radeon-vega-8-embedded.c3223|Raven||GCN 5.0|GlobalFoundries|14 nm|4,940 million|23.5M / mm²|210 mm²|µOPGA-1331|Apr 19th, 2018|"Vega IGP
(Raven Ridge)"|GCN 3.0 IGP|Vega II IGP|Active|IGP|||System Shared|System Shared|System Shared|System Shared|System Dependent|512|32|8|8|||8.808 GPixel/s|35.23 GTexel/s|1,127.4 GFLOPS|25 W|Motherboard Dependent|12 (12_1)|4.6|2.1|1.3|6.7|IGP||||None||70.46 GFLOPS (1:16)|||300 MHz|1101 MHz|||2.255 TFLOPS (2:1)|||||||
Radeon Vega 8 Embedded|/gpu-specs/radeon-vega-8-embedded.c3212|Raven||GCN 5.0|GlobalFoundries|14 nm|4,940 million|23.5M / mm²|210 mm²|µOPGA-1331|Feb 13th, 2018|"Vega IGP
(Great Horned Owl)"|GCN 3.0 IGP|Vega II IGP|Active|IGP|||System Shared|System Shared|System Shared|System Shared|System Dependent|512|32|8|8|||8.800 GPixel/s|35.20 GTexel/s|1,126.4 GFLOPS|15 W|Motherboard Dependent|12 (12_1)|4.6|2.1|1.3|6.7|IGP||||None||70.40 GFLOPS (1:16)|||300 MHz|1100 MHz|||2.253 TFLOPS (2:1)|||||||
Zhongshan Subor Z+ GPU|/gpu-specs/zhongshan-subor-z-gpu.c3301|Fenghuang|Zhongshan Subor|GCN 5.0|TSMC|14 nm|unknown||397 mm²||Aug 3rd, 2018|"Console GPU
(Zhongshan Subor)"|||End-of-life|||1300 MHz|"1200 MHz
										
					4.8 Gbps effective"|8 GB|GDDR5|256 bit|153.6 GB/s|1536|96|32|24|||41.60 GPixel/s|124.8 GTexel/s|3.994 TFLOPS|100 W|2x HDMI 2.0|12 (12_1)|4.6|2.1|1.2|6.0|||||||249.6 GFLOPS (1:16)|624 USD||||||7.987 TFLOPS (2:1)|128 GB M.2 SSD||||||
Radeon 540 Mobile|/gpu-specs/radeon-540-mobile.c3419|Lexa|"Lexa PRO
										
(215-0904018)"|GCN 4.0|GlobalFoundries|14 nm|2,200 million|21.4M / mm²|103 mm²|FCBGA-769|Mar 26th, 2019|"Polaris Mobile
(M500)"|Gem System|Navi Mobile|End-of-life|PCIe 3.0 x8||1046 MHz|"1300 MHz
										
					5.2 Gbps effective"|2 GB|GDDR5|64 bit|41.60 GB/s|512|32|16|8|16 KB (per CU)|256 KB|16.74 GPixel/s|33.47 GTexel/s|1,071.1 GFLOPS|50 W|Portable Device Dependent|12 (12_0)|4.6|2.1|1.3|6.7|Dual-slot||||None||66.94 GFLOPS (1:16)|||||||1,071.1 GFLOPS (1:1)|||||||
Radeon 540X Mobile|/gpu-specs/radeon-540x-mobile.c3415|Polaris 23|"Polaris 23 MXL
										
(216-0923020)"|GCN 4.0|GlobalFoundries|14 nm|2,200 million|21.4M / mm²|103 mm²|BGA-769|Feb 11th, 2019|"Polaris Mobile
(M500X)"|Gem System|Navi Mobile|End-of-life|PCIe 3.0 x8|||"1000 MHz
										
					4 Gbps effective"|2 GB|GDDR5|64 bit|32.00 GB/s|512|32|16|8|16 KB (per CU)|512 KB|17.52 GPixel/s|35.04 GTexel/s|1,121.3 GFLOPS|50 W|Portable Device Dependent|12 (12_0)|4.6|2.1|1.3|6.7|IGP||||None||70.08 GFLOPS (1:16)|||980 MHz|1095 MHz|||1,121.3 GFLOPS (1:1)|||||||
Radeon 550X|/gpu-specs/radeon-550x.c3420|Lexa|"Lexa PRO
										
(215-0904018)"|GCN 4.0|GlobalFoundries|14 nm|2,200 million|21.4M / mm²|103 mm²|FCBGA-769|Mar 27th, 2019|"Polaris
(RX 500X)"|Polaris|Vega|End-of-life|PCIe 3.0 x8|||"1750 MHz
										
					7 Gbps effective"|2 GB|GDDR5|128 bit|112.0 GB/s|512|32|16|8|16 KB (per CU)|512 KB|19.49 GPixel/s|38.98 GTexel/s|1,247.2 GFLOPS|50 W|1x DVI1x HDMI 2.0b1x DisplayPort 1.4a|12 (12_0)|4.6|2.1|1.3|6.7|Dual-slot|"145 mm
					5.7 inches"||250 W|None|D090|77.95 GFLOPS (1:16)|||1082 MHz|1218 MHz|||1,247.2 GFLOPS (1:1)|||||||
Radeon 610 Mobile|/gpu-specs/radeon-610-mobile.c3423|Banks|"Banks S3 PRO
										
(216-0890010)"|GCN 1.0|TSMC|28 nm|690 million|12.3M / mm²|56 mm²|FCBGA-631|May 23rd, 2019|"Polaris Mobile
(M600)"|Gem System|Navi Mobile|End-of-life|PCIe 3.0 x8||1030 MHz|"1000 MHz
										
					4 Gbps effective"|2 GB|GDDR5|64 bit|32.00 GB/s|320|20|8|5|16 KB (per CU)|128 KB|8.240 GPixel/s|20.60 GTexel/s|659.2 GFLOPS|50 W|Portable Device Dependent|12 (11_1)|4.6|2.1 (1.2)|1.2.170|6.5 (5.1)|IGP||||None||41.20 GFLOPS (1:16)||||||||||||||
Radeon 620 Mobile|/gpu-specs/radeon-620-mobile.c3421|Polaris 24|"Polaris 24 XL
										
(216-0915020)"|GCN 3.0|TSMC|28 nm|1,550 million|12.4M / mm²|125 mm²||May 13th, 2019|"Polaris Mobile
(M600)"|Gem System|Navi Mobile|End-of-life|PCIe 3.0 x8||920 MHz|"1000 MHz
										
					4 Gbps effective"|2 GB|GDDR5|64 bit|32.00 GB/s|384|24|8|6|16 KB (per CU)|128 KB|7.360 GPixel/s|22.08 GTexel/s|706.6 GFLOPS|50 W|Portable Device Dependent|12 (12_0)|4.6|2.1|1.2.170|6.5|IGP||||None||44.16 GFLOPS (1:16)|||||||706.6 GFLOPS (1:1)|||||||
Radeon 625 Mobile|/gpu-specs/radeon-625-mobile.c3422|Polaris 24|"Polaris 24 XT
										
(216-0915006)"|GCN 3.0|TSMC|28 nm|1,550 million|12.4M / mm²|125 mm²||May 13th, 2019|"Polaris Mobile
(M600)"|Gem System|Navi Mobile|End-of-life|PCIe 3.0 x8|||"1125 MHz
										
					4.5 Gbps effective"|2 GB|GDDR5|64 bit|36.00 GB/s|384|24|8|6|16 KB (per CU)|128 KB|8.192 GPixel/s|24.58 GTexel/s|786.4 GFLOPS|50 W|Portable Device Dependent|12 (12_0)|4.6|2.1|1.2.170|6.5|IGP||||None||49.15 GFLOPS (1:16)|||730 MHz|1024 MHz|||786.4 GFLOPS (1:1)|||||||
Radeon 625 OEM|/gpu-specs/radeon-625-oem.c4111|Polaris 24|"Polaris 24 XT
										
(216-0915006)"|GCN 3.0|TSMC|28 nm|1,550 million|12.4M / mm²|125 mm²||May 13th, 2019|"Polaris
(RX 600)"|Polaris|Vega|End-of-life|PCIe 3.0 x8||1024 MHz|"1125 MHz
										
					4.5 Gbps effective"|2 GB|GDDR5|64 bit|36.00 GB/s|384|24|8|6|16 KB (per CU)|128 KB|8.192 GPixel/s|24.58 GTexel/s|786.4 GFLOPS|35 W|No outputs|12 (12_0)|4.6|2.1|1.2.170|6.5|Single-slot|||200 W|None||49.15 GFLOPS (1:16)|||||||786.4 GFLOPS (1:1)|||||||
Radeon 630 Mobile|/gpu-specs/radeon-630-mobile.c3414|Polaris 23|"Polaris 23 MXL
										
(216-0923020)"|GCN 4.0|GlobalFoundries|14 nm|2,200 million|21.4M / mm²|103 mm²|BGA-769|May 13th, 2019|"Polaris Mobile
(M600)"|Gem System|Navi Mobile|Active|PCIe 3.0 x8|||"1500 MHz
										
					6 Gbps effective"|2 GB|GDDR5|128 bit|96.00 GB/s|512|32|16|8|16 KB (per CU)|512 KB|19.38 GPixel/s|38.75 GTexel/s|1,240.1 GFLOPS|50 W|Portable Device Dependent|12 (12_0)|4.6|2.1|1.3|6.7|IGP||||None|D090|77.50 GFLOPS (1:16)|||1082 MHz|1211 MHz|||1,240.1 GFLOPS (1:1)|||||||
Radeon E9390 PCIe|/gpu-specs/radeon-e9390-pcie.c3617|Ellesmere||GCN 4.0|GlobalFoundries|14 nm|5,700 million|24.6M / mm²|232 mm²|BGA-1401|Oct 15th, 2019|"Embedded
(9000)"|||Active|PCIe 3.0 x16|||"1250 MHz
										
					5 Gbps effective"|8 GB|GDDR5|256 bit|160.0 GB/s|1792|112|32|28|16 KB (per CU)|2 MB|34.85 GPixel/s|122.0 GTexel/s|3.903 TFLOPS|75 W|4x DisplayPort 1.4a|12 (12_0)|4.6|2.1|1.3|6.7|Single-slot|"173 mm
					6.8 inches"|||None|C954-87|243.9 GFLOPS (1:16)|||713 MHz|1089 MHz|||3.903 TFLOPS (1:1)|||||||
Radeon E9560 PCIe|/gpu-specs/radeon-e9560-pcie.c3616|Ellesmere||GCN 4.0|GlobalFoundries|14 nm|5,700 million|24.6M / mm²|232 mm²|BGA-1401|Oct 15th, 2019|"Embedded
(9000)"|||Active|PCIe 3.0 x16|||"1750 MHz
										
					7 Gbps effective"|8 GB|GDDR5|256 bit|224.0 GB/s|2304|144|32|36|16 KB (per CU)|2 MB|39.58 GPixel/s|178.1 GTexel/s|5.700 TFLOPS|130 W|4x DisplayPort 1.4a|12 (12_0)|4.6|2.1|1.3|6.7|Single-slot|"241 mm
					9.5 inches"|||1x 6-pin|C954-87|356.3 GFLOPS (1:16)|||1120 MHz|1237 MHz|||5.700 TFLOPS (1:1)|||||||
Radeon Pro 5300M|/gpu-specs/radeon-pro-5300m.c3464|Navi 14|"Navi 14 PROA
										
(215-0932268)"|RDNA 1.0|TSMC|7 nm|6,400 million|40.5M / mm²|158 mm²|BGA-1125|Nov 13th, 2019|"Radeon Pro Mac
(Navi Mobile)"|||Active|PCIe 4.0 x8|||"1500 MHz
										
					12 Gbps effective"|4 GB|GDDR6|128 bit|192.0 GB/s|1280|80|32|20||2 MB|40.00 GPixel/s|100.0 GTexel/s|3.200 TFLOPS|85 W|Portable Device Dependent|12 (12_1)|4.6|2.1|1.3|6.8|||||None||200.0 GFLOPS (1:16)|||1000 MHz|1250 MHz|||6.400 TFLOPS (2:1)|||||||
Radeon Pro 5500M|/gpu-specs/radeon-pro-5500m.c3463|Navi 14|"Navi 14 ULA
										
(215-0932236)"|RDNA 1.0|TSMC|7 nm|6,400 million|40.5M / mm²|158 mm²|BGA-1125|Nov 13th, 2019|"Radeon Pro Mac
(Navi Mobile)"|||Active|PCIe 4.0 x8|||"1500 MHz
										
					12 Gbps effective"|8 GB|GDDR6|128 bit|192.0 GB/s|1536|96|32|24||2 MB|46.40 GPixel/s|139.2 GTexel/s|4.454 TFLOPS|85 W|Portable Device Dependent|12 (12_1)|4.6|2.1|1.3|6.8|||||None||278.4 GFLOPS (1:16)|||1000 MHz|1450 MHz|||8.909 TFLOPS (2:1)|||||||
Radeon Pro 570X|/gpu-specs/radeon-pro-570x.c3396|Ellesmere|Ellesmere PROA|GCN 4.0|GlobalFoundries|14 nm|5,700 million|24.6M / mm²|232 mm²|BGA-1401|Mar 18th, 2019|"Radeon Pro Mac
(500X Series)"|||Active|PCIe 3.0 x16|||"1695 MHz
										
					6.8 Gbps effective"|4 GB|GDDR5|256 bit|217.0 GB/s|1792|112|32|28|16 KB (per CU)|2 MB|35.36 GPixel/s|123.8 GTexel/s|3.960 TFLOPS|150 W|Portable Device Dependent|12 (12_0)|4.6|2.1|1.3|6.7|IGP||||None||247.5 GFLOPS (1:16)|||1000 MHz|1105 MHz|||3.960 TFLOPS (1:1)|||||||
Radeon Pro 575X|/gpu-specs/radeon-pro-575x.c3397|Ellesmere|Ellesmere XLA|GCN 4.0|GlobalFoundries|14 nm|5,700 million|24.6M / mm²|232 mm²|BGA-1401|Mar 18th, 2019|"Radeon Pro Mac
(500X Series)"|||Active|PCIe 3.0 x16||1096 MHz|"1695 MHz
										
					6.8 Gbps effective"|4 GB|GDDR5|256 bit|217.0 GB/s|2048|128|32|32|16 KB (per CU)|2 MB|35.07 GPixel/s|140.3 GTexel/s|4.489 TFLOPS|150 W|Portable Device Dependent|12 (12_0)|4.6|2.1|1.3|6.7|IGP||||None||280.6 GFLOPS (1:16)|||||||4.489 TFLOPS (1:1)|||||||
Radeon Pro 580X|/gpu-specs/radeon-pro-580x.c3398|Ellesmere|"Ellesmere XTA
										
(216-0876220)"|GCN 4.0|GlobalFoundries|14 nm|5,700 million|24.6M / mm²|232 mm²|BGA-1401|Mar 18th, 2019|"Radeon Pro Mac
(500X Series)"|||Active|Apple MPX|||"1710 MHz
										
					6.8 Gbps effective"|8 GB|GDDR5|256 bit|218.9 GB/s|2304|144|32|36|16 KB (per CU)|2 MB|38.40 GPixel/s|172.8 GTexel/s|5.530 TFLOPS|185 W|2x HDMI 2.0b|12 (12_0)|4.6|2.1|1.3|6.7|IGP||||||345.6 GFLOPS (1:16)|||1100 MHz|1200 MHz|||5.530 TFLOPS (1:1)|||||||
Radeon Pro Vega 48|/gpu-specs/radeon-pro-vega-48.c3395|Vega 10|Vega 10 PRO|GCN 5.0|GlobalFoundries|14 nm|12,500 million|25.3M / mm²|495 mm²|BGA-2013|Mar 19th, 2019|"Radeon Pro Mac
(Vega Series)"|||Active|PCIe 3.0 x16||1200 MHz|"786 MHz
										
					1572 Mbps effective"|8 GB|HBM2|2048 bit|402.4 GB/s|3072|192|64|48|16 KB (per CU)|4 MB|76.80 GPixel/s|230.4 GTexel/s|7.373 TFLOPS|unknown|Portable Device Dependent|12 (12_1)|4.6|2.1|1.3|6.7|IGP||||None||460.8 GFLOPS (1:16)|||||||14.75 TFLOPS (2:1)|||||||
Radeon Pro Vega 64X|/gpu-specs/radeon-pro-vega-64x.c3404|Vega 10|"Vega 10 XT
										
(215-0894200)"|GCN 5.0|GlobalFoundries|14 nm|12,500 million|25.3M / mm²|495 mm²|BGA-2013|Mar 19th, 2019|"Radeon Pro Mac
(Vega Series)"|||Active|PCIe 3.0 x16|||"1000 MHz
										
					2 Gbps effective"|16 GB|HBM2|2048 bit|512.0 GB/s|4096|256|64|64|16 KB (per CU)|4 MB|93.95 GPixel/s|375.8 GTexel/s|12.03 TFLOPS|250 W|Portable Device Dependent|12 (12_1)|4.6|2.1|1.3|6.7|IGP||||None||751.6 GFLOPS (1:16)|||1250 MHz|1468 MHz|||24.05 TFLOPS (2:1)|||||||
Radeon Pro Vega II|/gpu-specs/radeon-pro-vega-ii.c3426|Vega 20|Vega 20 XT|GCN 5.1|TSMC|7 nm|13,230 million|40.0M / mm²|331 mm²|BGA-1933|Jun 3rd, 2019|"Radeon Pro Mac
(Vega Series)"|||Active|Apple MPX|||"806 MHz
										
					1612 Mbps effective"|32 GB|HBM2|4096 bit|825.3 GB/s|4096|256|64|64|16 KB (per CU)|4 MB|110.1 GPixel/s|440.3 GTexel/s|14.09 TFLOPS|475 W|1x HDMI 2.0b4x Thunderbolt|12 (12_1)|4.6|2.1|1.3|6.7|Quad-slot|||850 W||MW672ZM/A|7.045 TFLOPS (1:2)|2,199 USD||1574 MHz|1720 MHz|||28.18 TFLOPS (2:1)|||||||
Radeon Pro Vega II Duo|/gpu-specs/radeon-pro-vega-ii-duo.c3268|Vega 20|Vega 20 XT|GCN 5.1|TSMC|7 nm|13,230 million|40.0M / mm²|331 mm²|BGA-1933|Jun 3rd, 2019|"Radeon Pro Mac
(Vega Series)"|||Active|Apple MPX|||"1000 MHz
										
					2 Gbps effective"|32 GB|HBM2|4096 bit|1.02 TB/s|4096|256|64|64|16 KB (per CU)|4 MB|110.1 GPixel/s|440.3 GTexel/s|14.09 TFLOPS|475 W|1x HDMI 2.0b4x Thunderbolt|12 (12_1)|4.6|2.1|1.3|6.7|Quad-slot|||850 W||MW732ZM/A|7.045 TFLOPS (1:2)|4,399 USD||1400 MHz|1720 MHz|||28.18 TFLOPS (2:1)|||||||
Radeon Pro W5300M|/gpu-specs/radeon-pro-w5300m.c3477|Navi 14|Navi 14 PRO XLM|RDNA 1.0|TSMC|7 nm|6,400 million|40.5M / mm²|158 mm²|BGA-1125|Nov 13th, 2019|"Radeon Pro Mobile
(W5x00M)"|FirePro Mobile||Active|PCIe 4.0 x8|||"1500 MHz
										
					12 Gbps effective"|4 GB|GDDR6|128 bit|192.0 GB/s|1280|80|32|20||2 MB|40.00 GPixel/s|100.0 GTexel/s|3.200 TFLOPS|85 W|Portable Device Dependent|12 (12_1)|4.6|2.1|1.3|6.8|||||None||200.0 GFLOPS (1:16)|||1000 MHz|1250 MHz|||6.400 TFLOPS (2:1)|||||||
Radeon Pro W5500X|/gpu-specs/radeon-pro-w5500x.c4105|Navi 14|Navi 14 PRO XL|RDNA 1.0|TSMC|7 nm|6,400 million|40.5M / mm²|158 mm²|BGA-1125|Dec 11th, 2019|"Radeon Pro Mac
(Navi Series)"|||Active|Apple MPX|||"1750 MHz
										
					14 Gbps effective"|8 GB|GDDR6|128 bit|224.0 GB/s|1536|96|32|24||2 MB|56.22 GPixel/s|168.7 GTexel/s|5.398 TFLOPS|125 W|2x HDMI 2.0b|12 (12_1)|4.6|2.1|1.3|6.8|Dual-slot|||300 W||MXM52AM/A|337.3 GFLOPS (1:16)|599 USD||1187 MHz|1757 MHz|||10.80 TFLOPS (2:1)|||||||
Radeon Pro W5700|/gpu-specs/radeon-pro-w5700.c3466|Navi 10||RDNA 1.0|TSMC|7 nm|10,300 million|41.0M / mm²|251 mm²|BGA-1928|Nov 19th, 2019|"Radeon Pro Navi
(Navi Series)"|Radeon Pro Vega||Active|PCIe 4.0 x16|||"1750 MHz
										
					14 Gbps effective"|8 GB|GDDR6|256 bit|448.0 GB/s|2304|144|64|36||4 MB|120.3 GPixel/s|270.7 GTexel/s|8.663 TFLOPS|205 W|5x mini-DisplayPort 1.4a1x USB Type-C|12 (12_1)|4.6|2.1|1.3|6.8|Dual-slot|"267 mm
					10.5 inches"|"111 mm
					4.4 inches"|550 W|1x 6-pin + 1x 8-pin||541.4 GFLOPS (1:16)|799 USD||1400 MHz|1880 MHz|||17.33 TFLOPS (2:1)|||||||
Radeon Pro W5700X|/gpu-specs/radeon-pro-w5700x.c3583|Navi 10||RDNA 1.0|TSMC|7 nm|10,300 million|41.0M / mm²|251 mm²|BGA-1928|Dec 11th, 2019|"Radeon Pro Mac
(Navi Series)"|||Active|Apple MPX|||"1750 MHz
										
					14 Gbps effective"|16 GB|GDDR6|256 bit|448.0 GB/s|2560|160|64|40||4 MB|130.6 GPixel/s|326.4 GTexel/s|10.44 TFLOPS|205 W|1x HDMI 2.0b4x Thunderbolt|12 (12_1)|4.6|2.1|1.3|6.8|Quad-slot|"305 mm
					12 inches"||550 W||MW662AM/A|652.8 GFLOPS (1:16)|999 USD||1243 MHz|2040 MHz|||20.89 TFLOPS (2:1)|||||||
Radeon Pro WX 3200|/gpu-specs/radeon-pro-wx-3200.c3412|Polaris 23|Polaris 23 XT GL|GCN 4.0|GlobalFoundries|14 nm|2,200 million|21.4M / mm²|103 mm²|BGA-769|Jul 2nd, 2019|"Radeon Pro Polaris
(WX x200)"|Radeon Pro GCN|Radeon Pro Vega|Active|PCIe 3.0 x8||1295 MHz|"1500 MHz
										
					6 Gbps effective"|4 GB|GDDR5|128 bit|96.00 GB/s|640|32|16|10|16 KB (per CU)|512 KB|20.72 GPixel/s|41.44 GTexel/s|1.658 TFLOPS|65 W|4x mini-DisplayPort 1.4a|12 (12_0)|4.6|2.1|1.3|6.7|Single-slot|"167 mm
					6.6 inches"|"69 mm
					2.7 inches"|250 W|None|109-D09187-00B_02|103.6 GFLOPS (1:16)|199 USD||||||1.658 TFLOPS (1:1)|||||||
Radeon Pro WX 3200 Mobile|/gpu-specs/radeon-pro-wx-3200-mobile.c3461|Polaris 23|"Polaris 23 XT GLM
										
(216-0923062)"|GCN 4.0|GlobalFoundries|14 nm|2,200 million|21.4M / mm²|103 mm²|BGA-769|Jul 2nd, 2019|"Radeon Pro Mobile
(WX x200)"|FirePro Mobile||Active|PCIe 3.0 x8||1082 MHz|"1000 MHz
										
					4 Gbps effective"|4 GB|GDDR5|128 bit|64.00 GB/s|640|32|16|10|16 KB (per CU)|512 KB|17.31 GPixel/s|34.62 GTexel/s|1,385.0 GFLOPS|65 W|4x mini-DisplayPort 1.4a|12 (12_0)|4.6|2.1|1.3|6.7|MXM Module||||None||86.56 GFLOPS (1:16)|||||||1,385.0 GFLOPS (1:1)|||||||
Radeon R7 350 640SP|/gpu-specs/radeon-r7-350-640sp.c3736|Cape Verde|"Cape Verde XT
										
(215-0825117)"|GCN 1.0|TSMC|28 nm|1,500 million|12.2M / mm²|123 mm²|FCBGA-962|Jan 7th, 2019|"Pirate Islands
(R7 300)"|Volcanic Islands|Arctic Islands|End-of-life|PCIe 3.0 x16||925 MHz|"1125 MHz
										
					4.5 Gbps effective"|2 GB|GDDR5|128 bit|72.00 GB/s|640|40|16|10|16 KB (per CU)|256 KB|14.80 GPixel/s|37.00 GTexel/s|1,184.0 GFLOPS|55 W|1x DVI1x HDMI 1.4a1x DisplayPort 1.2|12 (11_1)|4.6|2.1 (1.2)|1.2.170|6.5 (5.1)|Single-slot|"168 mm
					6.6 inches"||250 W|None||74.00 GFLOPS (1:16)||||||||||||||
Radeon RX 5300 XT OEM|/gpu-specs/radeon-rx-5300-xt-oem.c3465|Navi 14|Navi 14 XL|RDNA 1.0|TSMC|7 nm|6,400 million|40.5M / mm²|158 mm²|BGA-1125|Oct 7th, 2019|"Navi
(RX 5000)"|Vega|Navi II|Active|PCIe 4.0 x8|||"1750 MHz
										
					7 Gbps effective"|4 GB|GDDR5|128 bit|112.0 GB/s|1408|88|32|22||2 MB|59.04 GPixel/s|162.4 GTexel/s|5.196 TFLOPS|100 W|1x HDMI 2.0b3x DisplayPort 1.4a|12 (12_1)|4.6|2.1|1.3|6.8|Dual-slot|"180 mm
					7.1 inches"||300 W|1x 6-pin|109-D33257-00B_02|324.7 GFLOPS (1:16)|||1670 MHz|1845 MHz|||10.39 TFLOPS (2:1)|||||||1717 MHz
Radeon RX 5300M|/gpu-specs/radeon-rx-5300m.c3462|Navi 14|Navi 14 XLM|RDNA 1.0|TSMC|7 nm|6,400 million|40.5M / mm²|158 mm²|BGA-1125|Nov 13th, 2019|"Navi Mobile
(RX 5000M)"|Polaris Mobile||Active|PCIe 4.0 x8|||"1750 MHz
										
					14 Gbps effective"|3 GB|GDDR6|96 bit|168.0 GB/s|1408|88|32|22||2 MB|46.24 GPixel/s|127.2 GTexel/s|4.069 TFLOPS|85 W|Portable Device Dependent|12 (12_1)|4.6|2.1|1.3|6.8|||||None||254.3 GFLOPS (1:16)|||1000 MHz|1445 MHz|||8.138 TFLOPS (2:1)|||||||1181 MHz
Radeon RX 5500 OEM|/gpu-specs/radeon-rx-5500-oem.c3459|Navi 14|"Navi 14 XT
										
(215-0932220)"|RDNA 1.0|TSMC|7 nm|6,400 million|40.5M / mm²|158 mm²|BGA-1125|Oct 7th, 2019|"Navi
(RX 5000)"|Vega|Navi II|Active|PCIe 4.0 x8|1 in our database||"1750 MHz
										
					14 Gbps effective"|4 GB|GDDR6|128 bit|224.0 GB/s|1408|88|32|22||2 MB|59.04 GPixel/s|162.4 GTexel/s|5.196 TFLOPS|110 W|1x HDMI 2.0b3x DisplayPort 1.4a|12 (12_1)|4.6|2.1|1.3|6.8|Dual-slot|"180 mm
					7.1 inches"|"110 mm
					4.3 inches"|300 W|1x 8-pin|109-D33257-00B_02|324.7 GFLOPS (1:16)|||1500 MHz|1845 MHz|||10.39 TFLOPS (2:1)|||||||1670 MHz
Radeon RX 5500 XT|/gpu-specs/radeon-rx-5500-xt.c3468|Navi 14|"Navi 14 XTX
										
(215-0932396)"|RDNA 1.0|TSMC|7 nm|6,400 million|40.5M / mm²|158 mm²|BGA-1125|Dec 12th, 2019|"Navi
(RX 5000)"|Vega|Navi II|Active|PCIe 4.0 x8|49 in our database||"1750 MHz
										
					14 Gbps effective"|4 GB|GDDR6|128 bit|224.0 GB/s|1408|88|32|22||2 MB|59.04 GPixel/s|162.4 GTexel/s|5.196 TFLOPS|130 W|1x HDMI 2.0b3x DisplayPort 1.4a|12 (12_1)|4.6|2.1|1.3|6.8|Dual-slot|"180 mm
					7.1 inches"||300 W|1x 8-pin|109-D33257-00B_02|324.7 GFLOPS (1:16)|169 USD||1607 MHz|1845 MHz|||10.39 TFLOPS (2:1)||||102-D33220|||1717 MHz
Radeon RX 5500M|/gpu-specs/radeon-rx-5500m.c3460|Navi 14|Navi 14 XTM|RDNA 1.0|TSMC|7 nm|6,400 million|40.5M / mm²|158 mm²|BGA-1125|Oct 7th, 2019|"Navi Mobile
(RX 5000M)"|Polaris Mobile||Active|PCIe 4.0 x8|||"1750 MHz
										
					14 Gbps effective"|4 GB|GDDR6|128 bit|224.0 GB/s|1408|88|32|22||2 MB|52.64 GPixel/s|144.8 GTexel/s|4.632 TFLOPS|85 W|Portable Device Dependent|12 (12_1)|4.6|2.1|1.3|6.8|||||None||289.5 GFLOPS (1:16)|||1375 MHz|1645 MHz|||9.265 TFLOPS (2:1)|||||||1448 MHz
Radeon RX 560 XT|/gpu-specs/radeon-rx-560-xt.c3388|Ellesmere|Polaris 10 LE1|GCN 4.0|GlobalFoundries|14 nm|5,700 million|24.6M / mm²|232 mm²|BGA-1401|Mar 13th, 2019|"Polaris
(RX 500)"|Arctic Islands|Vega|Active|PCIe 3.0 x16|||"1750 MHz
										
					7 Gbps effective"|4 GB|GDDR5|256 bit|224.0 GB/s|1792|112|32|28|16 KB (per CU)|2 MB|39.23 GPixel/s|137.3 GTexel/s|4.394 TFLOPS|150 W|1x HDMI 2.0b3x DisplayPort 1.4a|12 (12_0)|4.6|2.1|1.3|6.7|Dual-slot|"241 mm
					9.5 inches"||450 W|1x 6-pin||274.6 GFLOPS (1:16)|||1074 MHz|1226 MHz|||4.394 TFLOPS (1:1)|||||||
Radeon RX 560X Mobile|/gpu-specs/radeon-rx-560x-mobile.c3357|Polaris 31|Polaris 31 MXL|GCN 4.0|GlobalFoundries|14 nm|3,000 million|24.4M / mm²|123 mm²|BGA-769|Jan 9th, 2019|"Polaris Mobile
(RX M500X)"|Gem System|Navi Mobile|Active|PCIe 3.0 x16||1223 MHz|"1750 MHz
										
					7 Gbps effective"|4 GB|GDDR5|128 bit|112.0 GB/s|896|56|16|14|16 KB (per CU)|1024 KB|19.57 GPixel/s|68.49 GTexel/s|2.192 TFLOPS|65 W|Portable Device Dependent|12 (12_0)|4.6|2.1|1.3|6.7|IGP||||None||137.0 GFLOPS (1:16)|||||||2.192 TFLOPS (1:1)|||||||
Radeon RX 5700|/gpu-specs/radeon-rx-5700.c3437|Navi 10|"Navi 10 XL
										
(215-0917220)"|RDNA 1.0|TSMC|7 nm|10,300 million|41.0M / mm²|251 mm²|BGA-1928|Jul 7th, 2019|"Navi
(RX 5000)"|Vega|Navi II|Active|PCIe 4.0 x16|26 in our database||"1750 MHz
										
					14 Gbps effective"|8 GB|GDDR6|256 bit|448.0 GB/s|2304|144|64|36||4 MB|110.4 GPixel/s|248.4 GTexel/s|7.949 TFLOPS|180 W|1x HDMI 2.0b3x DisplayPort 1.4a|12 (12_1)|4.6|2.1|1.3|6.8|Dual-slot|"268 mm
					10.6 inches"|"111 mm
					4.4 inches"|450 W|1x 6-pin + 1x 8-pin|109-D18237-00C_02|496.8 GFLOPS (1:16)|349 USD|"36 mm
					1.4 inches"|1465 MHz|1725 MHz|||15.90 TFLOPS (2:1)||||102-D18202|"Amazon
						/
						Newegg"||1625 MHz
Radeon RX 5700 XT|/gpu-specs/radeon-rx-5700-xt.c3339|Navi 10|"Navi 10 XT
										
(215-0917210)"|RDNA 1.0|TSMC|7 nm|10,300 million|41.0M / mm²|251 mm²|BGA-1928|Jul 7th, 2019|"Navi
(RX 5000)"|Vega|Navi II|Active|PCIe 4.0 x16|121 in our database||"1750 MHz
										
					14 Gbps effective"|8 GB|GDDR6|256 bit|448.0 GB/s|2560|160|64|40||4 MB|121.9 GPixel/s|304.8 GTexel/s|9.754 TFLOPS|225 W|1x HDMI 2.0b3x DisplayPort 1.4a|12 (12_1)|4.6|2.1|1.3|6.8|Dual-slot|"272 mm
					10.7 inches"|"111 mm
					4.4 inches"|550 W|1x 6-pin + 1x 8-pin|109-D18237-00C_02|609.6 GFLOPS (1:16)|399 USD|"36 mm
					1.4 inches"|1605 MHz|1905 MHz|||19.51 TFLOPS (2:1)||||102-D18205|"Amazon
						/
						Newegg"||1755 MHz
Radeon RX 5700 XT 50th Anniversary|/gpu-specs/radeon-rx-5700-xt-50th-anniversary.c3438|Navi 10|"Navi 10 XTX
										
(215-0917244)"|RDNA 1.0|TSMC|7 nm|10,300 million|41.0M / mm²|251 mm²|BGA-1928|Jul 7th, 2019|"Navi
(RX 5000)"|Vega|Navi II|Active|PCIe 4.0 x16|121 in our database||"1750 MHz
										
					14 Gbps effective"|8 GB|GDDR6|256 bit|448.0 GB/s|2560|160|64|40||4 MB|126.7 GPixel/s|316.8 GTexel/s|10.14 TFLOPS|225 W|1x HDMI 2.0b3x DisplayPort 1.4a|12 (12_1)|4.6|2.1|1.3|6.8|Dual-slot|"272 mm
					10.7 inches"|"111 mm
					4.4 inches"|550 W|1x 6-pin + 1x 8-pin|109-D18237-00C|633.6 GFLOPS (1:16)|449 USD|"40 mm
					1.6 inches"|1680 MHz|1980 MHz|||20.28 TFLOPS (2:1)||||102-D18206|||1830 MHz
Radeon RX 640 Mobile|/gpu-specs/radeon-rx-640-mobile.c3413|Polaris 23|Polaris 23 XT|GCN 4.0|GlobalFoundries|14 nm|2,200 million|21.4M / mm²|103 mm²|BGA-769|May 13th, 2019|"Polaris Mobile
(M600)"|Gem System|Navi Mobile|Active|PCIe 3.0 x8|||"1500 MHz
										
					6 Gbps effective"|2 GB|GDDR5|64 bit|48.00 GB/s|640|40|16|10|16 KB (per CU)|512 KB|19.49 GPixel/s|48.72 GTexel/s|1.559 TFLOPS|50 W|Portable Device Dependent|12 (12_0)|4.6|2.1|1.3|6.7|IGP||||None||97.44 GFLOPS (1:16)|||1082 MHz|1218 MHz|||1.559 TFLOPS (1:1)|||||||
Radeon RX Vega 11|/gpu-specs/radeon-rx-vega-11.c3593|Picasso||GCN 5.0|GlobalFoundries|12 nm|4,940 million|23.5M / mm²|210 mm²|µOPGA-1331|Jul 7th, 2019|"Vega IGP
(Picasso)"|GCN 3.0 IGP|Vega II IGP|Active|IGP|||System Shared|System Shared|System Shared|System Shared|System Dependent|704|44|8|11|||11.20 GPixel/s|61.60 GTexel/s|1.971 TFLOPS|15 W|Motherboard Dependent|12 (12_1)|4.6|2.1|1.3|6.7|IGP||||None||123.2 GFLOPS (1:16)|||300 MHz|1400 MHz|||3.942 TFLOPS (2:1)|||||||
Radeon RX Vega 11 Mobile|/gpu-specs/radeon-rx-vega-11-mobile.c3597|Picasso-M||GCN 5.0|GlobalFoundries|12 nm|4,940 million|23.5M / mm²|210 mm²|FCBGA-1140|Oct 22nd, 2019|"Vega IGP
(Picasso Mobile)"|GCN 3.0 IGP|Navi II IGP|Active|IGP|||System Shared|System Shared|System Shared|System Shared|System Dependent|704|44|8|11|||11.20 GPixel/s|61.60 GTexel/s|1.971 TFLOPS|15 W|Portable Device Dependent|12 (12_1)|4.6|2.1|1.3|6.7|IGP||||None||123.2 GFLOPS (1:16)|||300 MHz|1400 MHz|||3.942 TFLOPS (2:1)|||||||
Radeon Vega 10 Mobile|/gpu-specs/radeon-vega-10-mobile.c3598|Picasso-M||GCN 5.0|GlobalFoundries|12 nm|4,940 million|23.5M / mm²|210 mm²|FCBGA-1140|Apr 8th, 2019|"Vega IGP
(Picasso Mobile)"|GCN 3.0 IGP|Navi II IGP|Active|IGP|||System Shared|System Shared|System Shared|System Shared|System Dependent|640|40|8|10|||11.20 GPixel/s|56.00 GTexel/s|1.792 TFLOPS|15 W|Portable Device Dependent|12 (12_1)|4.6|2.1|1.3|6.7|IGP||||None||112.0 GFLOPS (1:16)|||300 MHz|1400 MHz|||3.584 TFLOPS (2:1)|||||||
Radeon Vega 10 Mobile|/gpu-specs/radeon-vega-10-mobile.c3591|Picasso-M||GCN 5.0|GlobalFoundries|12 nm|4,940 million|23.5M / mm²|210 mm²|FCBGA-1140|Jan 6th, 2019|"Vega IGP
(Picasso Mobile)"|GCN 3.0 IGP|Navi II IGP|Active|IGP|||System Shared|System Shared|System Shared|System Shared|System Dependent|640|40|8|10|||11.20 GPixel/s|56.00 GTexel/s|1.792 TFLOPS|15 W|Portable Device Dependent|12 (12_1)|4.6|2.1|1.3|6.7|IGP||||None||112.0 GFLOPS (1:16)|||300 MHz|1400 MHz|||3.584 TFLOPS (2:1)|||||||
Radeon Vega 10 Mobile|/gpu-specs/radeon-vega-10-mobile.c3288|Raven-M||GCN 5.0|GlobalFoundries|14 nm|4,940 million|23.5M / mm²|210 mm²|FCBGA-1140|Jan 8th, 2019|"Vega IGP
(Raven Ridge-M)"|GCN 3.0 IGP|Navi II IGP|Active|IGP|||System Shared|System Shared|System Shared|System Shared|System Dependent|640|40|8|10|||10.41 GPixel/s|52.04 GTexel/s|1.665 TFLOPS|10 W|Portable Device Dependent|12 (12_1)|4.6|2.1|1.3|6.7|IGP||||None||104.1 GFLOPS (1:16)|||300 MHz|1301 MHz|||3.331 TFLOPS (2:1)|||||||
Radeon Vega 11|/gpu-specs/radeon-vega-11.c3595|Picasso||GCN 5.0|GlobalFoundries|12 nm|4,940 million|23.5M / mm²|210 mm²|µOPGA-1331|Sep 30th, 2019|"Vega IGP
(Picasso)"|GCN 3.0 IGP|Vega II IGP|Active|IGP|||System Shared|System Shared|System Shared|System Shared|System Dependent|704|44|8|11|||11.20 GPixel/s|61.60 GTexel/s|1.971 TFLOPS|15 W|Motherboard Dependent|12 (12_1)|4.6|2.1|1.3|6.7|IGP||||None||123.2 GFLOPS (1:16)|||300 MHz|1400 MHz|||3.942 TFLOPS (2:1)|||||||
Radeon Vega 3|/gpu-specs/radeon-vega-3.c3594|Picasso||GCN 5.0|GlobalFoundries|12 nm|4,940 million|23.5M / mm²|210 mm²|µOPGA-1331|Nov 20th, 2019|"Vega IGP
(Picasso)"|GCN 3.0 IGP|Vega II IGP|Active|IGP|||System Shared|System Shared|System Shared|System Shared|System Dependent|192|12|4|3|||4.400 GPixel/s|13.20 GTexel/s|422.4 GFLOPS|15 W|Motherboard Dependent|12 (12_1)|4.6|2.1|1.3|6.7|IGP||||None||26.40 GFLOPS (1:16)|||300 MHz|1100 MHz|||844.8 GFLOPS (2:1)|||||||
Radeon Vega 3 Embedded|/gpu-specs/radeon-vega-3-embedded.c3341|Picasso-M||GCN 5.0|GlobalFoundries|12 nm|4,940 million|23.5M / mm²|210 mm²|FCBGA-1140|2019|"Vega IGP
(Picasso)"|GCN 3.0 IGP|Vega II IGP|Active|IGP|||System Shared|System Shared|System Shared|System Shared|System Dependent|192|12|4|3|||4.000 GPixel/s|12.00 GTexel/s|384.0 GFLOPS|10 W|Motherboard Dependent|12 (12_1)|4.6|2.1|1.3|6.7|IGP||||None||24.00 GFLOPS (1:16)|||300 MHz|1000 MHz|||768.0 GFLOPS (2:1)|||||||
Radeon Vega 3 Embedded|/gpu-specs/radeon-vega-3-embedded.c3340|||||||||||||||||||||||||||||||||||||||||||||||||||||||||||
Radeon Vega 3 Mobile|/gpu-specs/radeon-vega-3-mobile.c3655|||||||||||||||||||||||||||||||||||||||||||||||||||||||||||
Radeon Vega 6 Mobile|/gpu-specs/radeon-vega-6-mobile.c3615|||||||||||||||||||||||||||||||||||||||||||||||||||||||||||
Radeon Vega 6 Mobile|/gpu-specs/radeon-vega-6-mobile.c3384|||||||||||||||||||||||||||||||||||||||||||||||||||||||||||
Radeon Vega 8|/gpu-specs/radeon-vega-8.c3286|||||||||||||||||||||||||||||||||||||||||||||||||||||||||||
Radeon Vega 8 Mobile|/gpu-specs/radeon-vega-8-mobile.c3596|||||||||||||||||||||||||||||||||||||||||||||||||||||||||||
Radeon Vega 8 Mobile|/gpu-specs/radeon-vega-8-mobile.c3360|||||||||||||||||||||||||||||||||||||||||||||||||||||||||||
Radeon Vega 8 Mobile|/gpu-specs/radeon-vega-8-mobile.c3289|||||||||||||||||||||||||||||||||||||||||||||||||||||||||||
Radeon Vega 9 Mobile|/gpu-specs/radeon-vega-9-mobile.c3614|||||||||||||||||||||||||||||||||||||||||||||||||||||||||||
Radeon VII|/gpu-specs/radeon-vii.c3358|||||||||||||||||||||||||||||||||||||||||||||||||||||||||||
AeroBox GPU|/gpu-specs/aerobox-gpu.c3648|||||||||||||||||||||||||||||||||||||||||||||||||||||||||||
Atari VCS 400 GPU|/gpu-specs/atari-vcs-400-gpu.c3738|||||||||||||||||||||||||||||||||||||||||||||||||||||||||||
Atari VCS 800 GPU|/gpu-specs/atari-vcs-800-gpu.c3654|||||||||||||||||||||||||||||||||||||||||||||||||||||||||||
Playstation 5 GPU|/gpu-specs/playstation-5-gpu.c3480|||||||||||||||||||||||||||||||||||||||||||||||||||||||||||
Radeon Graphics 320SP Mobile|/gpu-specs/radeon-graphics-320sp-mobile.c3613|||||||||||||||||||||||||||||||||||||||||||||||||||||||||||
Radeon Graphics 384SP Mobile|/gpu-specs/radeon-graphics-384sp-mobile.c3511|||||||||||||||||||||||||||||||||||||||||||||||||||||||||||
Radeon Graphics 448SP|/gpu-specs/radeon-graphics-448sp.c4024|||||||||||||||||||||||||||||||||||||||||||||||||||||||||||
Radeon Graphics 448SP Mobile|/gpu-specs/radeon-graphics-448sp-mobile.c3510|||||||||||||||||||||||||||||||||||||||||||||||||||||||||||
Radeon Graphics 512SP|/gpu-specs/radeon-graphics-512sp.c4023|||||||||||||||||||||||||||||||||||||||||||||||||||||||||||
Radeon Graphics 512SP Mobile|/gpu-specs/radeon-graphics-512sp-mobile.c3587|||||||||||||||||||||||||||||||||||||||||||||||||||||||||||
Radeon Instinct MI100|/gpu-specs/radeon-instinct-mi100.c3496|||||||||||||||||||||||||||||||||||||||||||||||||||||||||||
Radeon Pro 5300|/gpu-specs/radeon-pro-5300.c3665|||||||||||||||||||||||||||||||||||||||||||||||||||||||||||
Radeon Pro 5500 XT|/gpu-specs/radeon-pro-5500-xt.c3664|||||||||||||||||||||||||||||||||||||||||||||||||||||||||||
Radeon Pro 5600M|/gpu-specs/radeon-pro-5600m.c3612|||||||||||||||||||||||||||||||||||||||||||||||||||||||||||
Radeon Pro 5700|/gpu-specs/radeon-pro-5700.c3663|||||||||||||||||||||||||||||||||||||||||||||||||||||||||||
Radeon Pro 5700 XT|/gpu-specs/radeon-pro-5700-xt.c3662|||||||||||||||||||||||||||||||||||||||||||||||||||||||||||
Radeon Pro V520|/gpu-specs/radeon-pro-v520.c3755|||||||||||||||||||||||||||||||||||||||||||||||||||||||||||
Radeon Pro V540|/gpu-specs/radeon-pro-v540.c4133|||||||||||||||||||||||||||||||||||||||||||||||||||||||||||
Radeon Pro VII|/gpu-specs/radeon-pro-vii.c3575|||||||||||||||||||||||||||||||||||||||||||||||||||||||||||
Radeon Pro W5500|/gpu-specs/radeon-pro-w5500.c3479|||||||||||||||||||||||||||||||||||||||||||||||||||||||||||
Radeon Pro W5500M|/gpu-specs/radeon-pro-w5500m.c3478|||||||||||||||||||||||||||||||||||||||||||||||||||||||||||
Radeon RX 5300 OEM|/gpu-specs/radeon-rx-5300-oem.c3584|||||||||||||||||||||||||||||||||||||||||||||||||||||||||||
Radeon RX 5600 OEM|/gpu-specs/radeon-rx-5600-oem.c3475|||||||||||||||||||||||||||||||||||||||||||||||||||||||||||
Radeon RX 5600 XT|/gpu-specs/radeon-rx-5600-xt.c3474|||||||||||||||||||||||||||||||||||||||||||||||||||||||||||
Radeon RX 5600M|/gpu-specs/radeon-rx-5600m.c3492|||||||||||||||||||||||||||||||||||||||||||||||||||||||||||
Radeon RX 5700M|/gpu-specs/radeon-rx-5700m.c3476|||||||||||||||||||||||||||||||||||||||||||||||||||||||||||
Radeon RX 590 GME|/gpu-specs/radeon-rx-590-gme.c3505|||||||||||||||||||||||||||||||||||||||||||||||||||||||||||
Radeon RX 640 OEM|/gpu-specs/radeon-rx-640-oem.c4110|||||||||||||||||||||||||||||||||||||||||||||||||||||||||||
Radeon RX 6800|/gpu-specs/radeon-rx-6800.c3713|||||||||||||||||||||||||||||||||||||||||||||||||||||||||||
Radeon RX 6800 XT|/gpu-specs/radeon-rx-6800-xt.c3694|||||||||||||||||||||||||||||||||||||||||||||||||||||||||||
Radeon RX 6900 XT|/gpu-specs/radeon-rx-6900-xt.c3481|||||||||||||||||||||||||||||||||||||||||||||||||||||||||||
Radeon RX 6900 XTX|/gpu-specs/radeon-rx-6900-xtx.c3800|||||||||||||||||||||||||||||||||||||||||||||||||||||||||||
Radeon Vega 3 Mobile|/gpu-specs/radeon-vega-3-mobile.c3592|||||||||||||||||||||||||||||||||||||||||||||||||||||||||||
Xbox Series S GPU|/gpu-specs/xbox-series-s-gpu.c3683|||||||||||||||||||||||||||||||||||||||||||||||||||||||||||
Xbox Series X GPU|/gpu-specs/xbox-series-x-gpu.c3482|||||||||||||||||||||||||||||||||||||||||||||||||||||||||||
Radeon Graphics 384SP|/gpu-specs/radeon-graphics-384sp.c3855|||||||||||||||||||||||||||||||||||||||||||||||||||||||||||
Radeon Graphics 384SP Mobile|/gpu-specs/radeon-graphics-384sp-mobile.c3856|||||||||||||||||||||||||||||||||||||||||||||||||||||||||||
Radeon Graphics 448SP|/gpu-specs/radeon-graphics-448sp.c3833|||||||||||||||||||||||||||||||||||||||||||||||||||||||||||
Radeon Graphics 448SP Mobile|/gpu-specs/radeon-graphics-448sp-mobile.c3854|||||||||||||||||||||||||||||||||||||||||||||||||||||||||||
Radeon Graphics 448SP Mobile|/gpu-specs/radeon-graphics-448sp-mobile.c3784|||||||||||||||||||||||||||||||||||||||||||||||||||||||||||
Radeon Graphics 512SP|/gpu-specs/radeon-graphics-512sp.c3768|||||||||||||||||||||||||||||||||||||||||||||||||||||||||||
Radeon Graphics 512SP Mobile|/gpu-specs/radeon-graphics-512sp-mobile.c4065|||||||||||||||||||||||||||||||||||||||||||||||||||||||||||
Radeon Graphics 512SP Mobile|/gpu-specs/radeon-graphics-512sp-mobile.c3771|||||||||||||||||||||||||||||||||||||||||||||||||||||||||||
Radeon Instinct MI200|/gpu-specs/radeon-instinct-mi200.c4077|||||||||||||||||||||||||||||||||||||||||||||||||||||||||||
Radeon Instinct MI210|/gpu-specs/radeon-instinct-mi210.c3857|||||||||||||||||||||||||||||||||||||||||||||||||||||||||||
Radeon Instinct MI250|/gpu-specs/radeon-instinct-mi250.c3847|||||||||||||||||||||||||||||||||||||||||||||||||||||||||||
Radeon Instinct MI250X|/gpu-specs/radeon-instinct-mi250x.c3837|||||||||||||||||||||||||||||||||||||||||||||||||||||||||||
Radeon PRO V620|/gpu-specs/radeon-pro-v620.c3846|||||||||||||||||||||||||||||||||||||||||||||||||||||||||||
Radeon PRO W6600|/gpu-specs/radeon-pro-w6600.c3818|||||||||||||||||||||||||||||||||||||||||||||||||||||||||||
Radeon Pro W6600M|/gpu-specs/radeon-pro-w6600m.c3819|||||||||||||||||||||||||||||||||||||||||||||||||||||||||||
Radeon Pro W6600X|/gpu-specs/radeon-pro-w6600x.c4104|||||||||||||||||||||||||||||||||||||||||||||||||||||||||||
Radeon PRO W6800|/gpu-specs/radeon-pro-w6800.c3809|||||||||||||||||||||||||||||||||||||||||||||||||||||||||||
Radeon Pro W6800X|/gpu-specs/radeon-pro-w6800x.c3826|||||||||||||||||||||||||||||||||||||||||||||||||||||||||||
Radeon Pro W6800X Duo|/gpu-specs/radeon-pro-w6800x-duo.c3824|||||||||||||||||||||||||||||||||||||||||||||||||||||||||||
Radeon Pro W6900X|/gpu-specs/radeon-pro-w6900x.c3825|||||||||||||||||||||||||||||||||||||||||||||||||||||||||||
Radeon RX 6600|/gpu-specs/radeon-rx-6600.c3696|||||||||||||||||||||||||||||||||||||||||||||||||||||||||||
Radeon RX 6600 XT|/gpu-specs/radeon-rx-6600-xt.c3774|||||||||||||||||||||||||||||||||||||||||||||||||||||||||||
Radeon RX 6600M|/gpu-specs/radeon-rx-6600m.c3776|||||||||||||||||||||||||||||||||||||||||||||||||||||||||||
Radeon RX 6700|/gpu-specs/radeon-rx-6700.c3716|||||||||||||||||||||||||||||||||||||||||||||||||||||||||||
Radeon RX 6700 XT|/gpu-specs/radeon-rx-6700-xt.c3695|||||||||||||||||||||||||||||||||||||||||||||||||||||||||||
Radeon RX 6700M|/gpu-specs/radeon-rx-6700m.c3775|||||||||||||||||||||||||||||||||||||||||||||||||||||||||||
Radeon RX 6800M|/gpu-specs/radeon-rx-6800m.c3786|||||||||||||||||||||||||||||||||||||||||||||||||||||||||||
Playstation 5 GPU|/gpu-specs/playstation-5-gpu.c3934|||||||||||||||||||||||||||||||||||||||||||||||||||||||||||
Radeon 610M|/gpu-specs/radeon-610m.c3994|||||||||||||||||||||||||||||||||||||||||||||||||||||||||||
Radeon 660M|/gpu-specs/radeon-660m.c3870|||||||||||||||||||||||||||||||||||||||||||||||||||||||||||
Radeon 680M|/gpu-specs/radeon-680m.c3871|||||||||||||||||||||||||||||||||||||||||||||||||||||||||||
Radeon Graphics 128SP|/gpu-specs/radeon-graphics-128sp.c3993|||||||||||||||||||||||||||||||||||||||||||||||||||||||||||
Radeon Graphics 448SP Mobile|/gpu-specs/radeon-graphics-448sp-mobile.c4057|||||||||||||||||||||||||||||||||||||||||||||||||||||||||||
Radeon Graphics 512SP Mobile|/gpu-specs/radeon-graphics-512sp-mobile.c4056|||||||||||||||||||||||||||||||||||||||||||||||||||||||||||
Radeon PRO W6300|/gpu-specs/radeon-pro-w6300.c3982|||||||||||||||||||||||||||||||||||||||||||||||||||||||||||
Radeon Pro W6300M|/gpu-specs/radeon-pro-w6300m.c3952|||||||||||||||||||||||||||||||||||||||||||||||||||||||||||
Radeon PRO W6400|/gpu-specs/radeon-pro-w6400.c3873|||||||||||||||||||||||||||||||||||||||||||||||||||||||||||
Radeon Pro W6500M|/gpu-specs/radeon-pro-w6500m.c3983|||||||||||||||||||||||||||||||||||||||||||||||||||||||||||
Radeon RX 6300|/gpu-specs/radeon-rx-6300.c4138|||||||||||||||||||||||||||||||||||||||||||||||||||||||||||
Radeon RX 6300M|/gpu-specs/radeon-rx-6300m.c3866|||||||||||||||||||||||||||||||||||||||||||||||||||||||||||
Radeon RX 6400|/gpu-specs/radeon-rx-6400.c3813|||||||||||||||||||||||||||||||||||||||||||||||||||||||||||
Radeon RX 6500 XT|/gpu-specs/radeon-rx-6500-xt.c3850|||||||||||||||||||||||||||||||||||||||||||||||||||||||||||
Radeon RX 6500M|/gpu-specs/radeon-rx-6500m.c3865|||||||||||||||||||||||||||||||||||||||||||||||||||||||||||
Radeon RX 6600S|/gpu-specs/radeon-rx-6600s.c3869|||||||||||||||||||||||||||||||||||||||||||||||||||||||||||
Radeon RX 6650 XT|/gpu-specs/radeon-rx-6650-xt.c3898|||||||||||||||||||||||||||||||||||||||||||||||||||||||||||
Radeon RX 6650M|/gpu-specs/radeon-rx-6650m.c3863|||||||||||||||||||||||||||||||||||||||||||||||||||||||||||
Radeon RX 6650M XT|/gpu-specs/radeon-rx-6650m-xt.c3864|||||||||||||||||||||||||||||||||||||||||||||||||||||||||||
Radeon RX 6700S|/gpu-specs/radeon-rx-6700s.c3868|||||||||||||||||||||||||||||||||||||||||||||||||||||||||||
Radeon RX 6750 XT|/gpu-specs/radeon-rx-6750-xt.c3879|||||||||||||||||||||||||||||||||||||||||||||||||||||||||||
Radeon RX 6800S|/gpu-specs/radeon-rx-6800s.c3867|||||||||||||||||||||||||||||||||||||||||||||||||||||||||||
Radeon RX 6850M XT|/gpu-specs/radeon-rx-6850m-xt.c3862|||||||||||||||||||||||||||||||||||||||||||||||||||||||||||
Radeon RX 6950 XT|/gpu-specs/radeon-rx-6950-xt.c3875|||||||||||||||||||||||||||||||||||||||||||||||||||||||||||
Radeon RX 7900 XT|/gpu-specs/radeon-rx-7900-xt.c3912|||||||||||||||||||||||||||||||||||||||||||||||||||||||||||
Radeon RX 7900 XTX|/gpu-specs/radeon-rx-7900-xtx.c3941|||||||||||||||||||||||||||||||||||||||||||||||||||||||||||
Radeon RX 7950 XT|/gpu-specs/radeon-rx-7950-xt.c3979|||||||||||||||||||||||||||||||||||||||||||||||||||||||||||
Radeon RX 7950 XTX|/gpu-specs/radeon-rx-7950-xtx.c3980|||||||||||||||||||||||||||||||||||||||||||||||||||||||||||
Steam Deck GPU|/gpu-specs/steam-deck-gpu.c3897|||||||||||||||||||||||||||||||||||||||||||||||||||||||||||
Radeon 610M|/gpu-specs/radeon-610m.c4021|||||||||||||||||||||||||||||||||||||||||||||||||||||||||||
Radeon 660M|/gpu-specs/radeon-660m.c4136|||||||||||||||||||||||||||||||||||||||||||||||||||||||||||
Radeon 680M|/gpu-specs/radeon-680m.c4135|||||||||||||||||||||||||||||||||||||||||||||||||||||||||||
Radeon 740M|/gpu-specs/radeon-740m.c4298|||||||||||||||||||||||||||||||||||||||||||||||||||||||||||
Radeon 740M|/gpu-specs/radeon-740m.c4162|||||||||||||||||||||||||||||||||||||||||||||||||||||||||||
Radeon 760M|/gpu-specs/radeon-760m.c4222|||||||||||||||||||||||||||||||||||||||||||||||||||||||||||
Radeon 760M|/gpu-specs/radeon-760m.c4022|||||||||||||||||||||||||||||||||||||||||||||||||||||||||||
Radeon 780M|/gpu-specs/radeon-780m.c4221|||||||||||||||||||||||||||||||||||||||||||||||||||||||||||
Radeon 780M|/gpu-specs/radeon-780m.c4020|||||||||||||||||||||||||||||||||||||||||||||||||||||||||||
Radeon Instinct MI300|/gpu-specs/radeon-instinct-mi300.c4019|||||||||||||||||||||||||||||||||||||||||||||||||||||||||||
Radeon Instinct MI300A|/gpu-specs/radeon-instinct-mi300a.c4296|||||||||||||||||||||||||||||||||||||||||||||||||||||||||||
Radeon Instinct MI300X|/gpu-specs/radeon-instinct-mi300x.c4179|||||||||||||||||||||||||||||||||||||||||||||||||||||||||||
Radeon Instinct MI308X|/gpu-specs/radeon-instinct-mi308x.c4295|||||||||||||||||||||||||||||||||||||||||||||||||||||||||||
Radeon PRO W7500|/gpu-specs/radeon-pro-w7500.c4170|||||||||||||||||||||||||||||||||||||||||||||||||||||||||||
Radeon PRO W7600|/gpu-specs/radeon-pro-w7600.c4169|||||||||||||||||||||||||||||||||||||||||||||||||||||||||||
Radeon PRO W7700|/gpu-specs/radeon-pro-w7700.c4184|||||||||||||||||||||||||||||||||||||||||||||||||||||||||||
Radeon PRO W7800|/gpu-specs/radeon-pro-w7800.c4148|||||||||||||||||||||||||||||||||||||||||||||||||||||||||||
Radeon PRO W7800 48 GB|/gpu-specs/radeon-pro-w7800-48-gb.c4252|||||||||||||||||||||||||||||||||||||||||||||||||||||||||||
Radeon PRO W7900|/gpu-specs/radeon-pro-w7900.c4147|||||||||||||||||||||||||||||||||||||||||||||||||||||||||||
Radeon RX 6450M|/gpu-specs/radeon-rx-6450m.c4018|||||||||||||||||||||||||||||||||||||||||||||||||||||||||||
Radeon RX 6550M|/gpu-specs/radeon-rx-6550m.c4017|||||||||||||||||||||||||||||||||||||||||||||||||||||||||||
Radeon RX 6550S|/gpu-specs/radeon-rx-6550s.c3981|||||||||||||||||||||||||||||||||||||||||||||||||||||||||||
Radeon RX 6600 LE|/gpu-specs/radeon-rx-6600-le.c4223|||||||||||||||||||||||||||||||||||||||||||||||||||||||||||
Radeon RX 6750 GRE 10 GB|/gpu-specs/radeon-rx-6750-gre-10-gb.c4192|||||||||||||||||||||||||||||||||||||||||||||||||||||||||||
Radeon RX 6750 GRE 12 GB|/gpu-specs/radeon-rx-6750-gre-12-gb.c4183|||||||||||||||||||||||||||||||||||||||||||||||||||||||||||
Radeon RX 7500 XT|/gpu-specs/radeon-rx-7500-xt.c4116|||||||||||||||||||||||||||||||||||||||||||||||||||||||||||
Radeon RX 7600|/gpu-specs/radeon-rx-7600.c4153|||||||||||||||||||||||||||||||||||||||||||||||||||||||||||
Radeon RX 7600M|/gpu-specs/radeon-rx-7600m.c4014|||||||||||||||||||||||||||||||||||||||||||||||||||||||||||
Radeon RX 7600M XT|/gpu-specs/radeon-rx-7600m-xt.c4013|||||||||||||||||||||||||||||||||||||||||||||||||||||||||||
Radeon RX 7600S|/gpu-specs/radeon-rx-7600s.c4016|||||||||||||||||||||||||||||||||||||||||||||||||||||||||||
Radeon RX 7700 XT|/gpu-specs/radeon-rx-7700-xt.c3911|||||||||||||||||||||||||||||||||||||||||||||||||||||||||||
Radeon RX 7700S|/gpu-specs/radeon-rx-7700s.c4015|||||||||||||||||||||||||||||||||||||||||||||||||||||||||||
Radeon RX 7800 XT|/gpu-specs/radeon-rx-7800-xt.c3839|||||||||||||||||||||||||||||||||||||||||||||||||||||||||||
Radeon RX 7900 GRE|/gpu-specs/radeon-rx-7900-gre.c4166|||||||||||||||||||||||||||||||||||||||||||||||||||||||||||
Radeon RX 7900M|/gpu-specs/radeon-rx-7900m.c4178|||||||||||||||||||||||||||||||||||||||||||||||||||||||||||
Radeon RX 7990 XTX|/gpu-specs/radeon-rx-7990-xtx.c3973|||||||||||||||||||||||||||||||||||||||||||||||||||||||||||
Ryzen Z1 Extreme GPU|/gpu-specs/ryzen-z1-extreme-gpu.c4157|||||||||||||||||||||||||||||||||||||||||||||||||||||||||||
Ryzen Z1 GPU|/gpu-specs/ryzen-z1-gpu.c4158|||||||||||||||||||||||||||||||||||||||||||||||||||||||||||
Steam Deck OLED GPU|/gpu-specs/steam-deck-oled-gpu.c4185|||||||||||||||||||||||||||||||||||||||||||||||||||||||||||
Playstation 5 Pro GPU|/gpu-specs/playstation-5-pro-gpu.c4232|||||||||||||||||||||||||||||||||||||||||||||||||||||||||||
Radeon 740M|/gpu-specs/radeon-740m.c4297|||||||||||||||||||||||||||||||||||||||||||||||||||||||||||
Radeon 760M|/gpu-specs/radeon-760m.c4248|||||||||||||||||||||||||||||||||||||||||||||||||||||||||||
Radeon 780M|/gpu-specs/radeon-780m.c4249|||||||||||||||||||||||||||||||||||||||||||||||||||||||||||
Radeon 880M|/gpu-specs/radeon-880m.c4225|||||||||||||||||||||||||||||||||||||||||||||||||||||||||||
Radeon 890M|/gpu-specs/radeon-890m.c4224|||||||||||||||||||||||||||||||||||||||||||||||||||||||||||
Radeon Instinct MI325X|/gpu-specs/radeon-instinct-mi325x.c4231|||||||||||||||||||||||||||||||||||||||||||||||||||||||||||
Radeon PRO V710|/gpu-specs/radeon-pro-v710.c4234|||||||||||||||||||||||||||||||||||||||||||||||||||||||||||
Radeon RX 7600 XT|/gpu-specs/radeon-rx-7600-xt.c4190|||||||||||||||||||||||||||||||||||||||||||||||||||||||||||
Radeon RX 7700|/gpu-specs/radeon-rx-7700.c4159|||||||||||||||||||||||||||||||||||||||||||||||||||||||||||
Radeon RX 7800M|/gpu-specs/radeon-rx-7800m.c4257|||||||||||||||||||||||||||||||||||||||||||||||||||||||||||
Xbox Series X 6nm GPU|/gpu-specs/xbox-series-x-6nm-gpu.c4240|||||||||||||||||||||||||||||||||||||||||||||||||||||||||||
Radeon 8050S|/gpu-specs/radeon-8050s.c4271|||||||||||||||||||||||||||||||||||||||||||||||||||||||||||
Radeon 8060S|/gpu-specs/radeon-8060s.c4270|||||||||||||||||||||||||||||||||||||||||||||||||||||||||||
Radeon 860M|/gpu-specs/radeon-860m.c4289|||||||||||||||||||||||||||||||||||||||||||||||||||||||||||
Radeon AI PRO R9700|/gpu-specs/radeon-ai-pro-r9700.c4290|||||||||||||||||||||||||||||||||||||||||||||||||||||||||||
Radeon Instinct MI350X|/gpu-specs/radeon-instinct-mi350x.c4308|||||||||||||||||||||||||||||||||||||||||||||||||||||||||||
Radeon Instinct MI355X|/gpu-specs/radeon-instinct-mi355x.c4309|||||||||||||||||||||||||||||||||||||||||||||||||||||||||||
Radeon RX 7650 GRE|/gpu-specs/radeon-rx-7650-gre.c4258|||||||||||||||||||||||||||||||||||||||||||||||||||||||||||
Radeon RX 9060 XT 16 GB|/gpu-specs/radeon-rx-9060-xt-16-gb.c4293|||||||||||||||||||||||||||||||||||||||||||||||||||||||||||
Radeon RX 9060 XT 8 GB|/gpu-specs/radeon-rx-9060-xt-8-gb.c4251|||||||||||||||||||||||||||||||||||||||||||||||||||||||||||
Radeon RX 9070|/gpu-specs/radeon-rx-9070.c4250|||||||||||||||||||||||||||||||||||||||||||||||||||||||||||
Radeon RX 9070 GRE|/gpu-specs/radeon-rx-9070-gre.c4291|||||||||||||||||||||||||||||||||||||||||||||||||||||||||||
Radeon RX 9070 XT|/gpu-specs/radeon-rx-9070-xt.c4229|||||||||||||||||||||||||||||||||||||||||||||||||||||||||||
Ryzen AI Z2 Extreme GPU|/gpu-specs/ryzen-ai-z2-extreme-gpu.c4305|||||||||||||||||||||||||||||||||||||||||||||||||||||||||||
Ryzen Z2 A GPU|/gpu-specs/ryzen-z2-a-gpu.c4306|||||||||||||||||||||||||||||||||||||||||||||||||||||||||||
Ryzen Z2 Extreme GPU|/gpu-specs/ryzen-z2-extreme-gpu.c4304|||||||||||||||||||||||||||||||||||||||||||||||||||||||||||
Ryzen Z2 Go GPU|/gpu-specs/ryzen-z2-go-gpu.c4307|||||||||||||||||||||||||||||||||||||||||||||||||||||||||||
Ryzen Z2 GPU|/gpu-specs/ryzen-z2-gpu.c4303|||||||||||||||||||||||||||||||||||||||||||||||||||||||||||
GeForce 305M|/gpu-specs/geforce-305m.c1481|||||||||||||||||||||||||||||||||||||||||||||||||||||||||||
GeForce 310M|/gpu-specs/geforce-310m.c2374|||||||||||||||||||||||||||||||||||||||||||||||||||||||||||
GeForce 310M|/gpu-specs/geforce-310m.c2375|||||||||||||||||||||||||||||||||||||||||||||||||||||||||||
GeForce 310M|/gpu-specs/geforce-310m.c1482|||||||||||||||||||||||||||||||||||||||||||||||||||||||||||
GeForce 315 OEM|/gpu-specs/geforce-315-oem.c609|||||||||||||||||||||||||||||||||||||||||||||||||||||||||||
GeForce 320M Mac Edition|/gpu-specs/geforce-320m-mac-edition.c1852|||||||||||||||||||||||||||||||||||||||||||||||||||||||||||
GeForce 405 OEM|/gpu-specs/geforce-405-oem.c3759|||||||||||||||||||||||||||||||||||||||||||||||||||||||||||
GeForce 405 OEM|/gpu-specs/geforce-405-oem.c2106|||||||||||||||||||||||||||||||||||||||||||||||||||||||||||
GeForce 405 OEM|/gpu-specs/geforce-405-oem.c604|||||||||||||||||||||||||||||||||||||||||||||||||||||||||||
GeForce 8400 GS Rev. 3|/gpu-specs/geforce-8400-gs-rev-3.c1993|||||||||||||||||||||||||||||||||||||||||||||||||||||||||||
GeForce 9500 GT Mac Edition|/gpu-specs/geforce-9500-gt-mac-edition.c2330|||||||||||||||||||||||||||||||||||||||||||||||||||||||||||
GeForce GT 220|/gpu-specs/geforce-gt-220.c2246|||||||||||||||||||||||||||||||||||||||||||||||||||||||||||
GeForce GT 240M LE|/gpu-specs/geforce-gt-240m-le.c2303|||||||||||||||||||||||||||||||||||||||||||||||||||||||||||
GeForce GT 320 OEM|/gpu-specs/geforce-gt-320-oem.c294|||||||||||||||||||||||||||||||||||||||||||||||||||||||||||
GeForce GT 320M|/gpu-specs/geforce-gt-320m.c2272|||||||||||||||||||||||||||||||||||||||||||||||||||||||||||
GeForce GT 325M|/gpu-specs/geforce-gt-325m.c1504|||||||||||||||||||||||||||||||||||||||||||||||||||||||||||
GeForce GT 330 OEM|/gpu-specs/geforce-gt-330-oem.c4054|||||||||||||||||||||||||||||||||||||||||||||||||||||||||||
GeForce GT 330 OEM|/gpu-specs/geforce-gt-330-oem.c3314|||||||||||||||||||||||||||||||||||||||||||||||||||||||||||
GeForce GT 330 OEM|/gpu-specs/geforce-gt-330-oem.c1758|||||||||||||||||||||||||||||||||||||||||||||||||||||||||||
GeForce GT 330 OEM|/gpu-specs/geforce-gt-330-oem.c1757|||||||||||||||||||||||||||||||||||||||||||||||||||||||||||
GeForce GT 330M|/gpu-specs/geforce-gt-330m.c3996|||||||||||||||||||||||||||||||||||||||||||||||||||||||||||
GeForce GT 330M|/gpu-specs/geforce-gt-330m.c3995|||||||||||||||||||||||||||||||||||||||||||||||||||||||||||
GeForce GT 330M|/gpu-specs/geforce-gt-330m.c1505|||||||||||||||||||||||||||||||||||||||||||||||||||||||||||
GeForce GT 330M Mac Edition|/gpu-specs/geforce-gt-330m-mac-edition.c2273|||||||||||||||||||||||||||||||||||||||||||||||||||||||||||
GeForce GT 335M|/gpu-specs/geforce-gt-335m.c1506|||||||||||||||||||||||||||||||||||||||||||||||||||||||||||
GeForce GT 340 OEM|/gpu-specs/geforce-gt-340-oem.c293|||||||||||||||||||||||||||||||||||||||||||||||||||||||||||
GeForce GT 415 OEM|/gpu-specs/geforce-gt-415-oem.c2105|||||||||||||||||||||||||||||||||||||||||||||||||||||||||||
GeForce GT 415M|/gpu-specs/geforce-gt-415m.c1496|||||||||||||||||||||||||||||||||||||||||||||||||||||||||||
GeForce GT 420 OEM|/gpu-specs/geforce-gt-420-oem.c259|||||||||||||||||||||||||||||||||||||||||||||||||||||||||||
GeForce GT 420M|/gpu-specs/geforce-gt-420m.c1497|||||||||||||||||||||||||||||||||||||||||||||||||||||||||||
GeForce GT 425M|/gpu-specs/geforce-gt-425m.c1498|||||||||||||||||||||||||||||||||||||||||||||||||||||||||||
GeForce GT 430|/gpu-specs/geforce-gt-430.c603|||||||||||||||||||||||||||||||||||||||||||||||||||||||||||
GeForce GT 430 OEM|/gpu-specs/geforce-gt-430-oem.c1957|||||||||||||||||||||||||||||||||||||||||||||||||||||||||||
GeForce GT 430 PCI|/gpu-specs/geforce-gt-430-pci.c3327|||||||||||||||||||||||||||||||||||||||||||||||||||||||||||
GeForce GT 435M|/gpu-specs/geforce-gt-435m.c1499|||||||||||||||||||||||||||||||||||||||||||||||||||||||||||
GeForce GT 440 OEM|/gpu-specs/geforce-gt-440-oem.c261|||||||||||||||||||||||||||||||||||||||||||||||||||||||||||
GeForce GT 445M|/gpu-specs/geforce-gt-445m.c1501|||||||||||||||||||||||||||||||||||||||||||||||||||||||||||
GeForce GT 445M|/gpu-specs/geforce-gt-445m.c1500|||||||||||||||||||||||||||||||||||||||||||||||||||||||||||
GeForce GTS 350M|/gpu-specs/geforce-gts-350m.c1314|||||||||||||||||||||||||||||||||||||||||||||||||||||||||||
GeForce GTS 360M|/gpu-specs/geforce-gts-360m.c939|||||||||||||||||||||||||||||||||||||||||||||||||||||||||||
GeForce GTS 450|/gpu-specs/geforce-gts-450.c1778|||||||||||||||||||||||||||||||||||||||||||||||||||||||||||
GeForce GTS 450 OEM|/gpu-specs/geforce-gts-450-oem.c3011|||||||||||||||||||||||||||||||||||||||||||||||||||||||||||
GeForce GTS 450 OEM|/gpu-specs/geforce-gts-450-oem.c599|||||||||||||||||||||||||||||||||||||||||||||||||||||||||||
GeForce GTX 275 PhysX Edition|/gpu-specs/geforce-gtx-275-physx-edition.c1951|||||||||||||||||||||||||||||||||||||||||||||||||||||||||||
GeForce GTX 285M|/gpu-specs/geforce-gtx-285m.c391|||||||||||||||||||||||||||||||||||||||||||||||||||||||||||
GeForce GTX 460|/gpu-specs/geforce-gtx-460.c2125|||||||||||||||||||||||||||||||||||||||||||||||||||||||||||
GeForce GTX 460|/gpu-specs/geforce-gtx-460.c265|||||||||||||||||||||||||||||||||||||||||||||||||||||||||||
GeForce GTX 460 OEM|/gpu-specs/geforce-gtx-460-oem.c1723|||||||||||||||||||||||||||||||||||||||||||||||||||||||||||
GeForce GTX 460 SE|/gpu-specs/geforce-gtx-460-se.c357|||||||||||||||||||||||||||||||||||||||||||||||||||||||||||
GeForce GTX 460 SE v2|/gpu-specs/geforce-gtx-460-se-v2.c1873|||||||||||||||||||||||||||||||||||||||||||||||||||||||||||
GeForce GTX 460M|/gpu-specs/geforce-gtx-460m.c1502|||||||||||||||||||||||||||||||||||||||||||||||||||||||||||
GeForce GTX 465|/gpu-specs/geforce-gtx-465.c266|||||||||||||||||||||||||||||||||||||||||||||||||||||||||||
GeForce GTX 470|/gpu-specs/geforce-gtx-470.c267|||||||||||||||||||||||||||||||||||||||||||||||||||||||||||
GeForce GTX 470 PhysX Edition|/gpu-specs/geforce-gtx-470-physx-edition.c1952|||||||||||||||||||||||||||||||||||||||||||||||||||||||||||
GeForce GTX 470 X2|/gpu-specs/geforce-gtx-470-x2.c3000|||||||||||||||||||||||||||||||||||||||||||||||||||||||||||
GeForce GTX 470M|/gpu-specs/geforce-gtx-470m.c1503|||||||||||||||||||||||||||||||||||||||||||||||||||||||||||
GeForce GTX 480|/gpu-specs/geforce-gtx-480.c268|||||||||||||||||||||||||||||||||||||||||||||||||||||||||||
GeForce GTX 480M|/gpu-specs/geforce-gtx-480m.c944|||||||||||||||||||||||||||||||||||||||||||||||||||||||||||
GeForce GTX 570|/gpu-specs/geforce-gtx-570.c269|||||||||||||||||||||||||||||||||||||||||||||||||||||||||||
GeForce GTX 570 Rev. 2|/gpu-specs/geforce-gtx-570-rev-2.c3189|||||||||||||||||||||||||||||||||||||||||||||||||||||||||||
GeForce GTX 580|/gpu-specs/geforce-gtx-580.c270|||||||||||||||||||||||||||||||||||||||||||||||||||||||||||
NVS 2100M|/gpu-specs/nvs-2100m.c1469|||||||||||||||||||||||||||||||||||||||||||||||||||||||||||
NVS 3100M|/gpu-specs/nvs-3100m.c1468|||||||||||||||||||||||||||||||||||||||||||||||||||||||||||
NVS 5100M|/gpu-specs/nvs-5100m.c1466|||||||||||||||||||||||||||||||||||||||||||||||||||||||||||
Quadro 2000|/gpu-specs/quadro-2000.c900|||||||||||||||||||||||||||||||||||||||||||||||||||||||||||
Quadro 4000|/gpu-specs/quadro-4000.c898|||||||||||||||||||||||||||||||||||||||||||||||||||||||||||
Quadro 5000M|/gpu-specs/quadro-5000m.c1396|||||||||||||||||||||||||||||||||||||||||||||||||||||||||||
Quadro 600|/gpu-specs/quadro-600.c1318|||||||||||||||||||||||||||||||||||||||||||||||||||||||||||
Quadro 6000|/gpu-specs/quadro-6000.c896|||||||||||||||||||||||||||||||||||||||||||||||||||||||||||
Quadro FX 380M|/gpu-specs/quadro-fx-380m.c1395|||||||||||||||||||||||||||||||||||||||||||||||||||||||||||
Quadro FX 880M|/gpu-specs/quadro-fx-880m.c1394|||||||||||||||||||||||||||||||||||||||||||||||||||||||||||
Tegra 2 GPU|/gpu-specs/tegra-2-gpu.c3225|||||||||||||||||||||||||||||||||||||||||||||||||||||||||||
GeForce 315 OEM|/gpu-specs/geforce-315-oem.c2271|||||||||||||||||||||||||||||||||||||||||||||||||||||||||||
GeForce 315 OEM|/gpu-specs/geforce-315-oem.c2107|||||||||||||||||||||||||||||||||||||||||||||||||||||||||||
GeForce 315M|/gpu-specs/geforce-315m.c1483|||||||||||||||||||||||||||||||||||||||||||||||||||||||||||
GeForce 405M|/gpu-specs/geforce-405m.c1484|||||||||||||||||||||||||||||||||||||||||||||||||||||||||||
GeForce 410M|/gpu-specs/geforce-410m.c1485|||||||||||||||||||||||||||||||||||||||||||||||||||||||||||
GeForce 510 OEM|/gpu-specs/geforce-510-oem.c360|||||||||||||||||||||||||||||||||||||||||||||||||||||||||||
GeForce 610|/gpu-specs/geforce-610.c2380|||||||||||||||||||||||||||||||||||||||||||||||||||||||||||
GeForce 610M|/gpu-specs/geforce-610m.c2113|||||||||||||||||||||||||||||||||||||||||||||||||||||||||||
GeForce 610M|/gpu-specs/geforce-610m.c2112|||||||||||||||||||||||||||||||||||||||||||||||||||||||||||
GeForce 610M|/gpu-specs/geforce-610m.c355|||||||||||||||||||||||||||||||||||||||||||||||||||||||||||
GeForce 9300 GS Rev. 2|/gpu-specs/geforce-9300-gs-rev-2.c2022|||||||||||||||||||||||||||||||||||||||||||||||||||||||||||
GeForce GT 435M|/gpu-specs/geforce-gt-435m.c2337|||||||||||||||||||||||||||||||||||||||||||||||||||||||||||
GeForce GT 440|/gpu-specs/geforce-gt-440.c600|||||||||||||||||||||||||||||||||||||||||||||||||||||||||||
GeForce GT 440 Mac Edition|/gpu-specs/geforce-gt-440-mac-edition.c2256|||||||||||||||||||||||||||||||||||||||||||||||||||||||||||
GeForce GT 520|/gpu-specs/geforce-gt-520.c285|||||||||||||||||||||||||||||||||||||||||||||||||||||||||||
GeForce GT 520 PCI|/gpu-specs/geforce-gt-520-pci.c913|||||||||||||||||||||||||||||||||||||||||||||||||||||||||||
GeForce GT 520 PCIe x1|/gpu-specs/geforce-gt-520-pcie-x1.c912|||||||||||||||||||||||||||||||||||||||||||||||||||||||||||
GeForce GT 520M|/gpu-specs/geforce-gt-520m.c3997|||||||||||||||||||||||||||||||||||||||||||||||||||||||||||
GeForce GT 520M|/gpu-specs/geforce-gt-520m.c1844|||||||||||||||||||||||||||||||||||||||||||||||||||||||||||
GeForce GT 520M|/gpu-specs/geforce-gt-520m.c1488|||||||||||||||||||||||||||||||||||||||||||||||||||||||||||
GeForce GT 520MX|/gpu-specs/geforce-gt-520mx.c1489|||||||||||||||||||||||||||||||||||||||||||||||||||||||||||
GeForce GT 525M|/gpu-specs/geforce-gt-525m.c3998|||||||||||||||||||||||||||||||||||||||||||||||||||||||||||
GeForce GT 525M|/gpu-specs/geforce-gt-525m.c1490|||||||||||||||||||||||||||||||||||||||||||||||||||||||||||
GeForce GT 530 OEM|/gpu-specs/geforce-gt-530-oem.c630|||||||||||||||||||||||||||||||||||||||||||||||||||||||||||
GeForce GT 540M|/gpu-specs/geforce-gt-540m.c702|||||||||||||||||||||||||||||||||||||||||||||||||||||||||||
GeForce GT 545|/gpu-specs/geforce-gt-545.c627|||||||||||||||||||||||||||||||||||||||||||||||||||||||||||
GeForce GT 545 OEM|/gpu-specs/geforce-gt-545-oem.c626|||||||||||||||||||||||||||||||||||||||||||||||||||||||||||
GeForce GT 550M|/gpu-specs/geforce-gt-550m.c4000|||||||||||||||||||||||||||||||||||||||||||||||||||||||||||
GeForce GT 550M|/gpu-specs/geforce-gt-550m.c1491|||||||||||||||||||||||||||||||||||||||||||||||||||||||||||
GeForce GT 555M|/gpu-specs/geforce-gt-555m.c2225|||||||||||||||||||||||||||||||||||||||||||||||||||||||||||
GeForce GT 555M|/gpu-specs/geforce-gt-555m.c1494|||||||||||||||||||||||||||||||||||||||||||||||||||||||||||
GeForce GT 555M|/gpu-specs/geforce-gt-555m.c1492|||||||||||||||||||||||||||||||||||||||||||||||||||||||||||
GeForce GT 555M 3 GB|/gpu-specs/geforce-gt-555m-3-gb.c1493|||||||||||||||||||||||||||||||||||||||||||||||||||||||||||
GeForce GTS 450 Rev. 2|/gpu-specs/geforce-gts-450-rev-2.c595|||||||||||||||||||||||||||||||||||||||||||||||||||||||||||
GeForce GTX 460 v2|/gpu-specs/geforce-gtx-460-v2.c356|||||||||||||||||||||||||||||||||||||||||||||||||||||||||||
GeForce GTX 460 v2 ES|/gpu-specs/geforce-gtx-460-v2-es.c3359|||||||||||||||||||||||||||||||||||||||||||||||||||||||||||
GeForce GTX 460 X2|/gpu-specs/geforce-gtx-460-x2.c1928|||||||||||||||||||||||||||||||||||||||||||||||||||||||||||
GeForce GTX 480 Core 512|/gpu-specs/geforce-gtx-480-core-512.c1930|||||||||||||||||||||||||||||||||||||||||||||||||||||||||||
GeForce GTX 485M|/gpu-specs/geforce-gtx-485m.c390|||||||||||||||||||||||||||||||||||||||||||||||||||||||||||
GeForce GTX 490|/gpu-specs/geforce-gtx-490.c3332|||||||||||||||||||||||||||||||||||||||||||||||||||||||||||
GeForce GTX 550 Ti|/gpu-specs/geforce-gtx-550-ti.c274|||||||||||||||||||||||||||||||||||||||||||||||||||||||||||
GeForce GTX 555 OEM|/gpu-specs/geforce-gtx-555-oem.c882|||||||||||||||||||||||||||||||||||||||||||||||||||||||||||
GeForce GTX 560|/gpu-specs/geforce-gtx-560.c287|||||||||||||||||||||||||||||||||||||||||||||||||||||||||||
GeForce GTX 560 OEM|/gpu-specs/geforce-gtx-560-oem.c891|||||||||||||||||||||||||||||||||||||||||||||||||||||||||||
GeForce GTX 560 Ti|/gpu-specs/geforce-gtx-560-ti.c273|||||||||||||||||||||||||||||||||||||||||||||||||||||||||||
GeForce GTX 560 Ti 448|/gpu-specs/geforce-gtx-560-ti-448.c289|||||||||||||||||||||||||||||||||||||||||||||||||||||||||||
GeForce GTX 560 Ti OEM|/gpu-specs/geforce-gtx-560-ti-oem.c2434|||||||||||||||||||||||||||||||||||||||||||||||||||||||||||
GeForce GTX 560 Ti OEM|/gpu-specs/geforce-gtx-560-ti-oem.c623|||||||||||||||||||||||||||||||||||||||||||||||||||||||||||
GeForce GTX 560 Ti X2|/gpu-specs/geforce-gtx-560-ti-x2.c1927|||||||||||||||||||||||||||||||||||||||||||||||||||||||||||
GeForce GTX 560M|/gpu-specs/geforce-gtx-560m.c936|||||||||||||||||||||||||||||||||||||||||||||||||||||||||||
GeForce GTX 570M|/gpu-specs/geforce-gtx-570m.c1495|||||||||||||||||||||||||||||||||||||||||||||||||||||||||||
GeForce GTX 580 Rev. 2|/gpu-specs/geforce-gtx-580-rev-2.c3009|||||||||||||||||||||||||||||||||||||||||||||||||||||||||||
GeForce GTX 580M|/gpu-specs/geforce-gtx-580m.c940|||||||||||||||||||||||||||||||||||||||||||||||||||||||||||
GeForce GTX 590|/gpu-specs/geforce-gtx-590.c281|||||||||||||||||||||||||||||||||||||||||||||||||||||||||||
NVS 300|/gpu-specs/nvs-300.c1452|||||||||||||||||||||||||||||||||||||||||||||||||||||||||||
NVS 4200M|/gpu-specs/nvs-4200m.c1741|||||||||||||||||||||||||||||||||||||||||||||||||||||||||||
Quadro 1000M|/gpu-specs/quadro-1000m.c1431|||||||||||||||||||||||||||||||||||||||||||||||||||||||||||
Quadro 2000D|/gpu-specs/quadro-2000d.c901|||||||||||||||||||||||||||||||||||||||||||||||||||||||||||
Quadro 2000M|/gpu-specs/quadro-2000m.c1430|||||||||||||||||||||||||||||||||||||||||||||||||||||||||||
Quadro 3000M|/gpu-specs/quadro-3000m.c1429|||||||||||||||||||||||||||||||||||||||||||||||||||||||||||
Quadro 3000M X2|/gpu-specs/quadro-3000m-x2.c4124|||||||||||||||||||||||||||||||||||||||||||||||||||||||||||
Quadro 400|/gpu-specs/quadro-400.c1317|||||||||||||||||||||||||||||||||||||||||||||||||||||||||||
Quadro 4000 Mac Edition|/gpu-specs/quadro-4000-mac-edition.c899|||||||||||||||||||||||||||||||||||||||||||||||||||||||||||
Quadro 4000M|/gpu-specs/quadro-4000m.c1428|||||||||||||||||||||||||||||||||||||||||||||||||||||||||||
Quadro 5000|/gpu-specs/quadro-5000.c897|||||||||||||||||||||||||||||||||||||||||||||||||||||||||||
Quadro 5000 SDI|/gpu-specs/quadro-5000-sdi.c2438|||||||||||||||||||||||||||||||||||||||||||||||||||||||||||
Quadro 500M|/gpu-specs/quadro-500m.c1432|||||||||||||||||||||||||||||||||||||||||||||||||||||||||||
Quadro 5010M|/gpu-specs/quadro-5010m.c1427|||||||||||||||||||||||||||||||||||||||||||||||||||||||||||
Quadro 6000 SDI|/gpu-specs/quadro-6000-sdi.c2141|||||||||||||||||||||||||||||||||||||||||||||||||||||||||||
Quadro Plex 7000|/gpu-specs/quadro-plex-7000.c902|||||||||||||||||||||||||||||||||||||||||||||||||||||||||||
Tegra 3 GPU|/gpu-specs/tegra-3-gpu.c3226|||||||||||||||||||||||||||||||||||||||||||||||||||||||||||
Tesla C2050|/gpu-specs/tesla-c2050.c923|||||||||||||||||||||||||||||||||||||||||||||||||||||||||||
Tesla C2070|/gpu-specs/tesla-c2070.c924|||||||||||||||||||||||||||||||||||||||||||||||||||||||||||
Tesla C2075|/gpu-specs/tesla-c2075.c563|||||||||||||||||||||||||||||||||||||||||||||||||||||||||||
Tesla C2090|/gpu-specs/tesla-c2090.c2317|||||||||||||||||||||||||||||||||||||||||||||||||||||||||||
Tesla M2050|/gpu-specs/tesla-m2050.c1534|||||||||||||||||||||||||||||||||||||||||||||||||||||||||||
Tesla M2070|/gpu-specs/tesla-m2070.c1535|||||||||||||||||||||||||||||||||||||||||||||||||||||||||||
Tesla M2070-Q|/gpu-specs/tesla-m2070-q.c1536|||||||||||||||||||||||||||||||||||||||||||||||||||||||||||
Tesla M2075|/gpu-specs/tesla-m2075.c2025|||||||||||||||||||||||||||||||||||||||||||||||||||||||||||
Tesla M2090|/gpu-specs/tesla-m2090.c1537|||||||||||||||||||||||||||||||||||||||||||||||||||||||||||
Tesla S2050|/gpu-specs/tesla-s2050.c1538|||||||||||||||||||||||||||||||||||||||||||||||||||||||||||
Tesla X2070|/gpu-specs/tesla-x2070.c2024|||||||||||||||||||||||||||||||||||||||||||||||||||||||||||
Tesla X2090|/gpu-specs/tesla-x2090.c1887|||||||||||||||||||||||||||||||||||||||||||||||||||||||||||
GeForce 605 OEM|/gpu-specs/geforce-605-oem.c359|||||||||||||||||||||||||||||||||||||||||||||||||||||||||||
GeForce 615 OEM|/gpu-specs/geforce-615-oem.c2145|||||||||||||||||||||||||||||||||||||||||||||||||||||||||||
GeForce 620M|/gpu-specs/geforce-620m.c2382|||||||||||||||||||||||||||||||||||||||||||||||||||||||||||
GeForce 9400 GT Rev. 3|/gpu-specs/geforce-9400-gt-rev-3.c2338|||||||||||||||||||||||||||||||||||||||||||||||||||||||||||
GeForce GT 520 OEM|/gpu-specs/geforce-gt-520-oem.c2281|||||||||||||||||||||||||||||||||||||||||||||||||||||||||||
GeForce GT 520 OEM|/gpu-specs/geforce-gt-520-oem.c1747|||||||||||||||||||||||||||||||||||||||||||||||||||||||||||
GeForce GT 550M|/gpu-specs/geforce-gt-550m.c3999|||||||||||||||||||||||||||||||||||||||||||||||||||||||||||
GeForce GT 555M 2 GB|/gpu-specs/geforce-gt-555m-2-gb.c1955|||||||||||||||||||||||||||||||||||||||||||||||||||||||||||
GeForce GT 555M 3 GB|/gpu-specs/geforce-gt-555m-3-gb.c4001|||||||||||||||||||||||||||||||||||||||||||||||||||||||||||
GeForce GT 610|/gpu-specs/geforce-gt-610.c821|||||||||||||||||||||||||||||||||||||||||||||||||||||||||||
GeForce GT 610 OEM|/gpu-specs/geforce-gt-610-oem.c2282|||||||||||||||||||||||||||||||||||||||||||||||||||||||||||
GeForce GT 610 PCI|/gpu-specs/geforce-gt-610-pci.c914|||||||||||||||||||||||||||||||||||||||||||||||||||||||||||
GeForce GT 610 PCIe x1|/gpu-specs/geforce-gt-610-pcie-x1.c925|||||||||||||||||||||||||||||||||||||||||||||||||||||||||||
GeForce GT 620|/gpu-specs/geforce-gt-620.c820|||||||||||||||||||||||||||||||||||||||||||||||||||||||||||
GeForce GT 620 OEM|/gpu-specs/geforce-gt-620-oem.c358|||||||||||||||||||||||||||||||||||||||||||||||||||||||||||
GeForce GT 620M|/gpu-specs/geforce-gt-620m.c2226|||||||||||||||||||||||||||||||||||||||||||||||||||||||||||
GeForce GT 620M|/gpu-specs/geforce-gt-620m.c354|||||||||||||||||||||||||||||||||||||||||||||||||||||||||||
GeForce GT 625M|/gpu-specs/geforce-gt-625m.c1411|||||||||||||||||||||||||||||||||||||||||||||||||||||||||||
GeForce GT 630|/gpu-specs/geforce-gt-630.c816|||||||||||||||||||||||||||||||||||||||||||||||||||||||||||
GeForce GT 630 OEM|/gpu-specs/geforce-gt-630-oem.c818|||||||||||||||||||||||||||||||||||||||||||||||||||||||||||
GeForce GT 630M|/gpu-specs/geforce-gt-630m.c2302|||||||||||||||||||||||||||||||||||||||||||||||||||||||||||
GeForce GT 630M|/gpu-specs/geforce-gt-630m.c555|||||||||||||||||||||||||||||||||||||||||||||||||||||||||||
GeForce GT 630M|/gpu-specs/geforce-gt-630m.c353|||||||||||||||||||||||||||||||||||||||||||||||||||||||||||
GeForce GT 635M|/gpu-specs/geforce-gt-635m.c3017|||||||||||||||||||||||||||||||||||||||||||||||||||||||||||
GeForce GT 635M|/gpu-specs/geforce-gt-635m.c2232|||||||||||||||||||||||||||||||||||||||||||||||||||||||||||
GeForce GT 635M|/gpu-specs/geforce-gt-635m.c558|||||||||||||||||||||||||||||||||||||||||||||||||||||||||||
GeForce GT 635M|/gpu-specs/geforce-gt-635m.c352|||||||||||||||||||||||||||||||||||||||||||||||||||||||||||
GeForce GT 640|/gpu-specs/geforce-gt-640.c813|||||||||||||||||||||||||||||||||||||||||||||||||||||||||||
GeForce GT 640 OEM|/gpu-specs/geforce-gt-640-oem.c812|||||||||||||||||||||||||||||||||||||||||||||||||||||||||||
GeForce GT 640 OEM Rebrand|/gpu-specs/geforce-gt-640-oem-rebrand.c814|||||||||||||||||||||||||||||||||||||||||||||||||||||||||||
GeForce GT 640M|/gpu-specs/geforce-gt-640m.c347|||||||||||||||||||||||||||||||||||||||||||||||||||||||||||
GeForce GT 640M LE|/gpu-specs/geforce-gt-640m-le.c350|||||||||||||||||||||||||||||||||||||||||||||||||||||||||||
GeForce GT 640M LE|/gpu-specs/geforce-gt-640m-le.c349|||||||||||||||||||||||||||||||||||||||||||||||||||||||||||
GeForce GT 645 OEM|/gpu-specs/geforce-gt-645-oem.c363|||||||||||||||||||||||||||||||||||||||||||||||||||||||||||
GeForce GT 645M|/gpu-specs/geforce-gt-645m.c1412|||||||||||||||||||||||||||||||||||||||||||||||||||||||||||
GeForce GT 650M|/gpu-specs/geforce-gt-650m.c547|||||||||||||||||||||||||||||||||||||||||||||||||||||||||||
GeForce GT 650M Mac Edition|/gpu-specs/geforce-gt-650m-mac-edition.c550|||||||||||||||||||||||||||||||||||||||||||||||||||||||||||
GeForce GTS 450 Rev. 3|/gpu-specs/geforce-gts-450-rev-3.c2043|||||||||||||||||||||||||||||||||||||||||||||||||||||||||||
GeForce GTX 560 SE|/gpu-specs/geforce-gtx-560-se.c341|||||||||||||||||||||||||||||||||||||||||||||||||||||||||||
GeForce GTX 650|/gpu-specs/geforce-gtx-650.c894|||||||||||||||||||||||||||||||||||||||||||||||||||||||||||
GeForce GTX 650 Ti|/gpu-specs/geforce-gtx-650-ti.c1188|||||||||||||||||||||||||||||||||||||||||||||||||||||||||||
GeForce GTX 660|/gpu-specs/geforce-gtx-660.c895|||||||||||||||||||||||||||||||||||||||||||||||||||||||||||
GeForce GTX 660 OEM|/gpu-specs/geforce-gtx-660-oem.c1961|||||||||||||||||||||||||||||||||||||||||||||||||||||||||||
GeForce GTX 660 OEM|/gpu-specs/geforce-gtx-660-oem.c807|||||||||||||||||||||||||||||||||||||||||||||||||||||||||||
GeForce GTX 660 Ti|/gpu-specs/geforce-gtx-660-ti.c364|||||||||||||||||||||||||||||||||||||||||||||||||||||||||||
GeForce GTX 660M|/gpu-specs/geforce-gtx-660m.c345|||||||||||||||||||||||||||||||||||||||||||||||||||||||||||
GeForce GTX 670|/gpu-specs/geforce-gtx-670.c362|||||||||||||||||||||||||||||||||||||||||||||||||||||||||||
GeForce GTX 670M|/gpu-specs/geforce-gtx-670m.c548|||||||||||||||||||||||||||||||||||||||||||||||||||||||||||
GeForce GTX 670MX|/gpu-specs/geforce-gtx-670mx.c1413|||||||||||||||||||||||||||||||||||||||||||||||||||||||||||
GeForce GTX 675M|/gpu-specs/geforce-gtx-675m.c343|||||||||||||||||||||||||||||||||||||||||||||||||||||||||||
GeForce GTX 675MX|/gpu-specs/geforce-gtx-675mx.c1414|||||||||||||||||||||||||||||||||||||||||||||||||||||||||||
GeForce GTX 680|/gpu-specs/geforce-gtx-680.c342|||||||||||||||||||||||||||||||||||||||||||||||||||||||||||
GeForce GTX 680M|/gpu-specs/geforce-gtx-680m.c344|||||||||||||||||||||||||||||||||||||||||||||||||||||||||||
GeForce GTX 680MX Mac Edition|/gpu-specs/geforce-gtx-680mx-mac-edition.c2274|||||||||||||||||||||||||||||||||||||||||||||||||||||||||||
GeForce GTX 690|/gpu-specs/geforce-gtx-690.c361|||||||||||||||||||||||||||||||||||||||||||||||||||||||||||
NVS 1000|/gpu-specs/nvs-1000.c2311|||||||||||||||||||||||||||||||||||||||||||||||||||||||||||
NVS 310|/gpu-specs/nvs-310.c1451|||||||||||||||||||||||||||||||||||||||||||||||||||||||||||
NVS 510|/gpu-specs/nvs-510.c1868|||||||||||||||||||||||||||||||||||||||||||||||||||||||||||
NVS 5200M|/gpu-specs/nvs-5200m.c2099|||||||||||||||||||||||||||||||||||||||||||||||||||||||||||
NVS 5200M|/gpu-specs/nvs-5200m.c1743|||||||||||||||||||||||||||||||||||||||||||||||||||||||||||
NVS 5400M|/gpu-specs/nvs-5400m.c1742|||||||||||||||||||||||||||||||||||||||||||||||||||||||||||
Playstation 3 GPU 40nm|/gpu-specs/playstation-3-gpu-40nm.c2554|||||||||||||||||||||||||||||||||||||||||||||||||||||||||||
Quadro 410|/gpu-specs/quadro-410.c1316|||||||||||||||||||||||||||||||||||||||||||||||||||||||||||
Quadro 7000|/gpu-specs/quadro-7000.c1840|||||||||||||||||||||||||||||||||||||||||||||||||||||||||||
Quadro K1000M|/gpu-specs/quadro-k1000m.c1425|||||||||||||||||||||||||||||||||||||||||||||||||||||||||||
Quadro K2000M|/gpu-specs/quadro-k2000m.c1424|||||||||||||||||||||||||||||||||||||||||||||||||||||||||||
Quadro K2000M Embedded|/gpu-specs/quadro-k2000m-embedded.c4117|||||||||||||||||||||||||||||||||||||||||||||||||||||||||||
Quadro K3000M|/gpu-specs/quadro-k3000m.c1423|||||||||||||||||||||||||||||||||||||||||||||||||||||||||||
Quadro K4000M|/gpu-specs/quadro-k4000m.c1422|||||||||||||||||||||||||||||||||||||||||||||||||||||||||||
Quadro K5000|/gpu-specs/quadro-k5000.c565|||||||||||||||||||||||||||||||||||||||||||||||||||||||||||
Quadro K5000 Mac Edition|/gpu-specs/quadro-k5000-mac-edition.c1325|||||||||||||||||||||||||||||||||||||||||||||||||||||||||||
Quadro K5000M|/gpu-specs/quadro-k5000m.c1397|||||||||||||||||||||||||||||||||||||||||||||||||||||||||||
Quadro K500M|/gpu-specs/quadro-k500m.c1426|||||||||||||||||||||||||||||||||||||||||||||||||||||||||||
Tesla K10|/gpu-specs/tesla-k10.c918|||||||||||||||||||||||||||||||||||||||||||||||||||||||||||
Tesla K20c|/gpu-specs/tesla-k20c.c564|||||||||||||||||||||||||||||||||||||||||||||||||||||||||||
Tesla K20X|/gpu-specs/tesla-k20x.c2315|||||||||||||||||||||||||||||||||||||||||||||||||||||||||||
Tesla K20Xm|/gpu-specs/tesla-k20xm.c1884|||||||||||||||||||||||||||||||||||||||||||||||||||||||||||
GeForce 505 OEM|/gpu-specs/geforce-505-oem.c2060|||||||||||||||||||||||||||||||||||||||||||||||||||||||||||
GeForce 505 OEM|/gpu-specs/geforce-505-oem.c1998|||||||||||||||||||||||||||||||||||||||||||||||||||||||||||
GeForce 705A|/gpu-specs/geforce-705a.c2519|||||||||||||||||||||||||||||||||||||||||||||||||||||||||||
GeForce 705M|/gpu-specs/geforce-705m.c2492|||||||||||||||||||||||||||||||||||||||||||||||||||||||||||
GeForce 710A|/gpu-specs/geforce-710a.c2384|||||||||||||||||||||||||||||||||||||||||||||||||||||||||||
GeForce 710M|/gpu-specs/geforce-710m.c2433|||||||||||||||||||||||||||||||||||||||||||||||||||||||||||
GeForce 710M|/gpu-specs/geforce-710m.c2017|||||||||||||||||||||||||||||||||||||||||||||||||||||||||||
GeForce 820M|/gpu-specs/geforce-820m.c2524|||||||||||||||||||||||||||||||||||||||||||||||||||||||||||
GeForce GT 625 OEM|/gpu-specs/geforce-gt-625-oem.c2058|||||||||||||||||||||||||||||||||||||||||||||||||||||||||||
GeForce GT 630 Rev. 2|/gpu-specs/geforce-gt-630-rev-2.c2376|||||||||||||||||||||||||||||||||||||||||||||||||||||||||||
GeForce GT 630 Rev. 2 PCIe x8|/gpu-specs/geforce-gt-630-rev-2-pcie-x8.c2396|||||||||||||||||||||||||||||||||||||||||||||||||||||||||||
GeForce GT 635 OEM|/gpu-specs/geforce-gt-635-oem.c2041|||||||||||||||||||||||||||||||||||||||||||||||||||||||||||
GeForce GT 640 Rev. 2|/gpu-specs/geforce-gt-640-rev-2.c2377|||||||||||||||||||||||||||||||||||||||||||||||||||||||||||
GeForce GT 640M Mac Edition|/gpu-specs/geforce-gt-640m-mac-edition.c2227|||||||||||||||||||||||||||||||||||||||||||||||||||||||||||
GeForce GT 710M|/gpu-specs/geforce-gt-710m.c2383|||||||||||||||||||||||||||||||||||||||||||||||||||||||||||
GeForce GT 720M|/gpu-specs/geforce-gt-720m.c2444|||||||||||||||||||||||||||||||||||||||||||||||||||||||||||
GeForce GT 720M|/gpu-specs/geforce-gt-720m.c2297|||||||||||||||||||||||||||||||||||||||||||||||||||||||||||
GeForce GT 730M|/gpu-specs/geforce-gt-730m.c1914|||||||||||||||||||||||||||||||||||||||||||||||||||||||||||
GeForce GT 735M|/gpu-specs/geforce-gt-735m.c2300|||||||||||||||||||||||||||||||||||||||||||||||||||||||||||
GeForce GT 740A|/gpu-specs/geforce-gt-740a.c2456|||||||||||||||||||||||||||||||||||||||||||||||||||||||||||
GeForce GT 740M|/gpu-specs/geforce-gt-740m.c2310|||||||||||||||||||||||||||||||||||||||||||||||||||||||||||
GeForce GT 740M|/gpu-specs/geforce-gt-740m.c2299|||||||||||||||||||||||||||||||||||||||||||||||||||||||||||
GeForce GT 745A|/gpu-specs/geforce-gt-745a.c2457|||||||||||||||||||||||||||||||||||||||||||||||||||||||||||
GeForce GT 745M|/gpu-specs/geforce-gt-745m.c2320|||||||||||||||||||||||||||||||||||||||||||||||||||||||||||
GeForce GT 745M|/gpu-specs/geforce-gt-745m.c2298|||||||||||||||||||||||||||||||||||||||||||||||||||||||||||
GeForce GT 750M|/gpu-specs/geforce-gt-750m.c2224|||||||||||||||||||||||||||||||||||||||||||||||||||||||||||
GeForce GT 750M Mac Edition|/gpu-specs/geforce-gt-750m-mac-edition.c2527|||||||||||||||||||||||||||||||||||||||||||||||||||||||||||
GeForce GT 755M|/gpu-specs/geforce-gt-755m.c2420|||||||||||||||||||||||||||||||||||||||||||||||||||||||||||
GeForce GT 755M Mac Edition|/gpu-specs/geforce-gt-755m-mac-edition.c2525|||||||||||||||||||||||||||||||||||||||||||||||||||||||||||
GeForce GTX 645 OEM|/gpu-specs/geforce-gtx-645-oem.c2359|||||||||||||||||||||||||||||||||||||||||||||||||||||||||||
GeForce GTX 650|/gpu-specs/geforce-gtx-650.c2445|||||||||||||||||||||||||||||||||||||||||||||||||||||||||||
GeForce GTX 650 Ti Boost|/gpu-specs/geforce-gtx-650-ti-boost.c2059|||||||||||||||||||||||||||||||||||||||||||||||||||||||||||
GeForce GTX 650 Ti OEM|/gpu-specs/geforce-gtx-650-ti-oem.c2301|||||||||||||||||||||||||||||||||||||||||||||||||||||||||||
GeForce GTX 660M Mac Edition|/gpu-specs/geforce-gtx-660m-mac-edition.c2318|||||||||||||||||||||||||||||||||||||||||||||||||||||||||||
GeForce GTX 675MX Mac Edition|/gpu-specs/geforce-gtx-675mx-mac-edition.c2304|||||||||||||||||||||||||||||||||||||||||||||||||||||||||||
GeForce GTX 680 Mac Edition|/gpu-specs/geforce-gtx-680-mac-edition.c2323|||||||||||||||||||||||||||||||||||||||||||||||||||||||||||
GeForce GTX 760|/gpu-specs/geforce-gtx-760.c1857|||||||||||||||||||||||||||||||||||||||||||||||||||||||||||
GeForce GTX 760 OEM|/gpu-specs/geforce-gtx-760-oem.c2455|||||||||||||||||||||||||||||||||||||||||||||||||||||||||||
GeForce GTX 760 OEM Rebrand|/gpu-specs/geforce-gtx-760-oem-rebrand.c2454|||||||||||||||||||||||||||||||||||||||||||||||||||||||||||
GeForce GTX 760 Ti OEM|/gpu-specs/geforce-gtx-760-ti-oem.c2491|||||||||||||||||||||||||||||||||||||||||||||||||||||||||||
GeForce GTX 760 Ti OEM Rebrand|/gpu-specs/geforce-gtx-760-ti-oem-rebrand.c2453|||||||||||||||||||||||||||||||||||||||||||||||||||||||||||
GeForce GTX 760 X2|/gpu-specs/geforce-gtx-760-x2.c2521|||||||||||||||||||||||||||||||||||||||||||||||||||||||||||
GeForce GTX 760M|/gpu-specs/geforce-gtx-760m.c2305|||||||||||||||||||||||||||||||||||||||||||||||||||||||||||
GeForce GTX 765M|/gpu-specs/geforce-gtx-765m.c2306|||||||||||||||||||||||||||||||||||||||||||||||||||||||||||
GeForce GTX 770|/gpu-specs/geforce-gtx-770.c1856|||||||||||||||||||||||||||||||||||||||||||||||||||||||||||
GeForce GTX 770M|/gpu-specs/geforce-gtx-770m.c2129|||||||||||||||||||||||||||||||||||||||||||||||||||||||||||
GeForce GTX 775M Mac Edition|/gpu-specs/geforce-gtx-775m-mac-edition.c2381|||||||||||||||||||||||||||||||||||||||||||||||||||||||||||
GeForce GTX 780|/gpu-specs/geforce-gtx-780.c1701|||||||||||||||||||||||||||||||||||||||||||||||||||||||||||
GeForce GTX 780 6 GB|/gpu-specs/geforce-gtx-780-6-gb.c2707|||||||||||||||||||||||||||||||||||||||||||||||||||||||||||
GeForce GTX 780 Rev. 2|/gpu-specs/geforce-gtx-780-rev-2.c2513|||||||||||||||||||||||||||||||||||||||||||||||||||||||||||
GeForce GTX 780 Ti|/gpu-specs/geforce-gtx-780-ti.c2512|||||||||||||||||||||||||||||||||||||||||||||||||||||||||||
GeForce GTX 780 Ti 6 GB|/gpu-specs/geforce-gtx-780-ti-6-gb.c3302|||||||||||||||||||||||||||||||||||||||||||||||||||||||||||
GeForce GTX 780 Ti Engineering Sample|/gpu-specs/geforce-gtx-780-ti-engineering-sample.c4203|||||||||||||||||||||||||||||||||||||||||||||||||||||||||||
GeForce GTX 780M|/gpu-specs/geforce-gtx-780m.c2128|||||||||||||||||||||||||||||||||||||||||||||||||||||||||||
GeForce GTX 780M Mac Edition|/gpu-specs/geforce-gtx-780m-mac-edition.c2526|||||||||||||||||||||||||||||||||||||||||||||||||||||||||||
GeForce GTX TITAN|/gpu-specs/geforce-gtx-titan.c1996|||||||||||||||||||||||||||||||||||||||||||||||||||||||||||
GRID K1|/gpu-specs/grid-k1.c1699|||||||||||||||||||||||||||||||||||||||||||||||||||||||||||
GRID K100|/gpu-specs/grid-k100.c2486|||||||||||||||||||||||||||||||||||||||||||||||||||||||||||
GRID K140Q|/gpu-specs/grid-k140q.c2485|||||||||||||||||||||||||||||||||||||||||||||||||||||||||||
GRID K160Q|/gpu-specs/grid-k160q.c2667|||||||||||||||||||||||||||||||||||||||||||||||||||||||||||
GRID K180Q|/gpu-specs/grid-k180q.c2668|||||||||||||||||||||||||||||||||||||||||||||||||||||||||||
GRID K2|/gpu-specs/grid-k2.c1700|||||||||||||||||||||||||||||||||||||||||||||||||||||||||||
GRID K200|/gpu-specs/grid-k200.c2490|||||||||||||||||||||||||||||||||||||||||||||||||||||||||||
GRID K240Q|/gpu-specs/grid-k240q.c2489|||||||||||||||||||||||||||||||||||||||||||||||||||||||||||
GRID K260Q|/gpu-specs/grid-k260q.c2488|||||||||||||||||||||||||||||||||||||||||||||||||||||||||||
GRID K280Q|/gpu-specs/grid-k280q.c2487|||||||||||||||||||||||||||||||||||||||||||||||||||||||||||
GRID K340|/gpu-specs/grid-k340.c2313|||||||||||||||||||||||||||||||||||||||||||||||||||||||||||
GRID K520|/gpu-specs/grid-k520.c2312|||||||||||||||||||||||||||||||||||||||||||||||||||||||||||
NVS 315|/gpu-specs/nvs-315.c2147|||||||||||||||||||||||||||||||||||||||||||||||||||||||||||
Playstation 3 GPU 28nm|/gpu-specs/playstation-3-gpu-28nm.c3498|||||||||||||||||||||||||||||||||||||||||||||||||||||||||||
Quadro K1100M|/gpu-specs/quadro-k1100m.c2430|||||||||||||||||||||||||||||||||||||||||||||||||||||||||||
Quadro K2000|/gpu-specs/quadro-k2000.c1838|||||||||||||||||||||||||||||||||||||||||||||||||||||||||||
Quadro K2000D|/gpu-specs/quadro-k2000d.c2021|||||||||||||||||||||||||||||||||||||||||||||||||||||||||||
Quadro K2100M|/gpu-specs/quadro-k2100m.c2429|||||||||||||||||||||||||||||||||||||||||||||||||||||||||||
Quadro K3100M|/gpu-specs/quadro-k3100m.c2428|||||||||||||||||||||||||||||||||||||||||||||||||||||||||||
Quadro K4000|/gpu-specs/quadro-k4000.c1841|||||||||||||||||||||||||||||||||||||||||||||||||||||||||||
Quadro K4100M|/gpu-specs/quadro-k4100m.c2427|||||||||||||||||||||||||||||||||||||||||||||||||||||||||||
Quadro K5000 SYNC|/gpu-specs/quadro-k5000-sync.c2437|||||||||||||||||||||||||||||||||||||||||||||||||||||||||||
Quadro K5100M|/gpu-specs/quadro-k5100m.c2425|||||||||||||||||||||||||||||||||||||||||||||||||||||||||||
Quadro K510M|/gpu-specs/quadro-k510m.c2432|||||||||||||||||||||||||||||||||||||||||||||||||||||||||||
Quadro K600|/gpu-specs/quadro-k600.c1839|||||||||||||||||||||||||||||||||||||||||||||||||||||||||||
Quadro K6000|/gpu-specs/quadro-k6000.c2426|||||||||||||||||||||||||||||||||||||||||||||||||||||||||||
Quadro K6000 SDI|/gpu-specs/quadro-k6000-sdi.c2436|||||||||||||||||||||||||||||||||||||||||||||||||||||||||||
Quadro K610M|/gpu-specs/quadro-k610m.c2431|||||||||||||||||||||||||||||||||||||||||||||||||||||||||||
Tegra 4 GPU|/gpu-specs/tegra-4-gpu.c3227|||||||||||||||||||||||||||||||||||||||||||||||||||||||||||
Tegra 4i GPU|/gpu-specs/tegra-4i-gpu.c3228|||||||||||||||||||||||||||||||||||||||||||||||||||||||||||
Tesla K20m|/gpu-specs/tesla-k20m.c2029|||||||||||||||||||||||||||||||||||||||||||||||||||||||||||
Tesla K20s|/gpu-specs/tesla-k20s.c2044|||||||||||||||||||||||||||||||||||||||||||||||||||||||||||
Tesla K40c|/gpu-specs/tesla-k40c.c2505|||||||||||||||||||||||||||||||||||||||||||||||||||||||||||
Tesla K40d|/gpu-specs/tesla-k40d.c3402|||||||||||||||||||||||||||||||||||||||||||||||||||||||||||
Tesla K40m|/gpu-specs/tesla-k40m.c2529|||||||||||||||||||||||||||||||||||||||||||||||||||||||||||
Tesla K40s|/gpu-specs/tesla-k40s.c2528|||||||||||||||||||||||||||||||||||||||||||||||||||||||||||
Tesla K40st|/gpu-specs/tesla-k40st.c2530|||||||||||||||||||||||||||||||||||||||||||||||||||||||||||
Tesla K40t|/gpu-specs/tesla-k40t.c3403|||||||||||||||||||||||||||||||||||||||||||||||||||||||||||
GeForce 705A|/gpu-specs/geforce-705a.c2386|||||||||||||||||||||||||||||||||||||||||||||||||||||||||||
GeForce 710A|/gpu-specs/geforce-710a.c2566|||||||||||||||||||||||||||||||||||||||||||||||||||||||||||
GeForce 720A|/gpu-specs/geforce-720a.c2666|||||||||||||||||||||||||||||||||||||||||||||||||||||||||||
GeForce 800A|/gpu-specs/geforce-800a.c2673|||||||||||||||||||||||||||||||||||||||||||||||||||||||||||
GeForce 800A|/gpu-specs/geforce-800a.c2564|||||||||||||||||||||||||||||||||||||||||||||||||||||||||||
GeForce 800M|/gpu-specs/geforce-800m.c2567|||||||||||||||||||||||||||||||||||||||||||||||||||||||||||
GeForce 805A|/gpu-specs/geforce-805a.c2671|||||||||||||||||||||||||||||||||||||||||||||||||||||||||||
GeForce 810A|/gpu-specs/geforce-810a.c2604|||||||||||||||||||||||||||||||||||||||||||||||||||||||||||
GeForce 810M|/gpu-specs/geforce-810m.c2584|||||||||||||||||||||||||||||||||||||||||||||||||||||||||||
GeForce 820A|/gpu-specs/geforce-820a.c2570|||||||||||||||||||||||||||||||||||||||||||||||||||||||||||
GeForce 825M|/gpu-specs/geforce-825m.c2547|||||||||||||||||||||||||||||||||||||||||||||||||||||||||||
GeForce 830A|/gpu-specs/geforce-830a.c2605|||||||||||||||||||||||||||||||||||||||||||||||||||||||||||
GeForce 830M|/gpu-specs/geforce-830m.c2560|||||||||||||||||||||||||||||||||||||||||||||||||||||||||||
GeForce 840A|/gpu-specs/geforce-840a.c2569|||||||||||||||||||||||||||||||||||||||||||||||||||||||||||
GeForce 840M|/gpu-specs/geforce-840m.c2539|||||||||||||||||||||||||||||||||||||||||||||||||||||||||||
GeForce GT 705 OEM|/gpu-specs/geforce-gt-705-oem.c2578|||||||||||||||||||||||||||||||||||||||||||||||||||||||||||
GeForce GT 710|/gpu-specs/geforce-gt-710.c3027|||||||||||||||||||||||||||||||||||||||||||||||||||||||||||
GeForce GT 710|/gpu-specs/geforce-gt-710.c1990|||||||||||||||||||||||||||||||||||||||||||||||||||||||||||
GeForce GT 710 PCIe x1|/gpu-specs/geforce-gt-710-pcie-x1.c3739|||||||||||||||||||||||||||||||||||||||||||||||||||||||||||
GeForce GT 720|/gpu-specs/geforce-gt-720.c2702|||||||||||||||||||||||||||||||||||||||||||||||||||||||||||
GeForce GT 720|/gpu-specs/geforce-gt-720.c1989|||||||||||||||||||||||||||||||||||||||||||||||||||||||||||
GeForce GT 720A|/gpu-specs/geforce-gt-720a.c2379|||||||||||||||||||||||||||||||||||||||||||||||||||||||||||
GeForce GT 730|/gpu-specs/geforce-gt-730.c3114|||||||||||||||||||||||||||||||||||||||||||||||||||||||||||
GeForce GT 730|/gpu-specs/geforce-gt-730.c2590|||||||||||||||||||||||||||||||||||||||||||||||||||||||||||
GeForce GT 730|/gpu-specs/geforce-gt-730.c1988|||||||||||||||||||||||||||||||||||||||||||||||||||||||||||
GeForce GT 730A|/gpu-specs/geforce-gt-730a.c2387|||||||||||||||||||||||||||||||||||||||||||||||||||||||||||
GeForce GT 730M|/gpu-specs/geforce-gt-730m.c2307|||||||||||||||||||||||||||||||||||||||||||||||||||||||||||
GeForce GT 740|/gpu-specs/geforce-gt-740.c1987|||||||||||||||||||||||||||||||||||||||||||||||||||||||||||
GeForce GTX 660 Rev. 2|/gpu-specs/geforce-gtx-660-rev-2.c2631|||||||||||||||||||||||||||||||||||||||||||||||||||||||||||
GeForce GTX 745 OEM|/gpu-specs/geforce-gtx-745-oem.c2561|||||||||||||||||||||||||||||||||||||||||||||||||||||||||||
GeForce GTX 750|/gpu-specs/geforce-gtx-750.c1986|||||||||||||||||||||||||||||||||||||||||||||||||||||||||||
GeForce GTX 750 Ti|/gpu-specs/geforce-gtx-750-ti.c2548|||||||||||||||||||||||||||||||||||||||||||||||||||||||||||
GeForce GTX 760A|/gpu-specs/geforce-gtx-760a.c2565|||||||||||||||||||||||||||||||||||||||||||||||||||||||||||
GeForce GTX 850A|/gpu-specs/geforce-gtx-850a.c2568|||||||||||||||||||||||||||||||||||||||||||||||||||||||||||
GeForce GTX 850M|/gpu-specs/geforce-gtx-850m.c2538|||||||||||||||||||||||||||||||||||||||||||||||||||||||||||
GeForce GTX 860M|/gpu-specs/geforce-gtx-860m.c2537|||||||||||||||||||||||||||||||||||||||||||||||||||||||||||
GeForce GTX 860M|/gpu-specs/geforce-gtx-860m.c2536|||||||||||||||||||||||||||||||||||||||||||||||||||||||||||
GeForce GTX 870M|/gpu-specs/geforce-gtx-870m.c2535|||||||||||||||||||||||||||||||||||||||||||||||||||||||||||
GeForce GTX 880M|/gpu-specs/geforce-gtx-880m.c2534|||||||||||||||||||||||||||||||||||||||||||||||||||||||||||
GeForce GTX 970|/gpu-specs/geforce-gtx-970.c2620|||||||||||||||||||||||||||||||||||||||||||||||||||||||||||
GeForce GTX 970M|/gpu-specs/geforce-gtx-970m.c2881|||||||||||||||||||||||||||||||||||||||||||||||||||||||||||
GeForce GTX 970M|/gpu-specs/geforce-gtx-970m.c2623|||||||||||||||||||||||||||||||||||||||||||||||||||||||||||
GeForce GTX 980|/gpu-specs/geforce-gtx-980.c2621|||||||||||||||||||||||||||||||||||||||||||||||||||||||||||
GeForce GTX 980M|/gpu-specs/geforce-gtx-980m.c2746|||||||||||||||||||||||||||||||||||||||||||||||||||||||||||
GeForce GTX 980M|/gpu-specs/geforce-gtx-980m.c2622|||||||||||||||||||||||||||||||||||||||||||||||||||||||||||
GeForce GTX TITAN BLACK|/gpu-specs/geforce-gtx-titan-black.c2549|||||||||||||||||||||||||||||||||||||||||||||||||||||||||||
GeForce GTX TITAN Z|/gpu-specs/geforce-gtx-titan-z.c2575|||||||||||||||||||||||||||||||||||||||||||||||||||||||||||
GRID K120Q|/gpu-specs/grid-k120q.c2593|||||||||||||||||||||||||||||||||||||||||||||||||||||||||||
GRID K220Q|/gpu-specs/grid-k220q.c2592|||||||||||||||||||||||||||||||||||||||||||||||||||||||||||
GRID K500|/gpu-specs/grid-k500.c2597|||||||||||||||||||||||||||||||||||||||||||||||||||||||||||
GRID K520Q|/gpu-specs/grid-k520q.c2594|||||||||||||||||||||||||||||||||||||||||||||||||||||||||||
GRID K540Q|/gpu-specs/grid-k540q.c2595|||||||||||||||||||||||||||||||||||||||||||||||||||||||||||
GRID K560Q|/gpu-specs/grid-k560q.c2596|||||||||||||||||||||||||||||||||||||||||||||||||||||||||||
Jetson TK1|/gpu-specs/jetson-tk1.c3229|||||||||||||||||||||||||||||||||||||||||||||||||||||||||||
Quadro K100M|/gpu-specs/quadro-k100m.c2618|||||||||||||||||||||||||||||||||||||||||||||||||||||||||||
Quadro K200M|/gpu-specs/quadro-k200m.c2617|||||||||||||||||||||||||||||||||||||||||||||||||||||||||||
Quadro K2200|/gpu-specs/quadro-k2200.c2601|||||||||||||||||||||||||||||||||||||||||||||||||||||||||||
Quadro K2200M|/gpu-specs/quadro-k2200m.c2598|||||||||||||||||||||||||||||||||||||||||||||||||||||||||||
Quadro K420|/gpu-specs/quadro-k420.c2599|||||||||||||||||||||||||||||||||||||||||||||||||||||||||||
Quadro K4200|/gpu-specs/quadro-k4200.c2602|||||||||||||||||||||||||||||||||||||||||||||||||||||||||||
Quadro K5200|/gpu-specs/quadro-k5200.c2603|||||||||||||||||||||||||||||||||||||||||||||||||||||||||||
Quadro K620|/gpu-specs/quadro-k620.c2600|||||||||||||||||||||||||||||||||||||||||||||||||||||||||||
Tesla K8|/gpu-specs/tesla-k8.c2619|||||||||||||||||||||||||||||||||||||||||||||||||||||||||||
Tesla K80|/gpu-specs/tesla-k80.c2616|||||||||||||||||||||||||||||||||||||||||||||||||||||||||||
GeForce 810M|/gpu-specs/geforce-810m.c2774|||||||||||||||||||||||||||||||||||||||||||||||||||||||||||
GeForce 820M|/gpu-specs/geforce-820m.c2701|||||||||||||||||||||||||||||||||||||||||||||||||||||||||||
GeForce 845M|/gpu-specs/geforce-845m.c2753|||||||||||||||||||||||||||||||||||||||||||||||||||||||||||
GeForce 845M|/gpu-specs/geforce-845m.c2660|||||||||||||||||||||||||||||||||||||||||||||||||||||||||||
GeForce 910M|/gpu-specs/geforce-910m.c2764|||||||||||||||||||||||||||||||||||||||||||||||||||||||||||
GeForce 920A|/gpu-specs/geforce-920a.c2647|||||||||||||||||||||||||||||||||||||||||||||||||||||||||||
GeForce 920M|/gpu-specs/geforce-920m.c2646|||||||||||||||||||||||||||||||||||||||||||||||||||||||||||
GeForce 930A|/gpu-specs/geforce-930a.c2816|||||||||||||||||||||||||||||||||||||||||||||||||||||||||||
GeForce 930M|/gpu-specs/geforce-930m.c4002|||||||||||||||||||||||||||||||||||||||||||||||||||||||||||
GeForce 930M|/gpu-specs/geforce-930m.c2644|||||||||||||||||||||||||||||||||||||||||||||||||||||||||||
GeForce 940A|/gpu-specs/geforce-940a.c2737|||||||||||||||||||||||||||||||||||||||||||||||||||||||||||
GeForce 940A|/gpu-specs/geforce-940a.c2649|||||||||||||||||||||||||||||||||||||||||||||||||||||||||||
GeForce 940M|/gpu-specs/geforce-940m.c2648|||||||||||||||||||||||||||||||||||||||||||||||||||||||||||
GeForce 940M|/gpu-specs/geforce-940m.c2643|||||||||||||||||||||||||||||||||||||||||||||||||||||||||||
GeForce 945A|/gpu-specs/geforce-945a.c2813|||||||||||||||||||||||||||||||||||||||||||||||||||||||||||
GeForce 945M|/gpu-specs/geforce-945m.c2773|||||||||||||||||||||||||||||||||||||||||||||||||||||||||||
GeForce GT 710 OEM|/gpu-specs/geforce-gt-710-oem.c2711|||||||||||||||||||||||||||||||||||||||||||||||||||||||||||
GeForce GT 730 OEM|/gpu-specs/geforce-gt-730-oem.c2710|||||||||||||||||||||||||||||||||||||||||||||||||||||||||||
GeForce GT 740 OEM|/gpu-specs/geforce-gt-740-oem.c2844|||||||||||||||||||||||||||||||||||||||||||||||||||||||||||
GeForce GT 740 OEM|/gpu-specs/geforce-gt-740-oem.c2699|||||||||||||||||||||||||||||||||||||||||||||||||||||||||||
GeForce GTX 750 GM206|/gpu-specs/geforce-gtx-750-gm206.c2778|||||||||||||||||||||||||||||||||||||||||||||||||||||||||||
GeForce GTX 860M OEM|/gpu-specs/geforce-gtx-860m-oem.c2659|||||||||||||||||||||||||||||||||||||||||||||||||||||||||||
GeForce GTX 950|/gpu-specs/geforce-gtx-950.c2747|||||||||||||||||||||||||||||||||||||||||||||||||||||||||||
GeForce GTX 950A|/gpu-specs/geforce-gtx-950a.c2776|||||||||||||||||||||||||||||||||||||||||||||||||||||||||||
GeForce GTX 950M|/gpu-specs/geforce-gtx-950m.c2642|||||||||||||||||||||||||||||||||||||||||||||||||||||||||||
GeForce GTX 950M Mac Edition|/gpu-specs/geforce-gtx-950m-mac-edition.c2777|||||||||||||||||||||||||||||||||||||||||||||||||||||||||||
GeForce GTX 960|/gpu-specs/geforce-gtx-960.c2637|||||||||||||||||||||||||||||||||||||||||||||||||||||||||||
GeForce GTX 960 OEM|/gpu-specs/geforce-gtx-960-oem.c3034|||||||||||||||||||||||||||||||||||||||||||||||||||||||||||
GeForce GTX 960 OEM|/gpu-specs/geforce-gtx-960-oem.c2782|||||||||||||||||||||||||||||||||||||||||||||||||||||||||||
GeForce GTX 960A|/gpu-specs/geforce-gtx-960a.c2775|||||||||||||||||||||||||||||||||||||||||||||||||||||||||||
GeForce GTX 960M|/gpu-specs/geforce-gtx-960m.c2635|||||||||||||||||||||||||||||||||||||||||||||||||||||||||||
GeForce GTX 965M|/gpu-specs/geforce-gtx-965m.c2880|||||||||||||||||||||||||||||||||||||||||||||||||||||||||||
GeForce GTX 965M|/gpu-specs/geforce-gtx-965m.c2634|||||||||||||||||||||||||||||||||||||||||||||||||||||||||||
GeForce GTX 965M 4 GB|/gpu-specs/geforce-gtx-965m-4-gb.c2814|||||||||||||||||||||||||||||||||||||||||||||||||||||||||||
GeForce GTX 980 Mobile|/gpu-specs/geforce-gtx-980-mobile.c2763|||||||||||||||||||||||||||||||||||||||||||||||||||||||||||
GeForce GTX 980 Ti|/gpu-specs/geforce-gtx-980-ti.c2724|||||||||||||||||||||||||||||||||||||||||||||||||||||||||||
GeForce GTX TITAN X|/gpu-specs/geforce-gtx-titan-x.c2632|||||||||||||||||||||||||||||||||||||||||||||||||||||||||||
GRID M60-1Q|/gpu-specs/grid-m60-1q.c3087|||||||||||||||||||||||||||||||||||||||||||||||||||||||||||
GRID M60-2Q|/gpu-specs/grid-m60-2q.c3088|||||||||||||||||||||||||||||||||||||||||||||||||||||||||||
GRID M60-4A|/gpu-specs/grid-m60-4a.c3090|||||||||||||||||||||||||||||||||||||||||||||||||||||||||||
GRID M60-8Q|/gpu-specs/grid-m60-8q.c3089|||||||||||||||||||||||||||||||||||||||||||||||||||||||||||
GRID M6-8Q|/gpu-specs/grid-m6-8q.c3052|||||||||||||||||||||||||||||||||||||||||||||||||||||||||||
Jetson TX1|/gpu-specs/jetson-tx1.c3230|||||||||||||||||||||||||||||||||||||||||||||||||||||||||||
NVS 810|/gpu-specs/nvs-810.c2772|||||||||||||||||||||||||||||||||||||||||||||||||||||||||||
Quadro K1200|/gpu-specs/quadro-k1200.c2641|||||||||||||||||||||||||||||||||||||||||||||||||||||||||||
Quadro K620M|/gpu-specs/quadro-k620m.c2678|||||||||||||||||||||||||||||||||||||||||||||||||||||||||||
Quadro M1000M|/gpu-specs/quadro-m1000m.c2739|||||||||||||||||||||||||||||||||||||||||||||||||||||||||||
Quadro M2000M|/gpu-specs/quadro-m2000m.c2740|||||||||||||||||||||||||||||||||||||||||||||||||||||||||||
Quadro M3000M|/gpu-specs/quadro-m3000m.c2759|||||||||||||||||||||||||||||||||||||||||||||||||||||||||||
Quadro M4000|/gpu-specs/quadro-m4000.c2757|||||||||||||||||||||||||||||||||||||||||||||||||||||||||||
Quadro M4000M|/gpu-specs/quadro-m4000m.c2822|||||||||||||||||||||||||||||||||||||||||||||||||||||||||||
Quadro M5000|/gpu-specs/quadro-m5000.c2756|||||||||||||||||||||||||||||||||||||||||||||||||||||||||||
Quadro M5000M|/gpu-specs/quadro-m5000m.c2823|||||||||||||||||||||||||||||||||||||||||||||||||||||||||||
Quadro M6000|/gpu-specs/quadro-m6000.c2638|||||||||||||||||||||||||||||||||||||||||||||||||||||||||||
Quadro M600M|/gpu-specs/quadro-m600m.c2738|||||||||||||||||||||||||||||||||||||||||||||||||||||||||||
Tesla M4|/gpu-specs/tesla-m4.c2770|||||||||||||||||||||||||||||||||||||||||||||||||||||||||||
Tesla M40|/gpu-specs/tesla-m40.c2771|||||||||||||||||||||||||||||||||||||||||||||||||||||||||||
Tesla M40 24 GB|/gpu-specs/tesla-m40-24-gb.c3838|||||||||||||||||||||||||||||||||||||||||||||||||||||||||||
Tesla M6 Mobile|/gpu-specs/tesla-m6-mobile.c2818|||||||||||||||||||||||||||||||||||||||||||||||||||||||||||
Tesla M6 X2 Mobile|/gpu-specs/tesla-m6-x2-mobile.c4123|||||||||||||||||||||||||||||||||||||||||||||||||||||||||||
Tesla M60|/gpu-specs/tesla-m60.c2760|||||||||||||||||||||||||||||||||||||||||||||||||||||||||||
GeForce 920MX|/gpu-specs/geforce-920mx.c2826|||||||||||||||||||||||||||||||||||||||||||||||||||||||||||
GeForce 930MX|/gpu-specs/geforce-930mx.c2825|||||||||||||||||||||||||||||||||||||||||||||||||||||||||||
GeForce 940MX|/gpu-specs/geforce-940mx.c3113|||||||||||||||||||||||||||||||||||||||||||||||||||||||||||
GeForce 940MX|/gpu-specs/geforce-940mx.c2845|||||||||||||||||||||||||||||||||||||||||||||||||||||||||||
GeForce 940MX|/gpu-specs/geforce-940mx.c2797|||||||||||||||||||||||||||||||||||||||||||||||||||||||||||
GeForce 945M|/gpu-specs/geforce-945m.c2836|||||||||||||||||||||||||||||||||||||||||||||||||||||||||||
GeForce GT 610 OEM|/gpu-specs/geforce-gt-610-oem.c2842|||||||||||||||||||||||||||||||||||||||||||||||||||||||||||
GeForce GT 710|/gpu-specs/geforce-gt-710.c2614|||||||||||||||||||||||||||||||||||||||||||||||||||||||||||
GeForce GTX 1050|/gpu-specs/geforce-gtx-1050.c2875|||||||||||||||||||||||||||||||||||||||||||||||||||||||||||
GeForce GTX 1050 Ti|/gpu-specs/geforce-gtx-1050-ti.c2885|||||||||||||||||||||||||||||||||||||||||||||||||||||||||||
GeForce GTX 1060 3 GB|/gpu-specs/geforce-gtx-1060-3-gb.c2867|||||||||||||||||||||||||||||||||||||||||||||||||||||||||||
GeForce GTX 1060 3 GB GP104|/gpu-specs/geforce-gtx-1060-3-gb-gp104.c2926|||||||||||||||||||||||||||||||||||||||||||||||||||||||||||
GeForce GTX 1060 6 GB|/gpu-specs/geforce-gtx-1060-6-gb.c2862|||||||||||||||||||||||||||||||||||||||||||||||||||||||||||
GeForce GTX 1060 Mobile|/gpu-specs/geforce-gtx-1060-mobile.c3016|||||||||||||||||||||||||||||||||||||||||||||||||||||||||||
GeForce GTX 1070|/gpu-specs/geforce-gtx-1070.c2840|||||||||||||||||||||||||||||||||||||||||||||||||||||||||||
GeForce GTX 1070 Mobile|/gpu-specs/geforce-gtx-1070-mobile.c2869|||||||||||||||||||||||||||||||||||||||||||||||||||||||||||
GeForce GTX 1080|/gpu-specs/geforce-gtx-1080.c2839|||||||||||||||||||||||||||||||||||||||||||||||||||||||||||
GeForce GTX 1080 Mobile|/gpu-specs/geforce-gtx-1080-mobile.c2870|||||||||||||||||||||||||||||||||||||||||||||||||||||||||||
GeForce GTX 760 OEM|/gpu-specs/geforce-gtx-760-oem.c3743|||||||||||||||||||||||||||||||||||||||||||||||||||||||||||
GeForce GTX 950 Low Power|/gpu-specs/geforce-gtx-950-low-power.c2841|||||||||||||||||||||||||||||||||||||||||||||||||||||||||||
GeForce GTX 950 OEM|/gpu-specs/geforce-gtx-950-oem.c2817|||||||||||||||||||||||||||||||||||||||||||||||||||||||||||
GeForce GTX 965M|/gpu-specs/geforce-gtx-965m.c2796|||||||||||||||||||||||||||||||||||||||||||||||||||||||||||
GeForce GTX 980MX|/gpu-specs/geforce-gtx-980mx.c2808|||||||||||||||||||||||||||||||||||||||||||||||||||||||||||
GRID M10-8Q|/gpu-specs/grid-m10-8q.c3086|||||||||||||||||||||||||||||||||||||||||||||||||||||||||||
GRID M3-3020|/gpu-specs/grid-m3-3020.c3084|||||||||||||||||||||||||||||||||||||||||||||||||||||||||||
GRID M40|/gpu-specs/grid-m40.c2518|||||||||||||||||||||||||||||||||||||||||||||||||||||||||||
Jetson TX2|/gpu-specs/jetson-tx2.c3231|||||||||||||||||||||||||||||||||||||||||||||||||||||||||||
Quadro GP100|/gpu-specs/quadro-gp100.c2994|||||||||||||||||||||||||||||||||||||||||||||||||||||||||||
Quadro M2000|/gpu-specs/quadro-m2000.c2837|||||||||||||||||||||||||||||||||||||||||||||||||||||||||||
Quadro M3000 SE|/gpu-specs/quadro-m3000-se.c2886|||||||||||||||||||||||||||||||||||||||||||||||||||||||||||
Quadro M500M|/gpu-specs/quadro-m500m.c2843|||||||||||||||||||||||||||||||||||||||||||||||||||||||||||
Quadro M5500 Mobile|/gpu-specs/quadro-m5500-mobile.c2838|||||||||||||||||||||||||||||||||||||||||||||||||||||||||||
Quadro M6000 24 GB|/gpu-specs/quadro-m6000-24-gb.c2824|||||||||||||||||||||||||||||||||||||||||||||||||||||||||||
Quadro P5000|/gpu-specs/quadro-p5000.c2864|||||||||||||||||||||||||||||||||||||||||||||||||||||||||||
Quadro P6000|/gpu-specs/quadro-p6000.c2865|||||||||||||||||||||||||||||||||||||||||||||||||||||||||||
Tesla M10|/gpu-specs/tesla-m10.c3035|||||||||||||||||||||||||||||||||||||||||||||||||||||||||||
Tesla P10|/gpu-specs/tesla-p10.c3750|||||||||||||||||||||||||||||||||||||||||||||||||||||||||||
Tesla P100 DGXS|/gpu-specs/tesla-p100-dgxs.c3285|||||||||||||||||||||||||||||||||||||||||||||||||||||||||||
Tesla P100 PCIe 12 GB|/gpu-specs/tesla-p100-pcie-12-gb.c2915|||||||||||||||||||||||||||||||||||||||||||||||||||||||||||
Tesla P100 PCIe 16 GB|/gpu-specs/tesla-p100-pcie-16-gb.c2888|||||||||||||||||||||||||||||||||||||||||||||||||||||||||||
Tesla P100 SXM2|/gpu-specs/tesla-p100-sxm2.c3183|||||||||||||||||||||||||||||||||||||||||||||||||||||||||||
Tesla P4|/gpu-specs/tesla-p4.c2879|||||||||||||||||||||||||||||||||||||||||||||||||||||||||||
Tesla P40|/gpu-specs/tesla-p40.c2878|||||||||||||||||||||||||||||||||||||||||||||||||||||||||||
TITAN X Pascal|/gpu-specs/titan-x-pascal.c2863|||||||||||||||||||||||||||||||||||||||||||||||||||||||||||
GeForce GT 1030|/gpu-specs/geforce-gt-1030.c2954|||||||||||||||||||||||||||||||||||||||||||||||||||||||||||
GeForce GT 720 OEM|/gpu-specs/geforce-gt-720-oem.c3572|||||||||||||||||||||||||||||||||||||||||||||||||||||||||||
GeForce GTX 1050 Mobile|/gpu-specs/geforce-gtx-1050-mobile.c3298|||||||||||||||||||||||||||||||||||||||||||||||||||||||||||
GeForce GTX 1050 Mobile|/gpu-specs/geforce-gtx-1050-mobile.c2917|||||||||||||||||||||||||||||||||||||||||||||||||||||||||||
GeForce GTX 1050 Ti Mobile|/gpu-specs/geforce-gtx-1050-ti-mobile.c3013|||||||||||||||||||||||||||||||||||||||||||||||||||||||||||
GeForce GTX 1050 Ti Mobile|/gpu-specs/geforce-gtx-1050-ti-mobile.c2912|||||||||||||||||||||||||||||||||||||||||||||||||||||||||||
GeForce GTX 1060 5 GB|/gpu-specs/geforce-gtx-1060-5-gb.c3060|||||||||||||||||||||||||||||||||||||||||||||||||||||||||||
GeForce GTX 1060 6 GB 9Gbps|/gpu-specs/geforce-gtx-1060-6-gb-9gbps.c2952|||||||||||||||||||||||||||||||||||||||||||||||||||||||||||
GeForce GTX 1060 Max-Q|/gpu-specs/geforce-gtx-1060-max-q.c2976|||||||||||||||||||||||||||||||||||||||||||||||||||||||||||
GeForce GTX 1070 Max-Q|/gpu-specs/geforce-gtx-1070-max-q.c2974|||||||||||||||||||||||||||||||||||||||||||||||||||||||||||
GeForce GTX 1070 Ti|/gpu-specs/geforce-gtx-1070-ti.c3010|||||||||||||||||||||||||||||||||||||||||||||||||||||||||||
GeForce GTX 1080 11Gbps|/gpu-specs/geforce-gtx-1080-11gbps.c2951|||||||||||||||||||||||||||||||||||||||||||||||||||||||||||
GeForce GTX 1080 Max-Q|/gpu-specs/geforce-gtx-1080-max-q.c2975|||||||||||||||||||||||||||||||||||||||||||||||||||||||||||
GeForce GTX 1080 Ti|/gpu-specs/geforce-gtx-1080-ti.c2877|||||||||||||||||||||||||||||||||||||||||||||||||||||||||||
GeForce MX110|/gpu-specs/geforce-mx110.c3044|||||||||||||||||||||||||||||||||||||||||||||||||||||||||||
GeForce MX130|/gpu-specs/geforce-mx130.c3043|||||||||||||||||||||||||||||||||||||||||||||||||||||||||||
GeForce MX150|/gpu-specs/geforce-mx150.c2984|||||||||||||||||||||||||||||||||||||||||||||||||||||||||||
GeForce MX150|/gpu-specs/geforce-mx150.c2959|||||||||||||||||||||||||||||||||||||||||||||||||||||||||||
P104-100|/gpu-specs/p104-100.c2981|||||||||||||||||||||||||||||||||||||||||||||||||||||||||||
P106-090|/gpu-specs/p106-090.c2999|||||||||||||||||||||||||||||||||||||||||||||||||||||||||||
P106-100|/gpu-specs/p106-100.c2980|||||||||||||||||||||||||||||||||||||||||||||||||||||||||||
Quadro M1200 Mobile|/gpu-specs/quadro-m1200-mobile.c2921|||||||||||||||||||||||||||||||||||||||||||||||||||||||||||
Quadro M2200 Mobile|/gpu-specs/quadro-m2200-mobile.c2922|||||||||||||||||||||||||||||||||||||||||||||||||||||||||||
Quadro M520 Mobile|/gpu-specs/quadro-m520-mobile.c2919|||||||||||||||||||||||||||||||||||||||||||||||||||||||||||
Quadro M620 Mobile|/gpu-specs/quadro-m620-mobile.c2920|||||||||||||||||||||||||||||||||||||||||||||||||||||||||||
Quadro P1000|/gpu-specs/quadro-p1000.c3680|||||||||||||||||||||||||||||||||||||||||||||||||||||||||||
Quadro P1000|/gpu-specs/quadro-p1000.c2932|||||||||||||||||||||||||||||||||||||||||||||||||||||||||||
Quadro P1000 Mobile|/gpu-specs/quadro-p1000-mobile.c3201|||||||||||||||||||||||||||||||||||||||||||||||||||||||||||
Quadro P2000|/gpu-specs/quadro-p2000.c2931|||||||||||||||||||||||||||||||||||||||||||||||||||||||||||
Quadro P2000 Mobile|/gpu-specs/quadro-p2000-mobile.c3202|||||||||||||||||||||||||||||||||||||||||||||||||||||||||||
Quadro P3000 Mobile|/gpu-specs/quadro-p3000-mobile.c2923|||||||||||||||||||||||||||||||||||||||||||||||||||||||||||
Quadro P400|/gpu-specs/quadro-p400.c2934|||||||||||||||||||||||||||||||||||||||||||||||||||||||||||
Quadro P4000|/gpu-specs/quadro-p4000.c2930|||||||||||||||||||||||||||||||||||||||||||||||||||||||||||
Quadro P4000 Max-Q|/gpu-specs/quadro-p4000-max-q.c3015|||||||||||||||||||||||||||||||||||||||||||||||||||||||||||
Quadro P4000 Mobile|/gpu-specs/quadro-p4000-mobile.c2924|||||||||||||||||||||||||||||||||||||||||||||||||||||||||||
Quadro P5000 Mobile|/gpu-specs/quadro-p5000-mobile.c2925|||||||||||||||||||||||||||||||||||||||||||||||||||||||||||
Quadro P5000 X2 Mobile|/gpu-specs/quadro-p5000-x2-mobile.c4122|||||||||||||||||||||||||||||||||||||||||||||||||||||||||||
Quadro P600|/gpu-specs/quadro-p600.c2933|||||||||||||||||||||||||||||||||||||||||||||||||||||||||||
Quadro P600 Mobile|/gpu-specs/quadro-p600-mobile.c3200|||||||||||||||||||||||||||||||||||||||||||||||||||||||||||
Switch GPU 20nm|/gpu-specs/switch-gpu-20nm.c3104|||||||||||||||||||||||||||||||||||||||||||||||||||||||||||
Tesla P6 Mobile|/gpu-specs/tesla-p6-mobile.c3036|||||||||||||||||||||||||||||||||||||||||||||||||||||||||||
Tesla V100 PCIe 16 GB|/gpu-specs/tesla-v100-pcie-16-gb.c2957|||||||||||||||||||||||||||||||||||||||||||||||||||||||||||
Tesla V100 SXM2 16 GB|/gpu-specs/tesla-v100-sxm2-16-gb.c3018|||||||||||||||||||||||||||||||||||||||||||||||||||||||||||
TITAN V|/gpu-specs/titan-v.c3051|||||||||||||||||||||||||||||||||||||||||||||||||||||||||||
TITAN Xp|/gpu-specs/titan-xp.c2948|||||||||||||||||||||||||||||||||||||||||||||||||||||||||||
GeForce GT 1030 DDR4|/gpu-specs/geforce-gt-1030-ddr4.c3187|||||||||||||||||||||||||||||||||||||||||||||||||||||||||||
GeForce GT 1030 GK107|/gpu-specs/geforce-gt-1030-gk107.c3454|||||||||||||||||||||||||||||||||||||||||||||||||||||||||||
GeForce GTX 1050 3 GB|/gpu-specs/geforce-gtx-1050-3-gb.c3257|||||||||||||||||||||||||||||||||||||||||||||||||||||||||||
GeForce GTX 1050 Max-Q|/gpu-specs/geforce-gtx-1050-max-q.c3074|||||||||||||||||||||||||||||||||||||||||||||||||||||||||||
GeForce GTX 1050 Ti Max-Q|/gpu-specs/geforce-gtx-1050-ti-max-q.c3075|||||||||||||||||||||||||||||||||||||||||||||||||||||||||||
GeForce GTX 1060 6 GB GDDR5X|/gpu-specs/geforce-gtx-1060-6-gb-gddr5x.c3328|||||||||||||||||||||||||||||||||||||||||||||||||||||||||||
GeForce GTX 1060 6 GB GP104|/gpu-specs/geforce-gtx-1060-6-gb-gp104.c3250|||||||||||||||||||||||||||||||||||||||||||||||||||||||||||
GeForce GTX 1060 6 GB Rev. 2|/gpu-specs/geforce-gtx-1060-6-gb-rev-2.c3063|||||||||||||||||||||||||||||||||||||||||||||||||||||||||||
GeForce GTX 1060 8 GB GDDR5X|/gpu-specs/geforce-gtx-1060-8-gb-gddr5x.c3455|||||||||||||||||||||||||||||||||||||||||||||||||||||||||||
GeForce GTX 1070 GDDR5X|/gpu-specs/geforce-gtx-1070-gddr5x.c3343|||||||||||||||||||||||||||||||||||||||||||||||||||||||||||
GeForce GTX 1080 Ti 10 GB|/gpu-specs/geforce-gtx-1080-ti-10-gb.c3309|||||||||||||||||||||||||||||||||||||||||||||||||||||||||||
GeForce GTX 1080 Ti 12 GB|/gpu-specs/geforce-gtx-1080-ti-12-gb.c4163|||||||||||||||||||||||||||||||||||||||||||||||||||||||||||
GeForce RTX 2070|/gpu-specs/geforce-rtx-2070.c3252|||||||||||||||||||||||||||||||||||||||||||||||||||||||||||
GeForce RTX 2080|/gpu-specs/geforce-rtx-2080.c3224|||||||||||||||||||||||||||||||||||||||||||||||||||||||||||
GeForce RTX 2080 Engineering Sample|/gpu-specs/geforce-rtx-2080-engineering-sample.c3976|||||||||||||||||||||||||||||||||||||||||||||||||||||||||||
GeForce RTX 2080 Ti|/gpu-specs/geforce-rtx-2080-ti.c3305|||||||||||||||||||||||||||||||||||||||||||||||||||||||||||
Jetson AGX Xavier 16 GB|/gpu-specs/jetson-agx-xavier-16-gb.c3232|||||||||||||||||||||||||||||||||||||||||||||||||||||||||||
Jetson AGX Xavier 32 GB|/gpu-specs/jetson-agx-xavier-32-gb.c4088|||||||||||||||||||||||||||||||||||||||||||||||||||||||||||
P102-100|/gpu-specs/p102-100.c3100|||||||||||||||||||||||||||||||||||||||||||||||||||||||||||
P102-101|/gpu-specs/p102-101.c3284|||||||||||||||||||||||||||||||||||||||||||||||||||||||||||
P104-101|/gpu-specs/p104-101.c3064|||||||||||||||||||||||||||||||||||||||||||||||||||||||||||
Quadro GV100|/gpu-specs/quadro-gv100.c3066|||||||||||||||||||||||||||||||||||||||||||||||||||||||||||
Quadro P3200 Max-Q|/gpu-specs/quadro-p3200-max-q.c3315|||||||||||||||||||||||||||||||||||||||||||||||||||||||||||
Quadro P3200 Mobile|/gpu-specs/quadro-p3200-mobile.c3147|||||||||||||||||||||||||||||||||||||||||||||||||||||||||||
Quadro P4200 Max-Q|/gpu-specs/quadro-p4200-max-q.c4004|||||||||||||||||||||||||||||||||||||||||||||||||||||||||||
Quadro P4200 Mobile|/gpu-specs/quadro-p4200-mobile.c3199|||||||||||||||||||||||||||||||||||||||||||||||||||||||||||
Quadro P500 Mobile|/gpu-specs/quadro-p500-mobile.c3261|||||||||||||||||||||||||||||||||||||||||||||||||||||||||||
Quadro P5200 Max-Q|/gpu-specs/quadro-p5200-max-q.c3347|||||||||||||||||||||||||||||||||||||||||||||||||||||||||||
Quadro P5200 Mobile|/gpu-specs/quadro-p5200-mobile.c3020|||||||||||||||||||||||||||||||||||||||||||||||||||||||||||
Quadro P620|/gpu-specs/quadro-p620.c3085|||||||||||||||||||||||||||||||||||||||||||||||||||||||||||
Quadro P620 Mobile|/gpu-specs/quadro-p620-mobile.c3456|||||||||||||||||||||||||||||||||||||||||||||||||||||||||||
Quadro RTX 4000|/gpu-specs/quadro-rtx-4000.c3336|||||||||||||||||||||||||||||||||||||||||||||||||||||||||||
Quadro RTX 5000|/gpu-specs/quadro-rtx-5000.c3308|||||||||||||||||||||||||||||||||||||||||||||||||||||||||||
Quadro RTX 6000|/gpu-specs/quadro-rtx-6000.c3307|||||||||||||||||||||||||||||||||||||||||||||||||||||||||||
Quadro RTX 6000 Passive|/gpu-specs/quadro-rtx-6000-passive.c3469|||||||||||||||||||||||||||||||||||||||||||||||||||||||||||
Quadro RTX 8000|/gpu-specs/quadro-rtx-8000.c3306|||||||||||||||||||||||||||||||||||||||||||||||||||||||||||
Quadro RTX 8000 Passive|/gpu-specs/quadro-rtx-8000-passive.c3470|||||||||||||||||||||||||||||||||||||||||||||||||||||||||||
Tesla T4|/gpu-specs/tesla-t4.c3316|||||||||||||||||||||||||||||||||||||||||||||||||||||||||||
Tesla T4G|/gpu-specs/tesla-t4g.c4134|||||||||||||||||||||||||||||||||||||||||||||||||||||||||||
Tesla V100 DGXS 16 GB|/gpu-specs/tesla-v100-dgxs-16-gb.c3763|||||||||||||||||||||||||||||||||||||||||||||||||||||||||||
Tesla V100 DGXS 32 GB|/gpu-specs/tesla-v100-dgxs-32-gb.c3186|||||||||||||||||||||||||||||||||||||||||||||||||||||||||||
Tesla V100 FHHL|/gpu-specs/tesla-v100-fhhl.c3248|||||||||||||||||||||||||||||||||||||||||||||||||||||||||||
Tesla V100 PCIe 32 GB|/gpu-specs/tesla-v100-pcie-32-gb.c3184|||||||||||||||||||||||||||||||||||||||||||||||||||||||||||
Tesla V100 SXM2 32 GB|/gpu-specs/tesla-v100-sxm2-32-gb.c3185|||||||||||||||||||||||||||||||||||||||||||||||||||||||||||
Tesla V100 SXM3 32 GB|/gpu-specs/tesla-v100-sxm3-32-gb.c3472|||||||||||||||||||||||||||||||||||||||||||||||||||||||||||
TITAN RTX|/gpu-specs/titan-rtx.c3311|||||||||||||||||||||||||||||||||||||||||||||||||||||||||||
TITAN V CEO Edition|/gpu-specs/titan-v-ceo-edition.c3277|||||||||||||||||||||||||||||||||||||||||||||||||||||||||||
GeForce GTX 1050 Mobile 3 GB|/gpu-specs/geforce-gtx-1050-mobile-3-gb.c3408|||||||||||||||||||||||||||||||||||||||||||||||||||||||||||
GeForce GTX 1650|/gpu-specs/geforce-gtx-1650.c3366|||||||||||||||||||||||||||||||||||||||||||||||||||||||||||
GeForce GTX 1650 Max-Q|/gpu-specs/geforce-gtx-1650-max-q.c3383|||||||||||||||||||||||||||||||||||||||||||||||||||||||||||
GeForce GTX 1650 Mobile|/gpu-specs/geforce-gtx-1650-mobile.c3367|||||||||||||||||||||||||||||||||||||||||||||||||||||||||||
GeForce GTX 1650 SUPER|/gpu-specs/geforce-gtx-1650-super.c3411|||||||||||||||||||||||||||||||||||||||||||||||||||||||||||
GeForce GTX 1660|/gpu-specs/geforce-gtx-1660.c3365|||||||||||||||||||||||||||||||||||||||||||||||||||||||||||
GeForce GTX 1660 SUPER|/gpu-specs/geforce-gtx-1660-super.c3458|||||||||||||||||||||||||||||||||||||||||||||||||||||||||||
GeForce GTX 1660 Ti|/gpu-specs/geforce-gtx-1660-ti.c3364|||||||||||||||||||||||||||||||||||||||||||||||||||||||||||
GeForce GTX 1660 Ti Max-Q|/gpu-specs/geforce-gtx-1660-ti-max-q.c3382|||||||||||||||||||||||||||||||||||||||||||||||||||||||||||
GeForce GTX 1660 Ti Mobile|/gpu-specs/geforce-gtx-1660-ti-mobile.c3369|||||||||||||||||||||||||||||||||||||||||||||||||||||||||||
GeForce MX150 GP107|/gpu-specs/geforce-mx150-gp107.c3443|||||||||||||||||||||||||||||||||||||||||||||||||||||||||||
GeForce MX230|/gpu-specs/geforce-mx230.c3350|||||||||||||||||||||||||||||||||||||||||||||||||||||||||||
GeForce MX250|/gpu-specs/geforce-mx250.c3354|||||||||||||||||||||||||||||||||||||||||||||||||||||||||||
GeForce MX250|/gpu-specs/geforce-mx250.c3353|||||||||||||||||||||||||||||||||||||||||||||||||||||||||||
GeForce RTX 2060|/gpu-specs/geforce-rtx-2060.c3310|||||||||||||||||||||||||||||||||||||||||||||||||||||||||||
GeForce RTX 2060 Max-Q Refresh|/gpu-specs/geforce-rtx-2060-max-q-refresh.c3628|||||||||||||||||||||||||||||||||||||||||||||||||||||||||||
GeForce RTX 2060 Mobile|/gpu-specs/geforce-rtx-2060-mobile.c3348|||||||||||||||||||||||||||||||||||||||||||||||||||||||||||
GeForce RTX 2060 Mobile Refresh|/gpu-specs/geforce-rtx-2060-mobile-refresh.c3567|||||||||||||||||||||||||||||||||||||||||||||||||||||||||||
GeForce RTX 2060 SUPER|/gpu-specs/geforce-rtx-2060-super.c3441|||||||||||||||||||||||||||||||||||||||||||||||||||||||||||
GeForce RTX 2060 SUPER Mobile|/gpu-specs/geforce-rtx-2060-super-mobile.c4150|||||||||||||||||||||||||||||||||||||||||||||||||||||||||||
GeForce RTX 2070 Max-Q|/gpu-specs/geforce-rtx-2070-max-q.c3392|||||||||||||||||||||||||||||||||||||||||||||||||||||||||||
GeForce RTX 2070 Mobile|/gpu-specs/geforce-rtx-2070-mobile.c3349|||||||||||||||||||||||||||||||||||||||||||||||||||||||||||
GeForce RTX 2070 SUPER|/gpu-specs/geforce-rtx-2070-super.c3440|||||||||||||||||||||||||||||||||||||||||||||||||||||||||||
GeForce RTX 2080 Max-Q|/gpu-specs/geforce-rtx-2080-max-q.c3363|||||||||||||||||||||||||||||||||||||||||||||||||||||||||||
GeForce RTX 2080 Mobile|/gpu-specs/geforce-rtx-2080-mobile.c3312|||||||||||||||||||||||||||||||||||||||||||||||||||||||||||
GeForce RTX 2080 SUPER|/gpu-specs/geforce-rtx-2080-super.c3439|||||||||||||||||||||||||||||||||||||||||||||||||||||||||||
GeForce RTX 2080 Ti 12 GB|/gpu-specs/geforce-rtx-2080-ti-12-gb.c3938|||||||||||||||||||||||||||||||||||||||||||||||||||||||||||
Jetson Nano|/gpu-specs/jetson-nano.c3643|||||||||||||||||||||||||||||||||||||||||||||||||||||||||||
P106M|/gpu-specs/p106m.c3773|||||||||||||||||||||||||||||||||||||||||||||||||||||||||||
Quadro P2000 Mobile|/gpu-specs/quadro-p2000-mobile.c3772|||||||||||||||||||||||||||||||||||||||||||||||||||||||||||
Quadro P2200|/gpu-specs/quadro-p2200.c3442|||||||||||||||||||||||||||||||||||||||||||||||||||||||||||
Quadro P520 Max-Q|/gpu-specs/quadro-p520-max-q.c4005|||||||||||||||||||||||||||||||||||||||||||||||||||||||||||
Quadro P520 Mobile|/gpu-specs/quadro-p520-mobile.c3424|||||||||||||||||||||||||||||||||||||||||||||||||||||||||||
Quadro RTX 3000 Max-Q|/gpu-specs/quadro-rtx-3000-max-q.c3429|||||||||||||||||||||||||||||||||||||||||||||||||||||||||||
Quadro RTX 3000 Mobile|/gpu-specs/quadro-rtx-3000-mobile.c3428|||||||||||||||||||||||||||||||||||||||||||||||||||||||||||
Quadro RTX 3000 Mobile Refresh|/gpu-specs/quadro-rtx-3000-mobile-refresh.c3697|||||||||||||||||||||||||||||||||||||||||||||||||||||||||||
Quadro RTX 3000 X2 Mobile|/gpu-specs/quadro-rtx-3000-x2-mobile.c4120|||||||||||||||||||||||||||||||||||||||||||||||||||||||||||
Quadro RTX 4000 Max-Q|/gpu-specs/quadro-rtx-4000-max-q.c3427|||||||||||||||||||||||||||||||||||||||||||||||||||||||||||
Quadro RTX 4000 Mobile|/gpu-specs/quadro-rtx-4000-mobile.c3430|||||||||||||||||||||||||||||||||||||||||||||||||||||||||||
Quadro RTX 5000 Max-Q|/gpu-specs/quadro-rtx-5000-max-q.c3432|||||||||||||||||||||||||||||||||||||||||||||||||||||||||||
Quadro RTX 5000 Mobile|/gpu-specs/quadro-rtx-5000-mobile.c3431|||||||||||||||||||||||||||||||||||||||||||||||||||||||||||
Quadro RTX 6000 Mobile|/gpu-specs/quadro-rtx-6000-mobile.c3497|||||||||||||||||||||||||||||||||||||||||||||||||||||||||||
Quadro T1000 Max-Q|/gpu-specs/quadro-t1000-max-q.c3807|||||||||||||||||||||||||||||||||||||||||||||||||||||||||||
Quadro T1000 Mobile|/gpu-specs/quadro-t1000-mobile.c3435|||||||||||||||||||||||||||||||||||||||||||||||||||||||||||
Quadro T2000 Max-Q|/gpu-specs/quadro-t2000-max-q.c3436|||||||||||||||||||||||||||||||||||||||||||||||||||||||||||
Quadro T2000 Mobile|/gpu-specs/quadro-t2000-mobile.c3434|||||||||||||||||||||||||||||||||||||||||||||||||||||||||||
Switch GPU 16nm|/gpu-specs/switch-gpu-16nm.c3754|||||||||||||||||||||||||||||||||||||||||||||||||||||||||||
Tesla PG500-216|/gpu-specs/tesla-pg500-216.c3791|||||||||||||||||||||||||||||||||||||||||||||||||||||||||||
Tesla PG503-216|/gpu-specs/tesla-pg503-216.c3790|||||||||||||||||||||||||||||||||||||||||||||||||||||||||||
Tesla V100 SXM2 16 GB|/gpu-specs/tesla-v100-sxm2-16-gb.c3471|||||||||||||||||||||||||||||||||||||||||||||||||||||||||||
Tesla V100S PCIe 32 GB|/gpu-specs/tesla-v100s-pcie-32-gb.c3467|||||||||||||||||||||||||||||||||||||||||||||||||||||||||||
A100 PCIe 40 GB|/gpu-specs/a100-pcie-40-gb.c3623|||||||||||||||||||||||||||||||||||||||||||||||||||||||||||
A100 SXM4 40 GB|/gpu-specs/a100-sxm4-40-gb.c3506|||||||||||||||||||||||||||||||||||||||||||||||||||||||||||
A100 SXM4 80 GB|/gpu-specs/a100-sxm4-80-gb.c3746|||||||||||||||||||||||||||||||||||||||||||||||||||||||||||
A40 PCIe|/gpu-specs/a40-pcie.c3700|||||||||||||||||||||||||||||||||||||||||||||||||||||||||||
CMP 100HX-210|/gpu-specs/cmp-100hx-210.c4202|||||||||||||||||||||||||||||||||||||||||||||||||||||||||||
DRIVE A100 PROD|/gpu-specs/drive-a100-prod.c3967|||||||||||||||||||||||||||||||||||||||||||||||||||||||||||
GeForce GTX 1650 GDDR6|/gpu-specs/geforce-gtx-1650-gddr6.c3541|||||||||||||||||||||||||||||||||||||||||||||||||||||||||||
GeForce GTX 1650 Max-Q|/gpu-specs/geforce-gtx-1650-max-q.c3620|||||||||||||||||||||||||||||||||||||||||||||||||||||||||||
GeForce GTX 1650 Mobile|/gpu-specs/geforce-gtx-1650-mobile.c3633|||||||||||||||||||||||||||||||||||||||||||||||||||||||||||
GeForce GTX 1650 Ti Max-Q|/gpu-specs/geforce-gtx-1650-ti-max-q.c3619|||||||||||||||||||||||||||||||||||||||||||||||||||||||||||
GeForce GTX 1650 Ti Mobile|/gpu-specs/geforce-gtx-1650-ti-mobile.c3517|||||||||||||||||||||||||||||||||||||||||||||||||||||||||||
GeForce GTX 1650 Ti Mobile|/gpu-specs/geforce-gtx-1650-ti-mobile.c3512|||||||||||||||||||||||||||||||||||||||||||||||||||||||||||
GeForce GTX 1650 TU106|/gpu-specs/geforce-gtx-1650-tu106.c3585|||||||||||||||||||||||||||||||||||||||||||||||||||||||||||
GeForce GTX 1650 TU116|/gpu-specs/geforce-gtx-1650-tu116.c3586|||||||||||||||||||||||||||||||||||||||||||||||||||||||||||
GeForce MX330|/gpu-specs/geforce-mx330.c3493|||||||||||||||||||||||||||||||||||||||||||||||||||||||||||
GeForce MX350|/gpu-specs/geforce-mx350.c3582|||||||||||||||||||||||||||||||||||||||||||||||||||||||||||
GeForce MX350|/gpu-specs/geforce-mx350.c3494|||||||||||||||||||||||||||||||||||||||||||||||||||||||||||
GeForce MX450 12W|/gpu-specs/geforce-mx450-12w.c3657|||||||||||||||||||||||||||||||||||||||||||||||||||||||||||
GeForce MX450 30.5W 10Gbps|/gpu-specs/geforce-mx450-30-5w-10gbps.c3641|||||||||||||||||||||||||||||||||||||||||||||||||||||||||||
GeForce MX450 30.5W 8Gbps|/gpu-specs/geforce-mx450-30-5w-8gbps.c3717|||||||||||||||||||||||||||||||||||||||||||||||||||||||||||
GeForce RTX 2060 Max-Q|/gpu-specs/geforce-rtx-2060-max-q.c3533|||||||||||||||||||||||||||||||||||||||||||||||||||||||||||
GeForce RTX 2060 TU104|/gpu-specs/geforce-rtx-2060-tu104.c3495|||||||||||||||||||||||||||||||||||||||||||||||||||||||||||
GeForce RTX 2070 Max-Q Refresh|/gpu-specs/geforce-rtx-2070-max-q-refresh.c3574|||||||||||||||||||||||||||||||||||||||||||||||||||||||||||
GeForce RTX 2070 Mobile Refresh|/gpu-specs/geforce-rtx-2070-mobile-refresh.c3573|||||||||||||||||||||||||||||||||||||||||||||||||||||||||||
GeForce RTX 2070 SUPER Max-Q|/gpu-specs/geforce-rtx-2070-super-max-q.c3563|||||||||||||||||||||||||||||||||||||||||||||||||||||||||||
GeForce RTX 2070 SUPER Mobile|/gpu-specs/geforce-rtx-2070-super-mobile.c3514|||||||||||||||||||||||||||||||||||||||||||||||||||||||||||
GeForce RTX 2080 SUPER Max-Q|/gpu-specs/geforce-rtx-2080-super-max-q.c3566|||||||||||||||||||||||||||||||||||||||||||||||||||||||||||
GeForce RTX 2080 SUPER Mobile|/gpu-specs/geforce-rtx-2080-super-mobile.c3513|||||||||||||||||||||||||||||||||||||||||||||||||||||||||||
GeForce RTX 3060 Ti|/gpu-specs/geforce-rtx-3060-ti.c3681|||||||||||||||||||||||||||||||||||||||||||||||||||||||||||
GeForce RTX 3070|/gpu-specs/geforce-rtx-3070.c3674|||||||||||||||||||||||||||||||||||||||||||||||||||||||||||
GeForce RTX 3080|/gpu-specs/geforce-rtx-3080.c3621|||||||||||||||||||||||||||||||||||||||||||||||||||||||||||
GeForce RTX 3090|/gpu-specs/geforce-rtx-3090.c3622|||||||||||||||||||||||||||||||||||||||||||||||||||||||||||
GRID A100A|/gpu-specs/grid-a100a.c3579|||||||||||||||||||||||||||||||||||||||||||||||||||||||||||
GRID A100B|/gpu-specs/grid-a100b.c3578|||||||||||||||||||||||||||||||||||||||||||||||||||||||||||
GRID RTX T10-2|/gpu-specs/grid-rtx-t10-2.c3815|||||||||||||||||||||||||||||||||||||||||||||||||||||||||||
GRID RTX T10-4|/gpu-specs/grid-rtx-t10-4.c3500|||||||||||||||||||||||||||||||||||||||||||||||||||||||||||
Jetson Xavier NX 16 GB|/gpu-specs/jetson-xavier-nx-16-gb.c4087|||||||||||||||||||||||||||||||||||||||||||||||||||||||||||
Jetson Xavier NX 8 GB|/gpu-specs/jetson-xavier-nx-8-gb.c3642|||||||||||||||||||||||||||||||||||||||||||||||||||||||||||
Quadro RTX 5000 Mobile Refresh|/gpu-specs/quadro-rtx-5000-mobile-refresh.c3625|||||||||||||||||||||||||||||||||||||||||||||||||||||||||||
Quadro RTX 5000 X2 Mobile|/gpu-specs/quadro-rtx-5000-x2-mobile.c4121|||||||||||||||||||||||||||||||||||||||||||||||||||||||||||
Quadro T1000 Mobile GDDR6|/gpu-specs/quadro-t1000-mobile-gddr6.c3624|||||||||||||||||||||||||||||||||||||||||||||||||||||||||||
RTX A6000|/gpu-specs/rtx-a6000.c3686|||||||||||||||||||||||||||||||||||||||||||||||||||||||||||
T500 Max-Q|/gpu-specs/t500-max-q.c4103|||||||||||||||||||||||||||||||||||||||||||||||||||||||||||
T500 Mobile|/gpu-specs/t500-mobile.c3747|||||||||||||||||||||||||||||||||||||||||||||||||||||||||||
Tesla T10 16 GB|/gpu-specs/tesla-t10-16-gb.c4036|||||||||||||||||||||||||||||||||||||||||||||||||||||||||||
A10 PCIe|/gpu-specs/a10-pcie.c3793|||||||||||||||||||||||||||||||||||||||||||||||||||||||||||
A100 PCIe 80 GB|/gpu-specs/a100-pcie-80-gb.c3821|||||||||||||||||||||||||||||||||||||||||||||||||||||||||||
A100X|/gpu-specs/a100x.c3958|||||||||||||||||||||||||||||||||||||||||||||||||||||||||||
A10G|/gpu-specs/a10g.c3798|||||||||||||||||||||||||||||||||||||||||||||||||||||||||||
A16 PCIe|/gpu-specs/a16-pcie.c3794|||||||||||||||||||||||||||||||||||||||||||||||||||||||||||
A2|/gpu-specs/a2.c3848|||||||||||||||||||||||||||||||||||||||||||||||||||||||||||
A2 PCIe|/gpu-specs/a2-pcie.c4112|||||||||||||||||||||||||||||||||||||||||||||||||||||||||||
A30 PCIe|/gpu-specs/a30-pcie.c3792|||||||||||||||||||||||||||||||||||||||||||||||||||||||||||
A30X|/gpu-specs/a30x.c3968|||||||||||||||||||||||||||||||||||||||||||||||||||||||||||
CMP 170HX 10 GB|/gpu-specs/cmp-170hx-10-gb.c3957|||||||||||||||||||||||||||||||||||||||||||||||||||||||||||
CMP 170HX 8 GB|/gpu-specs/cmp-170hx-8-gb.c3830|||||||||||||||||||||||||||||||||||||||||||||||||||||||||||
CMP 30HX|/gpu-specs/cmp-30hx.c3780|||||||||||||||||||||||||||||||||||||||||||||||||||||||||||
CMP 40HX|/gpu-specs/cmp-40hx.c3781|||||||||||||||||||||||||||||||||||||||||||||||||||||||||||
CMP 50HX|/gpu-specs/cmp-50hx.c3782|||||||||||||||||||||||||||||||||||||||||||||||||||||||||||
CMP 70HX|/gpu-specs/cmp-70hx.c3822|||||||||||||||||||||||||||||||||||||||||||||||||||||||||||
CMP 90HX|/gpu-specs/cmp-90hx.c3783|||||||||||||||||||||||||||||||||||||||||||||||||||||||||||
GeForce GT 1010|/gpu-specs/geforce-gt-1010.c3762|||||||||||||||||||||||||||||||||||||||||||||||||||||||||||
GeForce GT 1010 DDR4|/gpu-specs/geforce-gt-1010-ddr4.c3874|||||||||||||||||||||||||||||||||||||||||||||||||||||||||||
GeForce MX550|/gpu-specs/geforce-mx550.c3860|||||||||||||||||||||||||||||||||||||||||||||||||||||||||||
GeForce MX570|/gpu-specs/geforce-mx570.c3919|||||||||||||||||||||||||||||||||||||||||||||||||||||||||||
GeForce MX570 A|/gpu-specs/geforce-mx570-a.c3943|||||||||||||||||||||||||||||||||||||||||||||||||||||||||||
GeForce RTX 2050 Max-Q|/gpu-specs/geforce-rtx-2050-max-q.c4012|||||||||||||||||||||||||||||||||||||||||||||||||||||||||||
GeForce RTX 2050 Mobile|/gpu-specs/geforce-rtx-2050-mobile.c3859|||||||||||||||||||||||||||||||||||||||||||||||||||||||||||
GeForce RTX 2060 12 GB|/gpu-specs/geforce-rtx-2060-12-gb.c3836|||||||||||||||||||||||||||||||||||||||||||||||||||||||||||
GeForce RTX 3050 Max-Q|/gpu-specs/geforce-rtx-3050-max-q.c3972|||||||||||||||||||||||||||||||||||||||||||||||||||||||||||
GeForce RTX 3050 Mobile|/gpu-specs/geforce-rtx-3050-mobile.c3788|||||||||||||||||||||||||||||||||||||||||||||||||||||||||||
GeForce RTX 3050 Ti Max-Q|/gpu-specs/geforce-rtx-3050-ti-max-q.c4149|||||||||||||||||||||||||||||||||||||||||||||||||||||||||||
GeForce RTX 3050 Ti Mobile|/gpu-specs/geforce-rtx-3050-ti-mobile.c3812|||||||||||||||||||||||||||||||||||||||||||||||||||||||||||
GeForce RTX 3050 Ti Mobile|/gpu-specs/geforce-rtx-3050-ti-mobile.c3778|||||||||||||||||||||||||||||||||||||||||||||||||||||||||||
GeForce RTX 3060 12 GB|/gpu-specs/geforce-rtx-3060-12-gb.c3682|||||||||||||||||||||||||||||||||||||||||||||||||||||||||||
GeForce RTX 3060 12 GB GA104|/gpu-specs/geforce-rtx-3060-12-gb-ga104.c3832|||||||||||||||||||||||||||||||||||||||||||||||||||||||||||
GeForce RTX 3060 3840SP|/gpu-specs/geforce-rtx-3060-3840sp.c4080|||||||||||||||||||||||||||||||||||||||||||||||||||||||||||
GeForce RTX 3060 Max-Q|/gpu-specs/geforce-rtx-3060-max-q.c3752|||||||||||||||||||||||||||||||||||||||||||||||||||||||||||
GeForce RTX 3060 Mobile|/gpu-specs/geforce-rtx-3060-mobile.c3757|||||||||||||||||||||||||||||||||||||||||||||||||||||||||||
GeForce RTX 3070 6144SP|/gpu-specs/geforce-rtx-3070-6144sp.c4242|||||||||||||||||||||||||||||||||||||||||||||||||||||||||||
GeForce RTX 3070 Max-Q|/gpu-specs/geforce-rtx-3070-max-q.c3685|||||||||||||||||||||||||||||||||||||||||||||||||||||||||||
GeForce RTX 3070 Mobile|/gpu-specs/geforce-rtx-3070-mobile.c3712|||||||||||||||||||||||||||||||||||||||||||||||||||||||||||
GeForce RTX 3070 Ti|/gpu-specs/geforce-rtx-3070-ti.c3675|||||||||||||||||||||||||||||||||||||||||||||||||||||||||||
GeForce RTX 3080 Max-Q|/gpu-specs/geforce-rtx-3080-max-q.c3753|||||||||||||||||||||||||||||||||||||||||||||||||||||||||||
GeForce RTX 3080 Mobile|/gpu-specs/geforce-rtx-3080-mobile.c3684|||||||||||||||||||||||||||||||||||||||||||||||||||||||||||
GeForce RTX 3080 Ti|/gpu-specs/geforce-rtx-3080-ti.c3735|||||||||||||||||||||||||||||||||||||||||||||||||||||||||||
PG506-207|/gpu-specs/pg506-207.c3962|||||||||||||||||||||||||||||||||||||||||||||||||||||||||||
PG506-217|/gpu-specs/pg506-217.c3963|||||||||||||||||||||||||||||||||||||||||||||||||||||||||||
PG506-232|/gpu-specs/pg506-232.c3799|||||||||||||||||||||||||||||||||||||||||||||||||||||||||||
PG506-242|/gpu-specs/pg506-242.c3823|||||||||||||||||||||||||||||||||||||||||||||||||||||||||||
Quadro T1200 Max-Q|/gpu-specs/quadro-t1200-max-q.c4006|||||||||||||||||||||||||||||||||||||||||||||||||||||||||||
Quadro T1200 Mobile|/gpu-specs/quadro-t1200-mobile.c3803|||||||||||||||||||||||||||||||||||||||||||||||||||||||||||
RTX A2000|/gpu-specs/rtx-a2000.c3820|||||||||||||||||||||||||||||||||||||||||||||||||||||||||||
RTX A2000 12 GB|/gpu-specs/rtx-a2000-12-gb.c3853|||||||||||||||||||||||||||||||||||||||||||||||||||||||||||
RTX A2000 Max-Q|/gpu-specs/rtx-a2000-max-q.c4007|||||||||||||||||||||||||||||||||||||||||||||||||||||||||||
RTX A2000 Max-Q 8 GB|/gpu-specs/rtx-a2000-max-q-8-gb.c4288|||||||||||||||||||||||||||||||||||||||||||||||||||||||||||
RTX A2000 Mobile|/gpu-specs/rtx-a2000-mobile.c3827|||||||||||||||||||||||||||||||||||||||||||||||||||||||||||
RTX A2000 Mobile 8 GB|/gpu-specs/rtx-a2000-mobile-8-gb.c4287|||||||||||||||||||||||||||||||||||||||||||||||||||||||||||
RTX A3000 Mobile|/gpu-specs/rtx-a3000-mobile.c3806|||||||||||||||||||||||||||||||||||||||||||||||||||||||||||
RTX A3000 Mobile 12 GB|/gpu-specs/rtx-a3000-mobile-12-gb.c3904|||||||||||||||||||||||||||||||||||||||||||||||||||||||||||
RTX A4 Mobile|/gpu-specs/rtx-a4-mobile.c3789|||||||||||||||||||||||||||||||||||||||||||||||||||||||||||
RTX A4000|/gpu-specs/rtx-a4000.c3756|||||||||||||||||||||||||||||||||||||||||||||||||||||||||||
RTX A4000 Max-Q|/gpu-specs/rtx-a4000-max-q.c4008|||||||||||||||||||||||||||||||||||||||||||||||||||||||||||
RTX A4000 Mobile|/gpu-specs/rtx-a4000-mobile.c3804|||||||||||||||||||||||||||||||||||||||||||||||||||||||||||
RTX A4000H|/gpu-specs/rtx-a4000h.c3969|||||||||||||||||||||||||||||||||||||||||||||||||||||||||||
RTX A4500|/gpu-specs/rtx-a4500.c3849|||||||||||||||||||||||||||||||||||||||||||||||||||||||||||
RTX A500|/gpu-specs/rtx-a500.c3989|||||||||||||||||||||||||||||||||||||||||||||||||||||||||||
RTX A5000|/gpu-specs/rtx-a5000.c3748|||||||||||||||||||||||||||||||||||||||||||||||||||||||||||
RTX A5000 Max-Q|/gpu-specs/rtx-a5000-max-q.c4010|||||||||||||||||||||||||||||||||||||||||||||||||||||||||||
RTX A5000 Mobile|/gpu-specs/rtx-a5000-mobile.c3805|||||||||||||||||||||||||||||||||||||||||||||||||||||||||||
RTX A5000-12Q|/gpu-specs/rtx-a5000-12q.c3991|||||||||||||||||||||||||||||||||||||||||||||||||||||||||||
RTX A5000-8Q|/gpu-specs/rtx-a5000-8q.c3990|||||||||||||||||||||||||||||||||||||||||||||||||||||||||||
T1000|/gpu-specs/t1000.c3797|||||||||||||||||||||||||||||||||||||||||||||||||||||||||||
T1000 8 GB|/gpu-specs/t1000-8-gb.c3842|||||||||||||||||||||||||||||||||||||||||||||||||||||||||||
T400|/gpu-specs/t400.c3808|||||||||||||||||||||||||||||||||||||||||||||||||||||||||||
T400 4 GB|/gpu-specs/t400-4-gb.c3843|||||||||||||||||||||||||||||||||||||||||||||||||||||||||||
T600|/gpu-specs/t600.c3796|||||||||||||||||||||||||||||||||||||||||||||||||||||||||||
T600 Max-Q|/gpu-specs/t600-max-q.c3817|||||||||||||||||||||||||||||||||||||||||||||||||||||||||||
T600 Mobile|/gpu-specs/t600-mobile.c4151|||||||||||||||||||||||||||||||||||||||||||||||||||||||||||
A10M|/gpu-specs/a10m.c4200|||||||||||||||||||||||||||||||||||||||||||||||||||||||||||
A800 PCIe 40 GB|/gpu-specs/a800-pcie-40-gb.c3964|||||||||||||||||||||||||||||||||||||||||||||||||||||||||||
A800 PCIe 80 GB|/gpu-specs/a800-pcie-80-gb.c3965|||||||||||||||||||||||||||||||||||||||||||||||||||||||||||
A800 SXM4 80 GB|/gpu-specs/a800-sxm4-80-gb.c3966|||||||||||||||||||||||||||||||||||||||||||||||||||||||||||
GeForce GTX 1630|/gpu-specs/geforce-gtx-1630.c3916|||||||||||||||||||||||||||||||||||||||||||||||||||||||||||
GeForce RTX 3050 4 GB|/gpu-specs/geforce-rtx-3050-4-gb.c3744|||||||||||||||||||||||||||||||||||||||||||||||||||||||||||
GeForce RTX 3050 8 GB|/gpu-specs/geforce-rtx-3050-8-gb.c3858|||||||||||||||||||||||||||||||||||||||||||||||||||||||||||
GeForce RTX 3050 8 GB GA107|/gpu-specs/geforce-rtx-3050-8-gb-ga107.c3880|||||||||||||||||||||||||||||||||||||||||||||||||||||||||||
GeForce RTX 3050 Max-Q Refresh 4 GB|/gpu-specs/geforce-rtx-3050-max-q-refresh-4-gb.c4092|||||||||||||||||||||||||||||||||||||||||||||||||||||||||||
GeForce RTX 3050 Max-Q Refresh 6 GB|/gpu-specs/geforce-rtx-3050-max-q-refresh-6-gb.c3970|||||||||||||||||||||||||||||||||||||||||||||||||||||||||||
GeForce RTX 3050 Mobile Refresh 4 GB|/gpu-specs/geforce-rtx-3050-mobile-refresh-4-gb.c4156|||||||||||||||||||||||||||||||||||||||||||||||||||||||||||
GeForce RTX 3050 Mobile Refresh 6 GB|/gpu-specs/geforce-rtx-3050-mobile-refresh-6-gb.c3971|||||||||||||||||||||||||||||||||||||||||||||||||||||||||||
GeForce RTX 3050 OEM|/gpu-specs/geforce-rtx-3050-oem.c3915|||||||||||||||||||||||||||||||||||||||||||||||||||||||||||
GeForce RTX 3060 8 GB|/gpu-specs/geforce-rtx-3060-8-gb.c3937|||||||||||||||||||||||||||||||||||||||||||||||||||||||||||
GeForce RTX 3060 8 GB GA104|/gpu-specs/geforce-rtx-3060-8-gb-ga104.c4132|||||||||||||||||||||||||||||||||||||||||||||||||||||||||||
GeForce RTX 3060 Ti GA103|/gpu-specs/geforce-rtx-3060-ti-ga103.c3872|||||||||||||||||||||||||||||||||||||||||||||||||||||||||||
GeForce RTX 3060 Ti GDDR6X|/gpu-specs/geforce-rtx-3060-ti-gddr6x.c3935|||||||||||||||||||||||||||||||||||||||||||||||||||||||||||
GeForce RTX 3070 Ti 16 GB|/gpu-specs/geforce-rtx-3070-ti-16-gb.c3835|||||||||||||||||||||||||||||||||||||||||||||||||||||||||||
GeForce RTX 3070 Ti 8 GB GA102|/gpu-specs/geforce-rtx-3070-ti-8-gb-ga102.c3936|||||||||||||||||||||||||||||||||||||||||||||||||||||||||||
GeForce RTX 3070 Ti Max-Q|/gpu-specs/geforce-rtx-3070-ti-max-q.c3923|||||||||||||||||||||||||||||||||||||||||||||||||||||||||||
GeForce RTX 3070 Ti Mobile|/gpu-specs/geforce-rtx-3070-ti-mobile.c3852|||||||||||||||||||||||||||||||||||||||||||||||||||||||||||
GeForce RTX 3070 TiM|/gpu-specs/geforce-rtx-3070-tim.c3951|||||||||||||||||||||||||||||||||||||||||||||||||||||||||||
GeForce RTX 3080 12 GB|/gpu-specs/geforce-rtx-3080-12-gb.c3834|||||||||||||||||||||||||||||||||||||||||||||||||||||||||||
GeForce RTX 3080 Ti 20 GB|/gpu-specs/geforce-rtx-3080-ti-20-gb.c3831|||||||||||||||||||||||||||||||||||||||||||||||||||||||||||
GeForce RTX 3080 Ti Max-Q|/gpu-specs/geforce-rtx-3080-ti-max-q.c3841|||||||||||||||||||||||||||||||||||||||||||||||||||||||||||
GeForce RTX 3080 Ti Mobile|/gpu-specs/geforce-rtx-3080-ti-mobile.c3840|||||||||||||||||||||||||||||||||||||||||||||||||||||||||||
GeForce RTX 3090 Ti|/gpu-specs/geforce-rtx-3090-ti.c3829|||||||||||||||||||||||||||||||||||||||||||||||||||||||||||
GeForce RTX 4080|/gpu-specs/geforce-rtx-4080.c3888|||||||||||||||||||||||||||||||||||||||||||||||||||||||||||
GeForce RTX 4080 12 GB|/gpu-specs/geforce-rtx-4080-12-gb.c3932|||||||||||||||||||||||||||||||||||||||||||||||||||||||||||
GeForce RTX 4090|/gpu-specs/geforce-rtx-4090.c3889|||||||||||||||||||||||||||||||||||||||||||||||||||||||||||
H100 PCIe 80 GB|/gpu-specs/h100-pcie-80-gb.c3899|||||||||||||||||||||||||||||||||||||||||||||||||||||||||||
H100 SXM5 80 GB|/gpu-specs/h100-sxm5-80-gb.c3900|||||||||||||||||||||||||||||||||||||||||||||||||||||||||||
L40|/gpu-specs/l40.c3959|||||||||||||||||||||||||||||||||||||||||||||||||||||||||||
L40 CNX|/gpu-specs/l40-cnx.c3961|||||||||||||||||||||||||||||||||||||||||||||||||||||||||||
L40G|/gpu-specs/l40g.c3960|||||||||||||||||||||||||||||||||||||||||||||||||||||||||||
L40S|/gpu-specs/l40s.c4173|||||||||||||||||||||||||||||||||||||||||||||||||||||||||||
RTX 6000 Ada Generation|/gpu-specs/rtx-6000-ada-generation.c3933|||||||||||||||||||||||||||||||||||||||||||||||||||||||||||
RTX A1000 Embedded|/gpu-specs/rtx-a1000-embedded.c3895|||||||||||||||||||||||||||||||||||||||||||||||||||||||||||
RTX A1000 Mobile|/gpu-specs/rtx-a1000-mobile.c3920|||||||||||||||||||||||||||||||||||||||||||||||||||||||||||
RTX A1000 Mobile 6 GB|/gpu-specs/rtx-a1000-mobile-6-gb.c4137|||||||||||||||||||||||||||||||||||||||||||||||||||||||||||
RTX A2000 Embedded|/gpu-specs/rtx-a2000-embedded.c3861|||||||||||||||||||||||||||||||||||||||||||||||||||||||||||
RTX A3000 Mobile 12 GB|/gpu-specs/rtx-a3000-mobile-12-gb.c3903|||||||||||||||||||||||||||||||||||||||||||||||||||||||||||
RTX A4500 Embedded|/gpu-specs/rtx-a4500-embedded.c3893|||||||||||||||||||||||||||||||||||||||||||||||||||||||||||
RTX A4500 Max-Q|/gpu-specs/rtx-a4500-max-q.c4009|||||||||||||||||||||||||||||||||||||||||||||||||||||||||||
RTX A4500 Mobile|/gpu-specs/rtx-a4500-mobile.c3851|||||||||||||||||||||||||||||||||||||||||||||||||||||||||||
RTX A500 Embedded|/gpu-specs/rtx-a500-embedded.c3896|||||||||||||||||||||||||||||||||||||||||||||||||||||||||||
RTX A500 Mobile|/gpu-specs/rtx-a500-mobile.c3939|||||||||||||||||||||||||||||||||||||||||||||||||||||||||||
RTX A5500|/gpu-specs/rtx-a5500.c3901|||||||||||||||||||||||||||||||||||||||||||||||||||||||||||
RTX A5500 Max-Q|/gpu-specs/rtx-a5500-max-q.c4011|||||||||||||||||||||||||||||||||||||||||||||||||||||||||||
RTX A5500 Mobile|/gpu-specs/rtx-a5500-mobile.c3902|||||||||||||||||||||||||||||||||||||||||||||||||||||||||||
T550 Mobile|/gpu-specs/t550-mobile.c3918|||||||||||||||||||||||||||||||||||||||||||||||||||||||||||
GeForce RTX 4050|/gpu-specs/geforce-rtx-4050.c3892|||||||||||||||||||||||||||||||||||||||||||||||||||||||||||
GeForce RTX 4050 Max-Q|/gpu-specs/geforce-rtx-4050-max-q.c3987|||||||||||||||||||||||||||||||||||||||||||||||||||||||||||
GeForce RTX 4050 Mobile|/gpu-specs/geforce-rtx-4050-mobile.c3953|||||||||||||||||||||||||||||||||||||||||||||||||||||||||||
GeForce RTX 4060|/gpu-specs/geforce-rtx-4060.c4107|||||||||||||||||||||||||||||||||||||||||||||||||||||||||||
GeForce RTX 4060 Max-Q|/gpu-specs/geforce-rtx-4060-max-q.c3986|||||||||||||||||||||||||||||||||||||||||||||||||||||||||||
GeForce RTX 4060 Mobile|/gpu-specs/geforce-rtx-4060-mobile.c3946|||||||||||||||||||||||||||||||||||||||||||||||||||||||||||
GeForce RTX 4060 Ti 16 GB|/gpu-specs/geforce-rtx-4060-ti-16-gb.c4155|||||||||||||||||||||||||||||||||||||||||||||||||||||||||||
GeForce RTX 4060 Ti 8 GB|/gpu-specs/geforce-rtx-4060-ti-8-gb.c3890|||||||||||||||||||||||||||||||||||||||||||||||||||||||||||
GeForce RTX 4070|/gpu-specs/geforce-rtx-4070.c3924|||||||||||||||||||||||||||||||||||||||||||||||||||||||||||
GeForce RTX 4070 Max-Q|/gpu-specs/geforce-rtx-4070-max-q.c3954|||||||||||||||||||||||||||||||||||||||||||||||||||||||||||
GeForce RTX 4070 Mobile|/gpu-specs/geforce-rtx-4070-mobile.c3944|||||||||||||||||||||||||||||||||||||||||||||||||||||||||||
GeForce RTX 4070 Ti|/gpu-specs/geforce-rtx-4070-ti.c3950|||||||||||||||||||||||||||||||||||||||||||||||||||||||||||
GeForce RTX 4080 Max-Q|/gpu-specs/geforce-rtx-4080-max-q.c3948|||||||||||||||||||||||||||||||||||||||||||||||||||||||||||
GeForce RTX 4080 Mobile|/gpu-specs/geforce-rtx-4080-mobile.c3947|||||||||||||||||||||||||||||||||||||||||||||||||||||||||||
GeForce RTX 4080 Ti|/gpu-specs/geforce-rtx-4080-ti.c3887|||||||||||||||||||||||||||||||||||||||||||||||||||||||||||
GeForce RTX 4090 D|/gpu-specs/geforce-rtx-4090-d.c4189|||||||||||||||||||||||||||||||||||||||||||||||||||||||||||
GeForce RTX 4090 Max-Q|/gpu-specs/geforce-rtx-4090-max-q.c3988|||||||||||||||||||||||||||||||||||||||||||||||||||||||||||
GeForce RTX 4090 Mobile|/gpu-specs/geforce-rtx-4090-mobile.c3949|||||||||||||||||||||||||||||||||||||||||||||||||||||||||||
GeForce RTX 4090 Ti|/gpu-specs/geforce-rtx-4090-ti.c3917|||||||||||||||||||||||||||||||||||||||||||||||||||||||||||
H100 CNX|/gpu-specs/h100-cnx.c4131|||||||||||||||||||||||||||||||||||||||||||||||||||||||||||
H100 PCIe 96 GB|/gpu-specs/h100-pcie-96-gb.c4164|||||||||||||||||||||||||||||||||||||||||||||||||||||||||||
H100 SXM5 64 GB|/gpu-specs/h100-sxm5-64-gb.c4165|||||||||||||||||||||||||||||||||||||||||||||||||||||||||||
H100 SXM5 94 GB|/gpu-specs/h100-sxm5-94-gb.c4294|||||||||||||||||||||||||||||||||||||||||||||||||||||||||||
H100 SXM5 96 GB|/gpu-specs/h100-sxm5-96-gb.c3974|||||||||||||||||||||||||||||||||||||||||||||||||||||||||||
H800 PCIe 80 GB|/gpu-specs/h800-pcie-80-gb.c4181|||||||||||||||||||||||||||||||||||||||||||||||||||||||||||
H800 SXM5|/gpu-specs/h800-sxm5.c3975|||||||||||||||||||||||||||||||||||||||||||||||||||||||||||
Jetson AGX Orin 32 GB|/gpu-specs/jetson-agx-orin-32-gb.c4084|||||||||||||||||||||||||||||||||||||||||||||||||||||||||||
Jetson AGX Orin 64 GB|/gpu-specs/jetson-agx-orin-64-gb.c4085|||||||||||||||||||||||||||||||||||||||||||||||||||||||||||
Jetson Orin Nano 4 GB|/gpu-specs/jetson-orin-nano-4-gb.c4083|||||||||||||||||||||||||||||||||||||||||||||||||||||||||||
Jetson Orin Nano 8 GB|/gpu-specs/jetson-orin-nano-8-gb.c4082|||||||||||||||||||||||||||||||||||||||||||||||||||||||||||
Jetson Orin NX 16 GB|/gpu-specs/jetson-orin-nx-16-gb.c4086|||||||||||||||||||||||||||||||||||||||||||||||||||||||||||
Jetson Orin NX 8 GB|/gpu-specs/jetson-orin-nx-8-gb.c4081|||||||||||||||||||||||||||||||||||||||||||||||||||||||||||
L20|/gpu-specs/l20.c4206|||||||||||||||||||||||||||||||||||||||||||||||||||||||||||
L4|/gpu-specs/l4.c4091|||||||||||||||||||||||||||||||||||||||||||||||||||||||||||
RTX 2000 Embedded Ada Generation|/gpu-specs/rtx-2000-embedded-ada-generation.c4177|||||||||||||||||||||||||||||||||||||||||||||||||||||||||||
RTX 2000 Max-Q Ada Generation|/gpu-specs/rtx-2000-max-q-ada-generation.c4094|||||||||||||||||||||||||||||||||||||||||||||||||||||||||||
RTX 2000 Mobile Ada Generation|/gpu-specs/rtx-2000-mobile-ada-generation.c4093|||||||||||||||||||||||||||||||||||||||||||||||||||||||||||
RTX 3000 Mobile Ada Generation|/gpu-specs/rtx-3000-mobile-ada-generation.c4095|||||||||||||||||||||||||||||||||||||||||||||||||||||||||||
RTX 3500 Embedded Ada Generation|/gpu-specs/rtx-3500-embedded-ada-generation.c4201|||||||||||||||||||||||||||||||||||||||||||||||||||||||||||
RTX 3500 Mobile Ada Generation|/gpu-specs/rtx-3500-mobile-ada-generation.c4098|||||||||||||||||||||||||||||||||||||||||||||||||||||||||||
RTX 4000 Ada Generation|/gpu-specs/rtx-4000-ada-generation.c4171|||||||||||||||||||||||||||||||||||||||||||||||||||||||||||
RTX 4000 Mobile Ada Generation|/gpu-specs/rtx-4000-mobile-ada-generation.c4096|||||||||||||||||||||||||||||||||||||||||||||||||||||||||||
RTX 4000 SFF Ada Generation|/gpu-specs/rtx-4000-sff-ada-generation.c4139|||||||||||||||||||||||||||||||||||||||||||||||||||||||||||
RTX 4500 Ada Generation|/gpu-specs/rtx-4500-ada-generation.c4172|||||||||||||||||||||||||||||||||||||||||||||||||||||||||||
RTX 5000 Ada Generation|/gpu-specs/rtx-5000-ada-generation.c4152|||||||||||||||||||||||||||||||||||||||||||||||||||||||||||
RTX 5000 Embedded Ada Generation|/gpu-specs/rtx-5000-embedded-ada-generation.c4176|||||||||||||||||||||||||||||||||||||||||||||||||||||||||||
RTX 5000 Embedded Ada Generation X2|/gpu-specs/rtx-5000-embedded-ada-generation-x2.c4256|||||||||||||||||||||||||||||||||||||||||||||||||||||||||||
RTX 5000 Max-Q Ada Generation|/gpu-specs/rtx-5000-max-q-ada-generation.c4154|||||||||||||||||||||||||||||||||||||||||||||||||||||||||||
RTX 5000 Mobile Ada Generation|/gpu-specs/rtx-5000-mobile-ada-generation.c4097|||||||||||||||||||||||||||||||||||||||||||||||||||||||||||
TITAN Ada|/gpu-specs/titan-ada.c3985|||||||||||||||||||||||||||||||||||||||||||||||||||||||||||
B100|/gpu-specs/b100.c4275|||||||||||||||||||||||||||||||||||||||||||||||||||||||||||
B200 SXM 192 GB|/gpu-specs/b200-sxm-192-gb.c4210|||||||||||||||||||||||||||||||||||||||||||||||||||||||||||
GeForce RTX 3050 6 GB|/gpu-specs/geforce-rtx-3050-6-gb.c4188|||||||||||||||||||||||||||||||||||||||||||||||||||||||||||
GeForce RTX 3050 A Mobile|/gpu-specs/geforce-rtx-3050-a-mobile.c4227|||||||||||||||||||||||||||||||||||||||||||||||||||||||||||
GeForce RTX 4010|/gpu-specs/geforce-rtx-4010.c4247|||||||||||||||||||||||||||||||||||||||||||||||||||||||||||
GeForce RTX 4060 AD106|/gpu-specs/geforce-rtx-4060-ad106.c3891|||||||||||||||||||||||||||||||||||||||||||||||||||||||||||
GeForce RTX 4060 Ti AD104|/gpu-specs/geforce-rtx-4060-ti-ad104.c4204|||||||||||||||||||||||||||||||||||||||||||||||||||||||||||
GeForce RTX 4070 10 GB|/gpu-specs/geforce-rtx-4070-10-gb.c4226|||||||||||||||||||||||||||||||||||||||||||||||||||||||||||
GeForce RTX 4070 AD103|/gpu-specs/geforce-rtx-4070-ad103.c4205|||||||||||||||||||||||||||||||||||||||||||||||||||||||||||
GeForce RTX 4070 GDDR6|/gpu-specs/geforce-rtx-4070-gddr6.c4228|||||||||||||||||||||||||||||||||||||||||||||||||||||||||||
GeForce RTX 4070 SUPER|/gpu-specs/geforce-rtx-4070-super.c4186|||||||||||||||||||||||||||||||||||||||||||||||||||||||||||
GeForce RTX 4070 Ti SUPER|/gpu-specs/geforce-rtx-4070-ti-super.c4187|||||||||||||||||||||||||||||||||||||||||||||||||||||||||||
GeForce RTX 4070 Ti SUPER AD102|/gpu-specs/geforce-rtx-4070-ti-super-ad102.c4215|||||||||||||||||||||||||||||||||||||||||||||||||||||||||||
GeForce RTX 4080 SUPER|/gpu-specs/geforce-rtx-4080-super.c4182|||||||||||||||||||||||||||||||||||||||||||||||||||||||||||
H200 NVL|/gpu-specs/h200-nvl.c4254|||||||||||||||||||||||||||||||||||||||||||||||||||||||||||
H200 SXM 141 GB|/gpu-specs/h200-sxm-141-gb.c4255|||||||||||||||||||||||||||||||||||||||||||||||||||||||||||
RTX 1000 Mobile Ada Generation|/gpu-specs/rtx-1000-mobile-ada-generation.c4208|||||||||||||||||||||||||||||||||||||||||||||||||||||||||||
RTX 2000 Ada Generation|/gpu-specs/rtx-2000-ada-generation.c4199|||||||||||||||||||||||||||||||||||||||||||||||||||||||||||
RTX 500 Mobile Ada Generation|/gpu-specs/rtx-500-mobile-ada-generation.c4207|||||||||||||||||||||||||||||||||||||||||||||||||||||||||||
RTX 5880 Ada Generation|/gpu-specs/rtx-5880-ada-generation.c4191|||||||||||||||||||||||||||||||||||||||||||||||||||||||||||
RTX A1000|/gpu-specs/rtx-a1000.c4211|||||||||||||||||||||||||||||||||||||||||||||||||||||||||||
RTX A400|/gpu-specs/rtx-a400.c4212|||||||||||||||||||||||||||||||||||||||||||||||||||||||||||
GeForce RTX 5050|/gpu-specs/geforce-rtx-5050.c4220|||||||||||||||||||||||||||||||||||||||||||||||||||||||||||
GeForce RTX 5050 Mobile|/gpu-specs/geforce-rtx-5050-mobile.c4239|||||||||||||||||||||||||||||||||||||||||||||||||||||||||||
GeForce RTX 5060|/gpu-specs/geforce-rtx-5060.c4219|||||||||||||||||||||||||||||||||||||||||||||||||||||||||||
GeForce RTX 5060 Mobile|/gpu-specs/geforce-rtx-5060-mobile.c4230|||||||||||||||||||||||||||||||||||||||||||||||||||||||||||
GeForce RTX 5060 Ti 16 GB|/gpu-specs/geforce-rtx-5060-ti-16-gb.c4292|||||||||||||||||||||||||||||||||||||||||||||||||||||||||||
GeForce RTX 5060 Ti 8 GB|/gpu-specs/geforce-rtx-5060-ti-8-gb.c4246|||||||||||||||||||||||||||||||||||||||||||||||||||||||||||
GeForce RTX 5070|/gpu-specs/geforce-rtx-5070.c4218|||||||||||||||||||||||||||||||||||||||||||||||||||||||||||
GeForce RTX 5070 Mobile|/gpu-specs/geforce-rtx-5070-mobile.c4237|||||||||||||||||||||||||||||||||||||||||||||||||||||||||||
GeForce RTX 5070 SUPER|/gpu-specs/geforce-rtx-5070-super.c4311|||||||||||||||||||||||||||||||||||||||||||||||||||||||||||
GeForce RTX 5070 Ti|/gpu-specs/geforce-rtx-5070-ti.c4243|||||||||||||||||||||||||||||||||||||||||||||||||||||||||||
GeForce RTX 5070 Ti Mobile|/gpu-specs/geforce-rtx-5070-ti-mobile.c4238|||||||||||||||||||||||||||||||||||||||||||||||||||||||||||
GeForce RTX 5070 Ti SUPER|/gpu-specs/geforce-rtx-5070-ti-super.c4312|||||||||||||||||||||||||||||||||||||||||||||||||||||||||||
GeForce RTX 5080|/gpu-specs/geforce-rtx-5080.c4217|||||||||||||||||||||||||||||||||||||||||||||||||||||||||||
GeForce RTX 5080 Mobile|/gpu-specs/geforce-rtx-5080-mobile.c4236|||||||||||||||||||||||||||||||||||||||||||||||||||||||||||
GeForce RTX 5090|/gpu-specs/geforce-rtx-5090.c4216|||||||||||||||||||||||||||||||||||||||||||||||||||||||||||
GeForce RTX 5090 D|/gpu-specs/geforce-rtx-5090-d.c4253|||||||||||||||||||||||||||||||||||||||||||||||||||||||||||
GeForce RTX 5090 Mobile|/gpu-specs/geforce-rtx-5090-mobile.c4235|||||||||||||||||||||||||||||||||||||||||||||||||||||||||||
RTX PRO 4000 Blackwell|/gpu-specs/rtx-pro-4000-blackwell.c4279|||||||||||||||||||||||||||||||||||||||||||||||||||||||||||
RTX PRO 4500 Blackwell|/gpu-specs/rtx-pro-4500-blackwell.c4278|||||||||||||||||||||||||||||||||||||||||||||||||||||||||||
RTX PRO 5000 Blackwell|/gpu-specs/rtx-pro-5000-blackwell.c4276|||||||||||||||||||||||||||||||||||||||||||||||||||||||||||
RTX PRO 6000 Blackwell|/gpu-specs/rtx-pro-6000-blackwell.c4272|||||||||||||||||||||||||||||||||||||||||||||||||||||||||||
RTX PRO 6000 Blackwell Max-Q|/gpu-specs/rtx-pro-6000-blackwell-max-q.c4273|||||||||||||||||||||||||||||||||||||||||||||||||||||||||||
RTX PRO 6000 Blackwell Server|/gpu-specs/rtx-pro-6000-blackwell-server.c4274|||||||||||||||||||||||||||||||||||||||||||||||||||||||||||
Switch 2 GPU|/gpu-specs/switch-2-gpu.c4313|||||||||||||||||||||||||||||||||||||||||||||||||||||||||||
