Model,Base Clock,Boost Clock,Memory Clock,Memory Size,Memory Type,Memory Bus,Bandwidth,TDP,L1 Cache,L2 Cache,Shading Units,FP32 (float),Hashrate,AI Cores
firepro m3900,,,900.0,1024.0,GDDR3,64.0,14.4,20.0,8.0,128.0,160.0,240.0,,
firepro rg220,,,800.0,512.0,GDDR3,256.0,51.2,35.0,,,80.0,80.0,,
firepro rg220a,,,800.0,512.0,GDDR3,256.0,51.2,35.0,,,80.0,80.0,,
firestream 9350,,,1000.0,2048.0,GDDR5,256.0,128.0,150.0,8.0,512.0,1440.0,2016.0,,
firestream 9370,,,1150.0,4096.0,GDDR5,256.0,147.2,225.0,8.0,512.0,1600.0,2640.0,,
radeon hd 6250 igp,,,,System Shared,System Shared,,System Dependent,9.0,,,80.0,80.0,,0.0
radeon hd 6310 igp,,,,System Shared,System Shared,,System Dependent,18.0,,,80.0,44.16,,0.0
radeon hd 6310 igp,,,,System Shared,System Shared,,System Dependent,18.0,,,80.0,78.08,,0.0
radeon hd 6330m,,,800.0,1024.0,GDDR3,64.0,12.8,7.0,8.0,128.0,80.0,80.0,,0.0
radeon hd 6350m,,,800.0,1024.0,GDDR3,64.0,12.8,7.0,8.0,128.0,80.0,80.0,,0.0
radeon hd 6370m,,,800.0,1024.0,GDDR3,64.0,12.8,11.0,8.0,128.0,80.0,120.0,,0.0
radeon hd 6530m,,,900.0,1024.0,DDR3,128.0,28.8,26.0,8.0,256.0,400.0,360.0,,0.0
radeon hd 6550m,,,900.0,1024.0,DDR3,128.0,28.8,26.0,8.0,256.0,400.0,520.0,,0.0
radeon hd 6550m,,,900.0,1024.0,DDR3,128.0,28.8,26.0,8.0,256.0,400.0,480.0,,0.0
radeon hd 6570m,,,800.0,1024.0,GDDR3,128.0,25.6,30.0,8.0,256.0,400.0,520.0,,0.0
radeon hd 6850,,,1000.0,1024.0,GDDR5,256.0,128.0,127.0,8.0,512.0,960.0,1488.0,,0.0
radeon hd 6870,,,1050.0,1024.0,GDDR5,256.0,134.4,151.0,8.0,512.0,1120.0,2016.0,,0.0
radeon hd 6950,,,1250.0,2048.0,GDDR5,256.0,160.0,200.0,8.0,512.0,1408.0,2253.0,,0.0
radeon hd 6970,,,1375.0,2048.0,GDDR5,256.0,176.0,250.0,8.0,512.0,1536.0,2703.0,,0.0
firepro 2270,,,600.0,512.0,GDDR3,64.0,9.6,15.0,8.0,128.0,80.0,96.0,,
firepro 2270 pcie x1,,,600.0,512.0,GDDR3,64.0,9.6,15.0,8.0,128.0,80.0,96.0,,
firepro m5950,,,900.0,1024.0,GDDR5,128.0,57.6,35.0,8.0,256.0,480.0,696.0,,
firepro m8900,,,900.0,2048.0,GDDR5,256.0,115.2,75.0,8.0,512.0,960.0,1305.6,,
firepro v4900,,,1000.0,1024.0,GDDR5,128.0,64.0,75.0,8.0,256.0,480.0,768.0,,
firepro v5900,,,500.0,2048.0,GDDR5,256.0,64.0,75.0,8.0,512.0,512.0,614.4,,
firepro v7900,,,1250.0,2048.0,GDDR5,256.0,160.0,150.0,8.0,512.0,1280.0,1856.0,,
firepro v7900 sdi,,,1250.0,2048.0,GDDR5,256.0,160.0,150.0,8.0,512.0,1280.0,1856.0,,
radeon e6460,,,800.0,512.0,GDDR5,64.0,25.6,25.0,8.0,128.0,160.0,192.0,,0.0
radeon e6760 mxm,,,800.0,1024.0,GDDR5,128.0,51.2,45.0,8.0,256.0,480.0,576.0,,0.0
radeon e6760 pcie,,,800.0,1024.0,GDDR5,128.0,51.2,45.0,8.0,256.0,480.0,576.0,,0.0
radeon hd 6230,,,667.0,512.0,DDR2,64.0,10.67,19.0,8.0,128.0,80.0,104.0,,0.0
radeon hd 6250,,,500.0,512.0,GDDR3,64.0,8.0,19.0,8.0,128.0,80.0,104.0,,0.0
radeon hd 6290,,,800.0,1024.0,GDDR3,64.0,12.8,19.0,8.0,128.0,80.0,104.0,,0.0
radeon hd 6290 igp,,,,System Shared,System Shared,,System Dependent,9.0,,,80.0,44.16,,0.0
radeon hd 6320 igp,,,,System Shared,System Shared,,System Dependent,18.0,,,80.0,81.28,,0.0
radeon hd 6350,,,400.0,512.0,GDDR3,64.0,6.4,19.0,8.0,128.0,80.0,104.0,,0.0
radeon hd 6350,,,500.0,512.0,GDDR3,64.0,8.0,19.0,8.0,128.0,80.0,104.0,,0.0
radeon hd 6350a,,,800.0,512.0,DDR3,64.0,12.8,25.0,8.0,128.0,80.0,104.0,,0.0
radeon hd 6370d igp,,,,System Shared,System Shared,,System Dependent,65.0,,,160.0,142.1,,0.0
radeon hd 6380g igp,,,,System Shared,System Shared,,System Dependent,35.0,,,160.0,128.0,,0.0
radeon hd 6390,,,500.0,1024.0,DDR2,128.0,16.0,39.0,8.0,256.0,320.0,352.0,,0.0
radeon hd 6410d igp,,,,System Shared,System Shared,,System Dependent,65.0,,,160.0,142.1,,0.0
radeon hd 6430m,,,800.0,1024.0,DDR3,64.0,12.8,,8.0,128.0,160.0,153.6,,0.0
radeon hd 6450,,,500.0,512.0,GDDR3,64.0,8.0,18.0,8.0,128.0,160.0,200.0,,0.0
radeon hd 6450 oem,,,533.0,512.0,GDDR3,64.0,8.528,18.0,8.0,128.0,160.0,200.0,,0.0
radeon hd 6450a,,,533.0,512.0,DDR3,64.0,8.528,25.0,8.0,128.0,160.0,200.0,,0.0
radeon hd 6450m,,,800.0,1024.0,DDR3,64.0,12.8,,8.0,128.0,160.0,192.0,,0.0
radeon hd 6470m,,,800.0,512.0,DDR3,64.0,12.8,25.0,8.0,128.0,160.0,224.0,,0.0
radeon hd 6480g igp,,,,System Shared,System Shared,,System Dependent,35.0,,,160.0,189.8,,0.0
radeon hd 6480g igp,,,,System Shared,System Shared,,System Dependent,35.0,,,240.0,213.1,,0.0
radeon hd 6490,,,500.0,1024.0,DDR2,128.0,16.0,39.0,8.0,256.0,320.0,352.0,,0.0
radeon hd 6490m,,,800.0,512.0,GDDR5,64.0,25.6,,8.0,128.0,160.0,256.0,,0.0
radeon hd 6490m mac edition,,,794.0,256.0,GDDR5,64.0,25.41,,8.0,128.0,160.0,240.0,,0.0
radeon hd 6510,,,667.0,1024.0,GDDR3,128.0,21.34,39.0,8.0,256.0,320.0,416.0,,0.0
radeon hd 6510,,,500.0,1024.0,GDDR3,128.0,16.0,39.0,8.0,256.0,400.0,520.0,,0.0
radeon hd 6520g igp,,,,System Shared,System Shared,,System Dependent,35.0,,,320.0,256.0,,0.0
radeon hd 6530,,,600.0,1024.0,GDDR3,128.0,19.2,39.0,8.0,256.0,400.0,520.0,,0.0
radeon hd 6530d igp,,,,System Shared,System Shared,,System Dependent,65.0,,,320.0,284.2,,0.0
radeon hd 6550a,,,800.0,2048.0,GDDR3,128.0,25.6,35.0,8.0,256.0,480.0,528.0,,0.0
radeon hd 6550d igp,,,,System Shared,System Shared,,System Dependent,65.0,,,400.0,480.0,,0.0
radeon hd 6570,,,500.0,1024.0,GDDR3,128.0,16.0,44.0,8.0,256.0,480.0,624.0,,0.0
radeon hd 6570,,,1000.0,2048.0,GDDR5,128.0,64.0,60.0,8.0,256.0,480.0,624.0,,0.0
radeon hd 6570 oem,,,900.0,1024.0,GDDR3,128.0,28.8,44.0,8.0,256.0,480.0,624.0,,0.0
radeon hd 6570m,,,800.0,1024.0,GDDR3,128.0,25.6,30.0,8.0,256.0,480.0,576.0,,0.0
radeon hd 6610m,,,800.0,1024.0,DDR3,128.0,25.6,26.0,8.0,256.0,400.0,360.0,,0.0
radeon hd 6620g igp,,,,System Shared,System Shared,,System Dependent,35.0,,,400.0,355.2,,0.0
radeon hd 6625m,,,800.0,1024.0,DDR3,128.0,25.6,26.0,8.0,256.0,480.0,432.0,,0.0
radeon hd 6630m,,,800.0,1024.0,DDR3,128.0,25.6,26.0,8.0,256.0,480.0,480.0,,0.0
radeon hd 6630m mac edition,,,600.0,256.0,GDDR5,64.0,19.2,26.0,,,480.0,480.0,,0.0
radeon hd 6650a,,,900.0,1024.0,DDR3,128.0,28.8,45.0,8.0,256.0,480.0,576.0,,0.0
radeon hd 6650m,,,800.0,1024.0,DDR3,128.0,25.6,,8.0,256.0,480.0,576.0,,0.0
radeon hd 6670,,,1000.0,1024.0,GDDR5,128.0,64.0,66.0,8.0,256.0,480.0,768.0,,0.0
radeon hd 6670a,,,1000.0,1024.0,GDDR5,128.0,64.0,45.0,8.0,256.0,480.0,576.0,,0.0
radeon hd 6730m,,,800.0,1024.0,GDDR3,128.0,25.6,35.0,8.0,256.0,480.0,696.0,,0.0
radeon hd 6750,,,1150.0,1024.0,GDDR5,128.0,73.6,86.0,8.0,256.0,720.0,1008.0,,0.0
radeon hd 6750m,,,800.0,1024.0,GDDR3,128.0,25.6,35.0,8.0,256.0,480.0,576.0,,0.0
radeon hd 6750m mac edition,,,794.0,512.0,GDDR5,128.0,50.82,35.0,8.0,256.0,480.0,574.1,,0.0
radeon hd 6770,,,1200.0,1024.0,GDDR5,128.0,76.8,108.0,8.0,256.0,800.0,1360.0,,0.0
radeon hd 6770m,,,900.0,1024.0,GDDR5,128.0,57.6,35.0,8.0,256.0,480.0,696.0,,0.0
radeon hd 6770m mac edition,,,794.0,1024.0,GDDR5,128.0,50.82,35.0,8.0,256.0,480.0,648.0,,0.0
radeon hd 6790,,,1050.0,1024.0,GDDR5,256.0,134.4,150.0,8.0,512.0,800.0,1344.0,,0.0
radeon hd 6830m,,,800.0,1024.0,DDR3,128.0,25.6,39.0,8.0,256.0,800.0,920.0,,0.0
radeon hd 6850 x2,,,1050.0,2048.0,GDDR5,256.0,134.4,254.0,8.0,512.0,960.0,1536.0,,0.0
radeon hd 6850m,,,800.0,1024.0,GDDR3,128.0,25.6,50.0,8.0,256.0,800.0,1080.0,,0.0
radeon hd 6870 x2,,,1050.0,1024.0,GDDR5,256.0,134.4,300.0,8.0,512.0,1120.0,2016.0,,0.0
radeon hd 6870m,,,1000.0,1024.0,GDDR5,128.0,64.0,50.0,8.0,256.0,800.0,1080.0,,0.0
radeon hd 6930,,,1200.0,1024.0,GDDR5,256.0,153.6,186.0,8.0,512.0,1280.0,1920.0,,0.0
radeon hd 6950m,,,900.0,1024.0,GDDR5,256.0,115.2,50.0,8.0,512.0,960.0,1113.6,,0.0
radeon hd 6970 x2,,,1375.0,2048.0,GDDR5,256.0,176.0,375.0,8.0,512.0,1536.0,2703.0,,0.0
radeon hd 6970m,,,900.0,1024.0,GDDR5,256.0,115.2,75.0,8.0,512.0,960.0,1305.6,,0.0
radeon hd 6970m mac edition,,,900.0,2048.0,GDDR5,256.0,115.2,75.0,8.0,512.0,960.0,1305.6,,0.0
radeon hd 6970m rebrand,,,1000.0,1024.0,GDDR5,128.0,64.0,75.0,8.0,256.0,800.0,1280.0,,0.0
radeon hd 6970m x2,,,900.0,2048.0,GDDR5,256.0,115.2,150.0,8.0,512.0,960.0,1305.6,,0.0
radeon hd 6990,,,1250.0,2048.0,GDDR5,256.0,160.0,375.0,8.0,512.0,1536.0,2550.0,,0.0
radeon hd 6990m,,,900.0,2048.0,GDDR5,256.0,115.2,100.0,8.0,512.0,1120.0,1602.0,,0.0
radeon hd 6990m rebrand,,,1000.0,1024.0,GDDR5,128.0,64.0,100.0,8.0,256.0,800.0,1120.0,,0.0
radeon hd 7410m,,,800.0,1024.0,DDR3,64.0,12.8,,8.0,128.0,160.0,153.6,,0.0
radeon hd 7690m,,,900.0,1024.0,DDR3,128.0,28.8,20.0,8.0,256.0,480.0,696.0,,0.0
firepro a300,760.0,905.0,,System Shared,System Shared,,System Dependent,65.0,,,384.0,695.0,,
firepro a320,800.0,955.0,,System Shared,System Shared,,System Dependent,100.0,,,384.0,733.4,,
firepro m2000,,,800.0,1024.0,GDDR5,64.0,25.6,33.0,,,480.0,480.0,,
firepro m4000,,,1000.0,1024.0,GDDR5,128.0,64.0,33.0,16.0,256.0,512.0,691.2,,
firepro m6000,,,1000.0,2048.0,GDDR5,128.0,64.0,43.0,16.0,256.0,640.0,1024.0,,
firepro s10000,825.0,950.0,1250.0,3072.0,GDDR5,384.0,240.0,375.0,16.0,768.0,1792.0,3405.0,,
firepro s10000 passive,825.0,950.0,1250.0,3072.0,GDDR5,384.0,240.0,375.0,16.0,768.0,1792.0,3405.0,,
firepro s7000,,,1200.0,4096.0,GDDR5,256.0,153.6,150.0,16.0,512.0,1280.0,2432.0,,
firepro s9000,,,1375.0,6144.0,GDDR5,384.0,264.0,225.0,16.0,768.0,1792.0,3226.0,,
firepro s9010,,,1250.0,3072.0,GDDR5,384.0,240.0,200.0,16.0,768.0,1792.0,2867.0,,
firepro v3900,,,900.0,1024.0,GDDR3,128.0,28.8,50.0,8.0,256.0,480.0,624.0,,
firepro w4000,,,800.0,2048.0,GDDR5,256.0,102.4,75.0,16.0,512.0,768.0,1267.2,,
firepro w5000,,,800.0,2048.0,GDDR5,256.0,102.4,75.0,16.0,512.0,768.0,1267.2,,
firepro w600,,,1000.0,2048.0,GDDR5,128.0,64.0,75.0,16.0,256.0,512.0,768.0,,
firepro w7000,,,1200.0,4096.0,GDDR5,256.0,153.6,150.0,16.0,512.0,1280.0,2432.0,,
firepro w8000,,,1375.0,4096.0,GDDR5,256.0,176.0,225.0,16.0,512.0,1792.0,3226.0,,
firepro w9000,,,1375.0,6144.0,GDDR5,384.0,264.0,274.0,16.0,768.0,2048.0,3994.0,,
firepro w9000 x2,825.0,950.0,1250.0,3072.0,GDDR5,384.0,240.0,375.0,16.0,768.0,1792.0,3405.0,,
radeon hd 6250 igp,,,,System Shared,System Shared,,System Dependent,7.0,,,80.0,44.16,,0.0
radeon hd 6250 igp,,,,System Shared,System Shared,,System Dependent,9.0,,,80.0,44.32,,0.0
radeon hd 6850 1440sp edition,,,1000.0,1024.0,GDDR5,256.0,128.0,151.0,8.0,512.0,1440.0,2088.0,,0.0
radeon hd 7290 igp,,,,System Shared,System Shared,,System Dependent,18.0,,,80.0,44.16,,0.0
radeon hd 7310 igp,,,,System Shared,System Shared,,System Dependent,18.0,,,80.0,80.0,,0.0
radeon hd 7330m,,,500.0,1024.0,GDDR3,64.0,8.0,5.0,8.0,128.0,80.0,104.0,,0.0
radeon hd 7340 igp,,,,System Shared,System Shared,,System Dependent,18.0,,,80.0,83.68,,0.0
radeon hd 7350 oem,,,800.0,512.0,GDDR3,64.0,12.8,19.0,8.0,128.0,80.0,104.0,,0.0
radeon hd 7350 oem pci,,,500.0,512.0,GDDR3,64.0,8.0,19.0,8.0,128.0,80.0,104.0,,0.0
radeon hd 7350m,,,500.0,1024.0,GDDR3,64.0,8.0,7.0,8.0,128.0,80.0,104.0,,0.0
radeon hd 7370m,,,800.0,1024.0,DDR3,64.0,12.8,11.0,8.0,128.0,80.0,120.0,,0.0
radeon hd 7400g igp,327.0,424.0,,System Shared,System Shared,,System Dependent,17.0,,,192.0,162.8,,0.0
radeon hd 7420g igp,480.0,655.0,,System Shared,System Shared,,System Dependent,35.0,,,128.0,167.7,,0.0
radeon hd 7430m,,,800.0,1024.0,DDR3,64.0,12.8,7.0,8.0,128.0,160.0,192.0,,0.0
radeon hd 7450 oem,,,533.0,512.0,GDDR3,64.0,8.528,18.0,8.0,128.0,160.0,200.0,,0.0
radeon hd 7450a,,,800.0,512.0,GDDR3,64.0,12.8,25.0,8.0,128.0,160.0,200.0,,0.0
radeon hd 7450m,,,900.0,1024.0,DDR3,64.0,14.4,7.0,8.0,128.0,160.0,240.0,,0.0
radeon hd 7470 oem,,,900.0,1024.0,GDDR5,64.0,28.8,27.0,8.0,128.0,160.0,240.0,,0.0
radeon hd 7470a,,,800.0,512.0,GDDR3,64.0,12.8,25.0,8.0,128.0,160.0,200.0,,0.0
radeon hd 7470a,,,800.0,1024.0,DDR3,64.0,12.8,18.0,8.0,128.0,400.0,620.0,,0.0
radeon hd 7470m,750.0,800.0,900.0,1024.0,DDR3,64.0,14.4,25.0,8.0,128.0,160.0,256.0,,0.0
radeon hd 7480d igp,,,,System Shared,System Shared,,System Dependent,65.0,,,128.0,184.3,,0.0
radeon hd 7490m,,,950.0,1024.0,GDDR5,64.0,30.4,9.0,8.0,128.0,160.0,256.0,,0.0
radeon hd 7500g igp,327.0,424.0,,System Shared,System Shared,,System Dependent,17.0,,,256.0,217.1,,0.0
radeon hd 7510m,,,800.0,1024.0,DDR3,64.0,12.8,11.0,,,400.0,360.0,,0.0
radeon hd 7520g igp,496.0,686.0,,System Shared,System Shared,,System Dependent,35.0,,,192.0,263.4,,0.0
radeon hd 7530m,,,900.0,1024.0,DDR3,64.0,14.4,11.0,,,400.0,360.0,,0.0
radeon hd 7540d igp,,,,System Shared,System Shared,,System Dependent,65.0,,,192.0,291.8,,0.0
radeon hd 7550m,,,900.0,1024.0,DDR3,128.0,28.8,14.0,8.0,256.0,480.0,480.0,,0.0
radeon hd 7550m,450.0,550.0,900.0,1024.0,DDR3,64.0,14.4,14.0,,,480.0,528.0,,0.0
radeon hd 7560d igp,,,,System Shared,System Shared,,System Dependent,65.0,,,256.0,389.1,,0.0
radeon hd 7560g igp,496.0,760.0,,System Shared,System Shared,,System Dependent,35.0,,,256.0,389.1,,0.0
radeon hd 7570,,,800.0,1024.0,GDDR3,128.0,25.6,60.0,8.0,256.0,480.0,624.0,,0.0
radeon hd 7570m,,,800.0,1024.0,GDDR5,64.0,25.6,13.0,,,480.0,480.0,,0.0
radeon hd 7590m,,,800.0,1024.0,GDDR5,64.0,25.6,18.0,,,480.0,576.0,,0.0
radeon hd 7600g igp,320.0,424.0,,System Shared,System Shared,,System Dependent,19.0,,,384.0,325.6,,0.0
radeon hd 7610m,,,800.0,1024.0,GDDR3,128.0,25.6,20.0,8.0,256.0,400.0,400.0,,0.0
radeon hd 7620g igp,360.0,497.0,,System Shared,System Shared,,System Dependent,25.0,,,384.0,381.7,,0.0
radeon hd 7630m,,,800.0,1024.0,DDR3,128.0,25.6,20.0,8.0,256.0,480.0,432.0,,0.0
radeon hd 7640g igp,496.0,655.0,,System Shared,System Shared,,System Dependent,35.0,,,256.0,335.4,,0.0
radeon hd 7650a,,,900.0,1024.0,DDR3,128.0,28.8,33.0,8.0,256.0,480.0,576.0,,0.0
radeon hd 7650m,,,800.0,1024.0,DDR3,128.0,25.6,20.0,8.0,256.0,480.0,480.0,,0.0
radeon hd 7650m rebrand,,,800.0,1024.0,DDR3,128.0,25.6,20.0,8.0,256.0,480.0,465.6,,0.0
radeon hd 7660d igp,,,,System Shared,System Shared,,System Dependent,100.0,,,384.0,583.7,,0.0
radeon hd 7660g igp,,,,System Shared,System Shared,,System Dependent,35.0,,,384.0,526.8,,0.0
radeon hd 7670 oem,,,1000.0,512.0,GDDR5,128.0,64.0,66.0,8.0,256.0,480.0,768.0,,0.0
radeon hd 7670a,,,1000.0,1024.0,GDDR5,128.0,64.0,45.0,8.0,256.0,480.0,576.0,,0.0
radeon hd 7670m,,,900.0,1024.0,DDR3,128.0,28.8,20.0,8.0,256.0,480.0,576.0,,0.0
radeon hd 7670m rebrand,,,900.0,1024.0,GDDR3,128.0,28.8,20.0,8.0,256.0,480.0,576.0,,0.0
radeon hd 7690m rebrand,,,800.0,1024.0,GDDR3,128.0,25.6,20.0,8.0,256.0,480.0,576.0,,0.0
radeon hd 7690m xt rebrand,,,800.0,1024.0,GDDR5,128.0,51.2,25.0,8.0,256.0,480.0,696.0,,0.0
radeon hd 7730m,575.0,675.0,900.0,2048.0,DDR3,128.0,28.8,25.0,16.0,256.0,512.0,691.2,,0.0
radeon hd 7750,,,1125.0,1024.0,GDDR5,128.0,72.0,55.0,16.0,256.0,512.0,819.2,,0.0
radeon hd 7750m,,,1000.0,1024.0,GDDR5,128.0,64.0,28.0,16.0,256.0,512.0,588.8,,0.0
radeon hd 7770 ghz edition,,,1125.0,1024.0,GDDR5,128.0,72.0,80.0,16.0,256.0,640.0,1280.0,,0.0
radeon hd 7770m,,,1000.0,1024.0,GDDR5,128.0,64.0,32.0,16.0,256.0,512.0,691.2,,0.0
radeon hd 7850,,,1200.0,2048.0,GDDR5,256.0,153.6,130.0,16.0,512.0,1024.0,1761.0,,0.0
radeon hd 7850m,,,1000.0,2048.0,GDDR5,128.0,64.0,40.0,16.0,256.0,640.0,864.0,,0.0
radeon hd 7870 ghz edition,,,1200.0,2048.0,GDDR5,256.0,153.6,175.0,16.0,512.0,1280.0,2560.0,,0.0
radeon hd 7870 xt,925.0,975.0,1500.0,2048.0,GDDR5,256.0,192.0,185.0,16.0,512.0,1536.0,2995.0,,0.0
radeon hd 7870m,,,1000.0,2048.0,GDDR5,128.0,64.0,45.0,16.0,256.0,640.0,1024.0,,0.0
radeon hd 7950,,,1250.0,3072.0,GDDR5,384.0,240.0,200.0,16.0,768.0,1792.0,2867.0,,0.0
radeon hd 7950 boost,850.0,925.0,1250.0,3072.0,GDDR5,384.0,240.0,200.0,16.0,768.0,1792.0,3315.0,,0.0
radeon hd 7950 monica bios 1,,,1250.0,3072.0,GDDR5,384.0,240.0,185.0,16.0,768.0,1536.0,2842.0,,0.0
radeon hd 7950 monica bios 2,,,1250.0,3072.0,GDDR5,384.0,240.0,85.0,16.0,768.0,768.0,1228.8,,0.0
radeon hd 7950m,,,1000.0,2048.0,GDDR5,256.0,128.0,75.0,16.0,512.0,1280.0,1792.0,,0.0
radeon hd 7970,,,1375.0,3072.0,GDDR5,384.0,264.0,250.0,16.0,768.0,2048.0,3789.0,,0.0
radeon hd 7970 ghz edition,1000.0,1050.0,1500.0,3072.0,GDDR5,384.0,288.0,300.0,16.0,768.0,2048.0,4301.0,,0.0
radeon hd 7970 x2,,,1375.0,3072.0,GDDR5,384.0,264.0,500.0,16.0,768.0,2048.0,3789.0,,0.0
radeon hd 7970m,,,1200.0,2048.0,GDDR5,256.0,153.6,100.0,16.0,512.0,1280.0,2176.0,,0.0
radeon hd 7970m x2,,,1200.0,2048.0,GDDR5,256.0,153.6,200.0,16.0,512.0,1280.0,2176.0,,0.0
wii u gpu,,,800.0,2048.0,DDR3,64.0,12.8,33.0,,,160.0,176.0,,
firepro m4100,,,1000.0,2048.0,GDDR5,128.0,64.0,,16.0,256.0,384.0,514.6,,
firepro m4150,,,1000.0,1024.0,GDDR5,128.0,64.0,,16.0,256.0,384.0,549.1,,
firepro m5100,725.0,775.0,1125.0,2048.0,GDDR5,128.0,72.0,,16.0,256.0,640.0,992.0,,
firepro m6100,,,1375.0,2048.0,GDDR5,128.0,88.0,,16.0,256.0,768.0,1651.0,,
firepro r5000,,,800.0,2048.0,GDDR5,256.0,102.4,150.0,16.0,512.0,768.0,1267.2,,
firepro w5000 dvi,,,800.0,2048.0,GDDR5,256.0,102.4,75.0,16.0,512.0,768.0,1267.2,,
playstation 4 gpu,,,1375.0,8192.0,GDDR5,256.0,176.0,75.0,,,1152.0,1843.0,,
radeon hd 6610,,,800.0,1024.0,GDDR3,128.0,25.6,39.0,8.0,256.0,400.0,520.0,,0.0
radeon hd 6770 green edition,,,667.0,2048.0,GDDR3,128.0,21.34,86.0,8.0,256.0,720.0,1008.0,,0.0
radeon hd 6870 1600sp edition,,,1050.0,1024.0,GDDR5,256.0,134.4,175.0,8.0,512.0,1600.0,2720.0,,0.0
radeon hd 7510 oem,,,667.0,1024.0,GDDR3,128.0,21.34,39.0,8.0,256.0,320.0,416.0,,0.0
radeon hd 7570 oem,,,800.0,1024.0,GDDR3,128.0,25.6,39.0,8.0,256.0,400.0,520.0,,0.0
radeon hd 7690m xt,,,900.0,2048.0,GDDR5,128.0,57.6,25.0,8.0,256.0,480.0,696.0,,0.0
radeon hd 7720 oem,,,1050.0,1024.0,GDDR5,256.0,134.4,150.0,8.0,512.0,800.0,1344.0,,0.0
radeon hd 7730,,,1125.0,1024.0,GDDR5,128.0,72.0,47.0,16.0,256.0,384.0,614.4,,0.0
radeon hd 7790,,,1500.0,1024.0,GDDR5,128.0,96.0,85.0,16.0,256.0,896.0,1792.0,,0.0
radeon hd 7950 mac edition,,,1250.0,3072.0,GDDR5,384.0,240.0,200.0,16.0,768.0,1792.0,2867.0,,0.0
radeon hd 7990,950.0,1000.0,1500.0,3072.0,GDDR5,384.0,288.0,375.0,16.0,768.0,2048.0,4096.0,,0.0
radeon hd 8180 igp,,,,System Shared,System Shared,,System Dependent,4.0,,,128.0,57.6,,0.0
radeon hd 8210e,,,,System Shared,System Shared,,System Dependent,9.0,,,128.0,76.8,,0.0
radeon hd 8240 mobile igp,,,,System Shared,System Shared,,System Dependent,15.0,,,128.0,102.4,,0.0
radeon hd 8250 igp,300.0,400.0,,System Shared,System Shared,,System Dependent,8.0,,,128.0,102.4,,0.0
radeon hd 8280 igp,,,,System Shared,System Shared,,System Dependent,15.0,,,128.0,115.2,,0.0
radeon hd 8280 mobile igp,,,,System Shared,System Shared,,System Dependent,15.0,,,128.0,115.2,,0.0
radeon hd 8280e,,,,System Shared,System Shared,,System Dependent,15.0,,,128.0,115.2,,0.0
radeon hd 8310g igp,424.0,554.0,,System Shared,System Shared,,System Dependent,20.0,,,128.0,141.8,,0.0
radeon hd 8330 mobile igp,,,,System Shared,System Shared,,System Dependent,15.0,,,128.0,127.2,,0.0
radeon hd 8330e,,,,System Shared,System Shared,,System Dependent,15.0,,,128.0,127.2,,0.0
radeon hd 8350 oem,,,667.0,1024.0,DDR3,64.0,10.67,19.0,8.0,128.0,80.0,104.0,,0.0
radeon hd 8350g igp,514.0,720.0,,System Shared,System Shared,,System Dependent,35.0,,,128.0,184.3,,0.0
radeon hd 8370d igp,,,,System Shared,System Shared,,System Dependent,65.0,,,128.0,194.6,,0.0
radeon hd 8400 igp,,,,System Shared,System Shared,,System Dependent,25.0,,,128.0,153.6,,0.0
radeon hd 8400 mobile igp,,,,System Shared,System Shared,,System Dependent,25.0,,,128.0,153.6,,0.0
radeon hd 8400e,,,,System Shared,System Shared,,System Dependent,25.0,,,128.0,153.6,,0.0
radeon hd 8410g igp,450.0,600.0,,System Shared,System Shared,,System Dependent,35.0,,,192.0,230.4,,0.0
radeon hd 8450 oem,,,667.0,1024.0,DDR3,64.0,10.67,18.0,8.0,128.0,160.0,200.0,,0.0
radeon hd 8450g igp,533.0,720.0,,System Shared,System Shared,,System Dependent,35.0,,,192.0,276.5,,0.0
radeon hd 8470 oem,,,800.0,1024.0,GDDR5,64.0,25.6,35.0,8.0,128.0,160.0,248.0,,0.0
radeon hd 8470d igp,,,,System Shared,System Shared,,System Dependent,65.0,,,192.0,307.2,,0.0
radeon hd 8490 oem,,,900.0,1024.0,DDR3,64.0,14.4,35.0,8.0,128.0,160.0,280.0,,0.0
radeon hd 8510 oem,,,800.0,1024.0,GDDR3,128.0,25.6,60.0,8.0,256.0,480.0,624.0,,0.0
radeon hd 8510 oem,,,500.0,1024.0,GDDR3,128.0,16.0,39.0,8.0,256.0,400.0,520.0,,0.0
radeon hd 8510g igp,,,,System Shared,System Shared,,System Dependent,35.0,,,384.0,425.5,,0.0
radeon hd 8550 oem,,,800.0,1024.0,GDDR3,128.0,25.6,60.0,8.0,256.0,480.0,624.0,,0.0
radeon hd 8550d igp,720.0,844.0,,System Shared,System Shared,,System Dependent,65.0,,,256.0,432.1,,0.0
radeon hd 8550g igp,515.0,660.0,,System Shared,System Shared,,System Dependent,35.0,,,256.0,337.9,,0.0
radeon hd 8570 oem,730.0,780.0,900.0,2048.0,GDDR3,128.0,28.8,50.0,16.0,256.0,384.0,599.0,,0.0
radeon hd 8570 oem rebrand,,,800.0,1024.0,GDDR3,128.0,25.6,60.0,8.0,256.0,480.0,624.0,,0.0
radeon hd 8570a,750.0,825.0,1000.0,1024.0,DDR3,64.0,16.0,,16.0,128.0,320.0,528.0,,0.0
radeon hd 8570d igp,,,,System Shared,System Shared,,System Dependent,65.0,,,256.0,409.6,,0.0
radeon hd 8570m,750.0,825.0,1000.0,1024.0,DDR3,64.0,16.0,,16.0,128.0,320.0,528.0,,0.0
radeon hd 8590m,750.0,825.0,1125.0,1024.0,GDDR5,64.0,36.0,,16.0,128.0,320.0,528.0,,0.0
radeon hd 8610g igp,533.0,626.0,,System Shared,System Shared,,System Dependent,35.0,,,384.0,480.8,,0.0
radeon hd 8650d igp,720.0,844.0,,System Shared,System Shared,,System Dependent,65.0,16.0,256.0,384.0,648.2,,0.0
radeon hd 8650g igp,533.0,720.0,,System Shared,System Shared,,System Dependent,35.0,,,384.0,553.0,,0.0
radeon hd 8670 oem,1000.0,1050.0,1150.0,2048.0,GDDR5,128.0,73.6,75.0,16.0,256.0,384.0,806.4,,0.0
radeon hd 8670a,,,1000.0,1024.0,DDR3,64.0,16.0,45.0,16.0,128.0,320.0,384.0,,0.0
radeon hd 8670a,,,1000.0,1024.0,DDR3,64.0,16.0,45.0,16.0,128.0,384.0,460.8,,0.0
radeon hd 8670d igp,,,,System Shared,System Shared,,System Dependent,100.0,,,384.0,648.2,,0.0
radeon hd 8670m,775.0,825.0,900.0,1024.0,DDR3,64.0,14.4,,16.0,128.0,384.0,633.6,,0.0
radeon hd 8670m,925.0,975.0,900.0,1024.0,DDR3,64.0,14.4,,16.0,128.0,320.0,624.0,,0.0
radeon hd 8690m,925.0,975.0,1000.0,2048.0,GDDR5,64.0,32.0,,16.0,128.0,320.0,624.0,,0.0
radeon hd 8730 oem,,,1125.0,1024.0,GDDR5,128.0,72.0,47.0,16.0,256.0,384.0,614.4,,0.0
radeon hd 8730a,650.0,700.0,1000.0,1024.0,DDR3,128.0,32.0,,16.0,256.0,384.0,537.6,,0.0
radeon hd 8730m,650.0,700.0,900.0,2048.0,DDR3,128.0,28.8,,16.0,256.0,384.0,537.6,,0.0
radeon hd 8740 oem,,,1125.0,1024.0,GDDR5,128.0,72.0,55.0,16.0,256.0,512.0,819.2,,0.0
radeon hd 8750a,,,1000.0,1024.0,DDR3,64.0,16.0,45.0,16.0,128.0,384.0,460.8,,0.0
radeon hd 8750m,,,1000.0,1024.0,GDDR5,128.0,64.0,,16.0,256.0,384.0,514.6,,0.0
radeon hd 8750m,775.0,825.0,900.0,1024.0,DDR3,128.0,28.8,,16.0,256.0,384.0,633.6,,0.0
radeon hd 8760 oem,,,1125.0,2048.0,GDDR5,128.0,72.0,80.0,16.0,256.0,640.0,1280.0,,0.0
radeon hd 8770 oem,,,1500.0,1024.0,GDDR5,128.0,96.0,85.0,16.0,256.0,896.0,1882.0,,0.0
radeon hd 8770m,775.0,825.0,1125.0,2048.0,GDDR5,128.0,72.0,,16.0,256.0,384.0,633.6,,0.0
radeon hd 8790m,850.0,900.0,1000.0,2048.0,GDDR5,128.0,64.0,,16.0,256.0,384.0,691.2,,0.0
radeon hd 8830m,575.0,625.0,1000.0,2048.0,DDR3,128.0,32.0,,16.0,256.0,640.0,800.0,,0.0
radeon hd 8850m,575.0,625.0,1000.0,2048.0,GDDR5,128.0,64.0,,16.0,256.0,640.0,800.0,,0.0
radeon hd 8860 oem,,,1400.0,2048.0,GDDR5,256.0,179.2,175.0,16.0,512.0,1280.0,2368.0,,0.0
radeon hd 8870 oem,,,1200.0,2048.0,GDDR5,256.0,153.6,175.0,16.0,512.0,1280.0,2560.0,,0.0
radeon hd 8870m,725.0,775.0,1125.0,2048.0,GDDR5,128.0,72.0,,16.0,256.0,640.0,992.0,,0.0
radeon hd 8950 oem,850.0,925.0,1250.0,3072.0,GDDR5,384.0,240.0,200.0,16.0,768.0,1792.0,3315.0,,0.0
radeon hd 8950m,,,1375.0,2048.0,GDDR5,128.0,88.0,100.0,16.0,256.0,768.0,1651.0,,0.0
radeon hd 8970 oem,,,1375.0,3072.0,GDDR5,384.0,264.0,250.0,16.0,768.0,2048.0,3789.0,,0.0
radeon hd 8970m,850.0,900.0,1200.0,4096.0,GDDR5,256.0,153.6,100.0,16.0,512.0,1280.0,2304.0,,0.0
radeon hd 8990 oem,950.0,1000.0,1500.0,3072.0,GDDR5,384.0,288.0,375.0,16.0,768.0,2048.0,4096.0,,0.0
radeon r5 220 oem,,,533.0,1024.0,DDR3,64.0,8.528,19.0,8.0,128.0,80.0,104.0,,0.0
radeon r5 230 oem,,,667.0,1024.0,DDR3,64.0,10.67,19.0,8.0,128.0,160.0,200.0,,0.0
radeon r5 235 oem,,,900.0,1024.0,DDR3,64.0,14.4,35.0,8.0,128.0,160.0,248.0,,0.0
radeon r5 235x oem,,,900.0,1024.0,DDR3,64.0,14.4,18.0,8.0,128.0,160.0,280.0,,0.0
radeon r5 240 oem,730.0,780.0,900.0,2048.0,DDR3,64.0,14.4,50.0,16.0,128.0,384.0,599.0,,0.0
radeon r5 m230 rebrand,750.0,825.0,900.0,2048.0,DDR3,64.0,14.4,,16.0,128.0,320.0,528.0,,0.0
radeon r7 240,650.0,700.0,1150.0,2048.0,GDDR5,128.0,73.6,30.0,16.0,256.0,320.0,448.0,,0.0
radeon r7 240,730.0,780.0,900.0,2048.0,DDR3,128.0,28.8,30.0,16.0,256.0,320.0,499.2,,0.0
radeon r7 240 oem,730.0,780.0,900.0,2048.0,DDR3,128.0,28.8,50.0,16.0,256.0,320.0,499.2,,0.0
radeon r7 250,,,900.0,1024.0,DDR3,128.0,28.8,55.0,16.0,256.0,512.0,947.2,,0.0
radeon r7 250,,,900.0,1024.0,DDR3,128.0,28.8,55.0,16.0,256.0,512.0,716.8,,0.0
radeon r7 250,1000.0,1050.0,1150.0,1024.0,GDDR5,128.0,73.6,65.0,16.0,256.0,384.0,806.4,,0.0
radeon r7 250 oem,1000.0,1050.0,1000.0,2048.0,DDR3,128.0,32.0,65.0,16.0,256.0,384.0,806.4,,0.0
radeon r7 250e,,,1125.0,1024.0,GDDR5,128.0,72.0,55.0,16.0,256.0,512.0,819.2,,0.0
radeon r7 260,,,1500.0,2048.0,GDDR5,128.0,96.0,95.0,16.0,256.0,768.0,1536.0,,0.0
radeon r7 260x,,,1625.0,2048.0,GDDR5,128.0,104.0,115.0,16.0,256.0,896.0,1971.0,,0.0
radeon r9 255 oem,900.0,930.0,1150.0,2048.0,GDDR5,128.0,73.6,65.0,16.0,256.0,512.0,952.3,,0.0
firepro d300,,,1270.0,2048.0,GDDR5,256.0,162.6,150.0,16.0,512.0,1280.0,2176.0,,
firepro d500,,,1270.0,3072.0,GDDR5,384.0,243.8,274.0,16.0,768.0,1536.0,2227.0,,
firepro d700,,,1370.0,6144.0,GDDR5,384.0,263.0,274.0,16.0,768.0,2048.0,3482.0,,
firepro m6100,,,1500.0,2048.0,GDDR5,128.0,96.0,,16.0,256.0,896.0,1971.0,,
firepro s10000 passive 12gb,825.0,950.0,1250.0,6144.0,GDDR5,384.0,240.0,375.0,16.0,768.0,1792.0,3405.0,,
firepro s4000x,725.0,775.0,1125.0,2048.0,GDDR5,128.0,72.0,45.0,16.0,256.0,640.0,992.0,,
firepro s9050,,,1375.0,12288.0,GDDR5,384.0,264.0,225.0,16.0,768.0,1792.0,3226.0,,
firepro s9100,,,1250.0,12288.0,GDDR5,512.0,320.0,225.0,16.0,1024.0,2560.0,4219.0,,
firepro s9150,,,1250.0,16384.0,GDDR5,512.0,320.0,235.0,16.0,1024.0,2816.0,5069.0,,
firepro w2100,630.0,680.0,900.0,2048.0,DDR3,128.0,28.8,26.0,16.0,256.0,320.0,435.2,,
firepro w4100,,,1000.0,2048.0,GDDR5,128.0,64.0,50.0,16.0,256.0,512.0,645.1,,
firepro w4170m,825.0,900.0,1000.0,2048.0,GDDR5,128.0,64.0,,16.0,256.0,384.0,691.2,,
firepro w5100,,,1500.0,4096.0,GDDR5,128.0,96.0,50.0,16.0,256.0,768.0,1428.5,,
firepro w5170m,900.0,925.0,1125.0,2048.0,GDDR5,128.0,72.0,,16.0,256.0,640.0,1184.0,,
firepro w6170m,,,1500.0,2048.0,GDDR5,128.0,96.0,,16.0,256.0,896.0,1971.0,,
firepro w7100,,,1250.0,8192.0,GDDR5,256.0,160.0,150.0,16.0,512.0,1792.0,3297.0,,
firepro w8100,,,1250.0,8192.0,GDDR5,512.0,320.0,220.0,16.0,1024.0,2560.0,4219.0,,
firepro w9100,,,1250.0,16384.0,GDDR5,512.0,320.0,275.0,16.0,1024.0,2816.0,5238.0,,
radeon e8860,575.0,625.0,1125.0,2048.0,GDDR5,128.0,72.0,37.0,16.0,256.0,640.0,800.0,,0.0
radeon hd 8210 igp,,,,System Shared,System Shared,,System Dependent,8.0,,,128.0,76.8,,0.0
radeon hd 8530m,650.0,700.0,900.0,1024.0,DDR3,64.0,14.4,,16.0,128.0,320.0,448.0,,0.0
radeon hd 8550m,650.0,850.0,900.0,1024.0,DDR3,64.0,14.4,,16.0,128.0,320.0,544.0,,0.0
radeon r4 mobile graphics,,,,System Shared,System Shared,,System Dependent,17.0,,,192.0,204.7,,0.0
radeon r4 mobile graphics,,,,System Shared,System Shared,,System Dependent,15.0,,,128.0,204.8,,0.0
radeon r4e mobile graphics,,,,System Shared,System Shared,,System Dependent,15.0,,,128.0,204.8,,0.0
radeon r5 230,,,667.0,1024.0,DDR3,64.0,10.67,19.0,8.0,128.0,160.0,200.0,,0.0
radeon r5 a220,,,900.0,1024.0,DDR3,64.0,14.4,35.0,8.0,128.0,160.0,248.0,,0.0
radeon r5 a230,780.0,855.0,1000.0,4096.0,DDR3,64.0,16.0,,16.0,128.0,320.0,547.2,,0.0
radeon r5 a240,730.0,780.0,900.0,2048.0,DDR3,128.0,28.8,50.0,16.0,256.0,320.0,499.2,,0.0
radeon r5 a240,,,900.0,1024.0,DDR3,64.0,14.4,,16.0,128.0,320.0,659.2,,0.0
radeon r5 a255,925.0,940.0,1000.0,1024.0,GDDR5,128.0,64.0,,16.0,256.0,384.0,721.9,,0.0
radeon r5 graphics,,,,System Shared,System Shared,,System Dependent,15.0,,,256.0,254.5,,0.0
radeon r5 graphics,,,,System Shared,System Shared,,System Dependent,15.0,,,256.0,388.1,,0.0
radeon r5 m230,,,1000.0,2048.0,DDR3,64.0,16.0,,16.0,128.0,320.0,390.4,,0.0
radeon r5 m230,780.0,855.0,1000.0,4096.0,DDR3,64.0,16.0,,16.0,128.0,320.0,547.2,,0.0
radeon r5 m230 rebrand,780.0,850.0,900.0,1024.0,DDR3,64.0,14.4,,16.0,128.0,320.0,544.0,,0.0
radeon r5 m240,1000.0,1030.0,900.0,1024.0,DDR3,64.0,14.4,,16.0,128.0,320.0,659.2,,0.0
radeon r5 m240 rebrand,650.0,700.0,900.0,1024.0,DDR3,64.0,14.4,,16.0,128.0,384.0,537.6,,0.0
radeon r5 m255,925.0,940.0,1000.0,2048.0,DDR3,128.0,32.0,,16.0,256.0,384.0,721.9,,0.0
radeon r5 mobile graphics,,,,System Shared,System Shared,,System Dependent,17.0,,,256.0,320.5,,0.0
radeon r5 mobile graphics,,,,System Shared,System Shared,,System Dependent,15.0,,,128.0,204.8,,0.0
radeon r5e mobile graphics,,,,System Shared,System Shared,,System Dependent,15.0,,,128.0,204.8,,0.0
radeon r6 m255dx,925.0,940.0,,System Shared,System Shared,,System Dependent,,16.0,256.0,384.0,721.9,,0.0
radeon r6 m255dx,780.0,855.0,,System Shared,System Shared,,System Dependent,,16.0,128.0,320.0,547.2,,0.0
radeon r6 mobile graphics,,,,System Shared,System Shared,,System Dependent,17.0,,,384.0,409.3,,0.0
radeon r7 250x,,,1125.0,1024.0,GDDR5,128.0,72.0,80.0,16.0,256.0,640.0,1216.0,,0.0
radeon r7 250xe,,,1125.0,1024.0,GDDR5,128.0,72.0,80.0,16.0,256.0,640.0,1100.8,,0.0
radeon r7 265,900.0,925.0,1400.0,2048.0,GDDR5,256.0,179.2,150.0,16.0,512.0,1024.0,1894.0,,0.0
radeon r7 265x oem,900.0,925.0,1400.0,2048.0,GDDR5,256.0,179.2,150.0,16.0,512.0,1280.0,2368.0,,0.0
radeon r7 a260,900.0,980.0,900.0,1024.0,GDDR5,128.0,57.6,,16.0,256.0,384.0,752.6,,0.0
radeon r7 a265,725.0,825.0,900.0,2048.0,DDR3,128.0,28.8,,16.0,256.0,384.0,633.6,,0.0
radeon r7 graphics,,,,System Shared,System Shared,,System Dependent,25.0,,,512.0,737.3,,0.0
radeon r7 graphics,,,,System Shared,System Shared,,System Dependent,25.0,,,384.0,553.0,,0.0
radeon r7 m260,940.0,980.0,900.0,2048.0,DDR3,64.0,14.4,,16.0,128.0,384.0,752.6,,0.0
radeon r7 m260dx,955.0,1030.0,,System Shared,System Shared,,System Dependent,,16.0,128.0,320.0,659.2,,0.0
radeon r7 m260dx,925.0,940.0,,System Shared,System Shared,,System Dependent,,16.0,256.0,384.0,721.9,,0.0
radeon r7 m260dx,780.0,855.0,,System Shared,System Shared,,System Dependent,,16.0,128.0,320.0,547.2,,0.0
radeon r7 m265,900.0,980.0,900.0,2048.0,DDR3,64.0,14.4,,16.0,128.0,384.0,752.6,,0.0
radeon r7 m265,725.0,825.0,900.0,2048.0,DDR3,128.0,28.8,,16.0,256.0,384.0,633.6,,0.0
radeon r7 m265dx,780.0,855.0,,System Shared,System Shared,,System Dependent,,16.0,128.0,320.0,547.2,,0.0
radeon r7 m265dx,925.0,940.0,,System Shared,System Shared,,System Dependent,,16.0,256.0,384.0,721.9,,0.0
radeon r7 m265dx,900.0,980.0,,System Shared,System Shared,,System Dependent,,16.0,256.0,384.0,752.6,,0.0
radeon r7 m270,725.0,825.0,900.0,2048.0,DDR3,128.0,28.8,,16.0,256.0,384.0,633.6,,0.0
radeon r7 m270dx,780.0,855.0,,System Shared,System Shared,,System Dependent,,16.0,128.0,320.0,547.2,,0.0
radeon r7 m270dx,900.0,980.0,,System Shared,System Shared,,System Dependent,,16.0,256.0,384.0,752.6,,0.0
radeon r7 mobile graphics,,,,System Shared,System Shared,,System Dependent,25.0,,,384.0,425.5,,0.0
radeon r9 280,827.0,933.0,1250.0,3072.0,GDDR5,384.0,240.0,200.0,16.0,768.0,1792.0,3344.0,,0.0
radeon r9 285,,,1375.0,2048.0,GDDR5,256.0,176.0,190.0,16.0,512.0,1792.0,3290.0,,0.0
radeon r9 285x,,,1375.0,3072.0,GDDR5,384.0,264.0,200.0,16.0,768.0,2048.0,4104.0,,0.0
radeon r9 290x2,,,1350.0,4096.0,GDDR5,512.0,345.6,580.0,16.0,1024.0,2816.0,5632.0,,0.0
radeon r9 295x2,,,1250.0,4096.0,GDDR5,512.0,320.0,500.0,16.0,1024.0,2816.0,5733.0,,0.0
radeon r9 m265x,575.0,625.0,1000.0,2048.0,GDDR5,128.0,64.0,,16.0,256.0,640.0,800.0,,0.0
radeon r9 m270x,725.0,775.0,1000.0,2048.0,GDDR5,128.0,64.0,,16.0,256.0,640.0,992.0,,0.0
radeon r9 m275,900.0,925.0,1000.0,2048.0,GDDR5,128.0,64.0,,16.0,256.0,640.0,1184.0,,0.0
radeon r9 m275x,900.0,925.0,1125.0,2048.0,GDDR5,128.0,72.0,,16.0,256.0,640.0,1184.0,,0.0
radeon r9 m290x,850.0,900.0,1200.0,4096.0,GDDR5,256.0,153.6,100.0,16.0,512.0,1280.0,2304.0,,0.0
radeon r9 m290x mac edition,850.0,975.0,1365.0,2048.0,GDDR5,256.0,174.7,80.0,16.0,512.0,1024.0,1997.0,,0.0
radeon r9 m295x,,,1250.0,4096.0,GDDR5,256.0,160.0,250.0,16.0,512.0,2048.0,2961.0,,0.0
radeon r9 m295x mac edition,,,1362.0,4096.0,GDDR5,256.0,174.3,250.0,16.0,512.0,2048.0,3482.0,,0.0
firepro m4170,825.0,900.0,1000.0,1024.0,GDDR5,128.0,64.0,,16.0,256.0,384.0,691.2,,
firepro s9170,,,1250.0,32768.0,GDDR5,512.0,320.0,275.0,16.0,1024.0,2816.0,5238.0,,
firepro w4170m,825.0,900.0,1000.0,2048.0,GDDR5,128.0,64.0,,16.0,256.0,384.0,691.2,,
firepro w4190m,825.0,900.0,1000.0,2048.0,GDDR5,128.0,64.0,,16.0,256.0,384.0,691.2,,
firepro w4300,,,1500.0,4096.0,GDDR5,128.0,96.0,50.0,16.0,256.0,768.0,1428.5,,
firepro w5130m,900.0,925.0,1000.0,2048.0,GDDR5,128.0,64.0,,16.0,256.0,512.0,947.2,,
firepro w6150m,,,1375.0,4096.0,GDDR5,128.0,88.0,,16.0,256.0,768.0,1651.0,,
firepro w7170m,,,1250.0,4096.0,GDDR5,256.0,160.0,100.0,16.0,512.0,2048.0,2961.0,,
radeon e6465,,,800.0,2048.0,GDDR5,64.0,25.6,25.0,8.0,128.0,160.0,192.0,,0.0
radeon e8870 mxm,,,1500.0,4096.0,GDDR5,128.0,96.0,75.0,16.0,256.0,768.0,1536.0,,0.0
radeon e8870 pcie,,,1500.0,4096.0,GDDR5,128.0,96.0,75.0,16.0,256.0,768.0,1536.0,,0.0
radeon e8950,735.0,1000.0,1500.0,8192.0,GDDR5,256.0,192.0,95.0,16.0,512.0,2048.0,4096.0,,0.0
radeon r2 mobile graphics,,,,System Shared,System Shared,,System Dependent,15.0,,,128.0,127.2,,0.0
radeon r2 mobile graphics,,,,System Shared,System Shared,,System Dependent,15.0,,,128.0,76.8,,0.0
radeon r2e mobile graphics,,,,System Shared,System Shared,,System Dependent,15.0,,,128.0,76.8,,0.0
radeon r3 mobile graphics,,,,System Shared,System Shared,,System Dependent,15.0,,,128.0,153.6,,0.0
radeon r3e mobile graphics,,,,System Shared,System Shared,,System Dependent,15.0,,,128.0,89.86,,0.0
radeon r5 310 oem,,,900.0,1024.0,DDR3,64.0,14.4,35.0,8.0,128.0,160.0,280.0,,0.0
radeon r5 310 oem,,,805.0,2048.0,DDR3,64.0,12.88,35.0,8.0,128.0,160.0,248.0,,0.0
radeon r5 330 oem,830.0,855.0,900.0,2048.0,DDR3,64.0,14.4,50.0,16.0,128.0,320.0,547.2,,0.0
radeon r5 340 oem,730.0,780.0,1150.0,1024.0,GDDR5,64.0,36.8,65.0,16.0,128.0,384.0,599.0,,0.0
radeon r5 340x oem,,,1000.0,2048.0,DDR3,64.0,16.0,65.0,16.0,128.0,384.0,691.2,,0.0
radeon r5 a320,750.0,825.0,1000.0,1024.0,DDR3,64.0,16.0,,16.0,128.0,320.0,528.0,,0.0
radeon r5 a330,,,900.0,2048.0,DDR3,64.0,14.4,,16.0,128.0,320.0,659.2,,0.0
radeon r5 a335,,,900.0,2048.0,DDR3,64.0,14.4,,16.0,128.0,320.0,684.8,,0.0
radeon r5 m315,,,900.0,2048.0,DDR3,64.0,14.4,,16.0,128.0,384.0,745.0,,0.0
radeon r5 m320,780.0,855.0,1000.0,4096.0,DDR3,64.0,16.0,,16.0,128.0,320.0,547.2,,0.0
radeon r5 m330,955.0,1030.0,900.0,2048.0,DDR3,64.0,14.4,18.0,16.0,128.0,320.0,659.2,,0.0
radeon r5 m335,,,900.0,2048.0,DDR3,64.0,14.4,,16.0,128.0,320.0,659.2,,0.0
radeon r5 mobile graphics,200.0,720.0,,System Shared,System Shared,,System Dependent,15.0,,,384.0,553.0,,0.0
radeon r6 m335dx,955.0,1030.0,,System Shared,System Shared,,System Dependent,,16.0,256.0,384.0,791.0,,0.0
radeon r6 m340dx,955.0,1030.0,,System Shared,System Shared,,System Dependent,,16.0,256.0,384.0,791.0,,0.0
radeon r6 mobile graphics,200.0,720.0,,System Shared,System Shared,,System Dependent,15.0,,,384.0,553.0,,0.0
radeon r7 340 oem,730.0,780.0,1000.0,2048.0,GDDR5,128.0,64.0,50.0,16.0,256.0,384.0,599.0,,0.0
radeon r7 340 oem,730.0,780.0,900.0,2048.0,DDR3,128.0,28.8,50.0,16.0,256.0,384.0,599.0,,0.0
radeon r7 350 fake card,,,1150.0,2048.0,GDDR5,64.0,36.8,35.0,16.0,128.0,384.0,806.4,,0.0
radeon r7 350 oem,1000.0,1050.0,1150.0,2048.0,GDDR5,128.0,73.6,65.0,16.0,256.0,384.0,806.4,,0.0
radeon r7 350x oem,1000.0,1050.0,1000.0,4096.0,DDR3,128.0,32.0,65.0,16.0,256.0,384.0,806.4,,0.0
radeon r7 360,1000.0,1050.0,1500.0,2048.0,GDDR5,128.0,96.0,100.0,16.0,256.0,768.0,1613.0,,0.0
radeon r7 360 896sp,,,1500.0,2048.0,GDDR5,128.0,96.0,85.0,16.0,256.0,896.0,1971.0,,0.0
radeon r7 360e,,,1500.0,2048.0,GDDR5,128.0,96.0,75.0,16.0,256.0,768.0,1613.0,,0.0
radeon r7 370,925.0,975.0,1400.0,2048.0,GDDR5,256.0,179.2,110.0,16.0,512.0,1024.0,1997.0,,0.0
radeon r7 a360,1100.0,1125.0,900.0,2048.0,DDR3,64.0,14.4,,16.0,128.0,384.0,864.0,,0.0
radeon r7 a360,725.0,825.0,900.0,2048.0,DDR3,128.0,28.8,,16.0,256.0,384.0,633.6,,0.0
radeon r7 m260x,620.0,715.0,1000.0,1024.0,GDDR5,128.0,64.0,,16.0,256.0,384.0,549.1,,0.0
radeon r7 m340,620.0,715.0,1000.0,1024.0,DDR3,64.0,16.0,,16.0,256.0,384.0,549.1,,0.0
radeon r7 m340,943.0,1021.0,1000.0,2048.0,DDR3,64.0,16.0,,16.0,128.0,320.0,653.4,,0.0
radeon r7 m350,1000.0,1015.0,1000.0,4096.0,DDR3,64.0,16.0,,16.0,128.0,384.0,779.5,,0.0
radeon r7 m350 2gb,,,1000.0,2048.0,GDDR5,128.0,64.0,,16.0,128.0,384.0,633.6,,0.0
radeon r7 m360,1100.0,1125.0,900.0,2048.0,DDR3,64.0,14.4,,16.0,128.0,384.0,864.0,,0.0
radeon r7 m365x,,,1000.0,1024.0,GDDR5,128.0,64.0,,16.0,256.0,384.0,633.6,,0.0
radeon r7 m370,875.0,960.0,900.0,2048.0,GDDR5,128.0,57.6,,16.0,256.0,384.0,737.3,,0.0
radeon r7 m380,900.0,915.0,1000.0,4096.0,DDR3,128.0,32.0,,16.0,256.0,640.0,1171.2,,0.0
radeon r7 mobile graphics,200.0,720.0,,System Shared,System Shared,,System Dependent,15.0,,,512.0,737.3,,0.0
radeon r8 m350dx,955.0,1030.0,,System Shared,System Shared,,System Dependent,,16.0,256.0,384.0,791.0,,0.0
radeon r8 m365dx,900.0,1125.0,,System Shared,System Shared,,System Dependent,,16.0,256.0,384.0,864.0,,0.0
radeon r9 270 1024sp,900.0,925.0,1200.0,2048.0,GDDR5,256.0,153.6,150.0,16.0,512.0,1024.0,1894.0,,0.0
radeon r9 360 oem,1000.0,1050.0,1625.0,2048.0,GDDR5,128.0,104.0,75.0,16.0,256.0,768.0,1613.0,,0.0
radeon r9 370,925.0,975.0,1400.0,2048.0,GDDR5,256.0,179.2,110.0,16.0,512.0,1280.0,2496.0,,0.0
radeon r9 370 1024sp,925.0,975.0,1400.0,2048.0,GDDR5,256.0,179.2,150.0,16.0,512.0,1024.0,1997.0,,0.0
radeon r9 370x,980.0,1030.0,1400.0,2048.0,GDDR5,256.0,179.2,180.0,16.0,512.0,1280.0,2637.0,,0.0
radeon r9 380,,,1375.0,2048.0,GDDR5,256.0,176.0,190.0,16.0,512.0,1792.0,3476.0,19000000.0,0.0
radeon r9 380 oem,,,1375.0,4096.0,GDDR5,256.0,176.0,190.0,16.0,512.0,1792.0,3290.0,,0.0
radeon r9 380x,,,1425.0,4096.0,GDDR5,256.0,182.4,190.0,16.0,512.0,2048.0,3973.0,,0.0
radeon r9 390,,,1500.0,8192.0,GDDR5,512.0,384.0,275.0,16.0,1024.0,2560.0,5120.0,,0.0
radeon r9 390 x2,,,1350.0,8192.0,GDDR5,512.0,345.6,580.0,16.0,1024.0,2560.0,5120.0,,0.0
radeon r9 390x,,,1500.0,8192.0,GDDR5,512.0,384.0,275.0,16.0,1024.0,2816.0,5914.0,,0.0
radeon r9 a375,,,1125.0,2048.0,GDDR5,128.0,72.0,,16.0,256.0,640.0,1299.2,,0.0
radeon r9 fury,,,500.0,4096.0,HBM,4096.0,512.0,275.0,16.0,2048.0,3584.0,7168.0,29000000.0,0.0
radeon r9 fury x,,,500.0,4096.0,HBM,4096.0,512.0,275.0,16.0,2048.0,4096.0,8602.0,,0.0
radeon r9 fury x2,,,500.0,4096.0,HBM,4096.0,512.0,,16.0,2048.0,4096.0,8602.0,,0.0
radeon r9 m270x,900.0,1000.0,1375.0,2048.0,GDDR5,128.0,88.0,,16.0,256.0,768.0,1536.0,,0.0
radeon r9 m280x,1000.0,1100.0,1500.0,2048.0,GDDR5,128.0,96.0,,16.0,256.0,896.0,1971.0,,0.0
radeon r9 m280x,900.0,1000.0,1375.0,4096.0,GDDR5,128.0,88.0,,16.0,256.0,896.0,1792.0,,0.0
radeon r9 m360,900.0,925.0,1125.0,4096.0,GDDR5,128.0,72.0,,16.0,256.0,512.0,947.2,,0.0
radeon r9 m365x,900.0,925.0,1125.0,4096.0,GDDR5,128.0,72.0,,16.0,256.0,640.0,1184.0,,0.0
radeon r9 m370x mac edition,775.0,800.0,1125.0,2048.0,GDDR5,128.0,72.0,,16.0,256.0,640.0,1024.0,,0.0
radeon r9 m375,1000.0,1015.0,900.0,2048.0,DDR3,128.0,28.8,,16.0,256.0,640.0,1299.2,,0.0
radeon r9 m375x,925.0,1015.0,1125.0,2048.0,GDDR5,128.0,72.0,,16.0,256.0,640.0,1299.2,,0.0
radeon r9 m380,900.0,1000.0,1500.0,4096.0,GDDR5,128.0,96.0,,16.0,256.0,768.0,1536.0,,0.0
radeon r9 m380 mac edition,900.0,1021.0,1568.0,2048.0,GDDR5,128.0,100.4,,16.0,256.0,768.0,1568.0,,0.0
radeon r9 m385,900.0,1000.0,1200.0,4096.0,GDDR5,128.0,76.8,,16.0,256.0,896.0,1792.0,,0.0
radeon r9 m385x,1000.0,1100.0,1200.0,4096.0,GDDR5,128.0,76.8,,16.0,256.0,896.0,1971.0,,0.0
radeon r9 m390 mac edition,,,1365.0,2048.0,GDDR5,256.0,174.7,80.0,16.0,512.0,1024.0,1962.0,,0.0
radeon r9 m390x,,,1250.0,4096.0,GDDR5,256.0,160.0,75.0,16.0,512.0,2048.0,2961.0,,0.0
radeon r9 m395 mac edition,,,1365.0,2048.0,GDDR5,256.0,174.7,250.0,,,1792.0,2989.0,,0.0
radeon r9 m395x,,,1250.0,8192.0,GDDR5,256.0,160.0,75.0,16.0,512.0,2048.0,2961.0,,0.0
radeon r9 m395x mac edition,,,1365.0,4096.0,GDDR5,256.0,174.7,250.0,16.0,512.0,2048.0,3723.0,,0.0
radeon r9 nano,,,500.0,4096.0,HBM,4096.0,512.0,175.0,16.0,2048.0,4096.0,8192.0,,0.0
firepro s7100x,,,1250.0,8192.0,GDDR5,256.0,160.0,100.0,16.0,512.0,2048.0,2970.0,,
firepro s7150,,,1250.0,8192.0,GDDR5,256.0,160.0,150.0,16.0,512.0,2048.0,3768.0,,
firepro s7150 x2,,,1250.0,8192.0,GDDR5,256.0,160.0,265.0,16.0,512.0,1792.0,3297.0,,
firepro s9300 x2,,,500.0,4096.0,HBM,4096.0,512.0,300.0,16.0,2048.0,4096.0,7987.0,,
playstation 4 pro gpu,,,1700.0,8192.0,GDDR5,256.0,217.6,150.0,,,2304.0,4198.0,,
playstation 4 slim gpu,,,1375.0,8192.0,GDDR5,256.0,176.0,75.0,,,1152.0,1843.0,,
radeon e9260 mxm,,,1750.0,4096.0,GDDR5,128.0,112.0,50.0,16.0,1024.0,896.0,1887.0,,0.0
radeon e9260 pcie,1090.0,1200.0,1750.0,4096.0,GDDR5,128.0,112.0,80.0,16.0,1024.0,896.0,2150.0,,0.0
radeon e9550 mxm,1120.0,1244.0,1250.0,8192.0,GDDR5,256.0,160.0,95.0,16.0,2048.0,2304.0,5732.0,,0.0
radeon instinct mi6,1120.0,1233.0,1750.0,8192.0,GDDR5,256.0,224.0,150.0,16.0,2048.0,2304.0,5682.0,,0.0
radeon instinct mi8,,,500.0,4096.0,HBM,4096.0,512.0,175.0,16.0,2048.0,4096.0,8192.0,,0.0
radeon pro 450,,,1270.0,2048.0,GDDR5,128.0,81.28,35.0,16.0,1024.0,640.0,1024.0,,0.0
radeon pro 455,,,1270.0,2048.0,GDDR5,128.0,81.28,35.0,16.0,1024.0,768.0,1313.3,,0.0
radeon pro 460,850.0,907.0,1270.0,4096.0,GDDR5,128.0,81.28,35.0,16.0,1024.0,1024.0,1858.0,,0.0
radeon pro duo,,,500.0,4096.0,HBM,4096.0,512.0,350.0,16.0,2048.0,4096.0,8192.0,,0.0
radeon pro ssg,1000.0,1050.0,500.0,4096.0,HBM,4096.0,512.0,260.0,16.0,4096.0,4096.0,8602.0,,0.0
radeon pro v5300x,1125.0,1201.0,1500.0,4096.0,GDDR5,128.0,96.0,50.0,16.0,1024.0,1024.0,2460.0,,0.0
radeon pro v7300x,1188.0,1243.0,1750.0,8192.0,GDDR5,256.0,224.0,130.0,16.0,2048.0,2304.0,5728.0,,0.0
radeon pro v7350x2,1188.0,1243.0,1750.0,16384.0,GDDR5,256.0,224.0,200.0,16.0,2048.0,2304.0,5728.0,,0.0
radeon pro wx 4100,1125.0,1201.0,1500.0,4096.0,GDDR5,128.0,96.0,50.0,16.0,1024.0,1024.0,2460.0,,0.0
radeon pro wx 5100,713.0,1086.0,1250.0,8192.0,GDDR5,256.0,160.0,75.0,16.0,2048.0,1792.0,3892.0,,0.0
radeon pro wx 7100,1188.0,1243.0,1750.0,8192.0,GDDR5,256.0,224.0,130.0,16.0,2048.0,2304.0,5728.0,,0.0
radeon r1e mobile graphics,300.0,600.0,,System Shared,System Shared,,System Dependent,15.0,,,64.0,76.8,,0.0
radeon r1e mobile graphics,,,,System Shared,System Shared,,System Dependent,15.0,,,64.0,63.62,,0.0
radeon r1e mobile graphics,,,,System Shared,System Shared,,System Dependent,15.0,,,64.0,63.62,,0.0
radeon r2 mobile graphics,200.0,600.0,,System Shared,System Shared,,System Dependent,15.0,,,128.0,153.6,,0.0
radeon r2e mobile graphics,200.0,600.0,,System Shared,System Shared,,System Dependent,15.0,,,128.0,153.6,,0.0
radeon r3 mobile graphics,200.0,655.0,,System Shared,System Shared,,System Dependent,15.0,,,128.0,167.7,,0.0
radeon r4 mobile graphics,200.0,655.0,,System Shared,System Shared,,System Dependent,15.0,,,192.0,251.5,,0.0
radeon r4e mobile graphics,400.0,600.0,,System Shared,System Shared,,System Dependent,15.0,,,192.0,230.4,,0.0
radeon r5 430 oem,730.0,780.0,1150.0,2048.0,GDDR5,64.0,36.8,50.0,16.0,256.0,384.0,599.0,,0.0
radeon r5 435 oem,,,1125.0,2048.0,DDR3,64.0,18.0,50.0,16.0,128.0,320.0,659.2,,0.0
radeon r5 m420,780.0,850.0,1000.0,4096.0,DDR3,64.0,16.0,,16.0,128.0,320.0,544.0,,0.0
radeon r5 m430,780.0,1030.0,1125.0,2048.0,DDR3,64.0,18.0,,16.0,128.0,320.0,659.2,,0.0
radeon r5 m430,,,900.0,2048.0,DDR3,64.0,14.4,,16.0,128.0,320.0,659.2,,0.0
radeon r5 m430,780.0,855.0,1000.0,4096.0,DDR3,64.0,16.0,,16.0,128.0,320.0,547.2,,0.0
radeon r5 m435,780.0,1030.0,1125.0,2048.0,GDDR5,64.0,36.0,,16.0,128.0,320.0,659.2,,0.0
radeon r5 m445,,,1000.0,4096.0,GDDR5,64.0,32.0,,16.0,128.0,384.0,706.6,,0.0
radeon r5 m465,1000.0,1015.0,1000.0,4096.0,DDR3,64.0,16.0,,16.0,128.0,384.0,779.5,,0.0
radeon r5 mobile graphics,200.0,847.0,,System Shared,System Shared,,System Dependent,15.0,,,192.0,325.2,,0.0
radeon r5e mobile graphics,200.0,847.0,,System Shared,System Shared,,System Dependent,15.0,,,192.0,325.2,,0.0
radeon r6 m435dx,955.0,1030.0,,System Shared,System Shared,,System Dependent,,16.0,256.0,384.0,791.0,,0.0
radeon r6e mobile graphics,200.0,758.0,,System Shared,System Shared,,System Dependent,15.0,,,384.0,582.1,,0.0
radeon r7 350,,,1125.0,2048.0,GDDR5,128.0,72.0,55.0,16.0,256.0,512.0,819.2,,0.0
radeon r7 430 oem,730.0,780.0,900.0,2048.0,DDR3,128.0,28.8,50.0,16.0,256.0,384.0,599.0,,0.0
radeon r7 435 oem,,,1000.0,2048.0,DDR3,64.0,16.0,50.0,16.0,128.0,320.0,588.8,,0.0
radeon r7 450 oem,,,1125.0,2048.0,GDDR5,128.0,72.0,65.0,16.0,256.0,512.0,947.2,,0.0
radeon r7 m440,,,900.0,4096.0,DDR3,64.0,14.4,,16.0,128.0,320.0,570.2,,0.0
radeon r7 m445,780.0,920.0,1000.0,4096.0,GDDR5,64.0,32.0,,16.0,128.0,320.0,588.8,,0.0
radeon r7 m460,730.0,1024.0,1125.0,2048.0,GDDR5,64.0,36.0,,16.0,128.0,384.0,786.4,,0.0
radeon r7 m465,730.0,1024.0,1125.0,2048.0,GDDR5,64.0,36.0,,16.0,128.0,384.0,786.4,,0.0
radeon r7 m465,,,1000.0,2048.0,GDDR5,128.0,64.0,,16.0,256.0,384.0,633.6,,0.0
radeon r7 m465x,900.0,925.0,1125.0,2048.0,GDDR5,128.0,72.0,,16.0,256.0,512.0,947.2,,0.0
radeon r7e mobile graphics,200.0,626.0,,System Shared,System Shared,,System Dependent,15.0,,,384.0,480.8,,0.0
radeon r8 m435dx,955.0,1030.0,,System Shared,System Shared,,System Dependent,,16.0,256.0,384.0,791.0,,0.0
radeon r8 m445dx,780.0,1021.0,,System Shared,System Shared,,System Dependent,,16.0,128.0,320.0,653.4,,0.0
radeon r9 m470,900.0,1000.0,1375.0,4096.0,GDDR5,128.0,88.0,,16.0,256.0,768.0,1536.0,,0.0
radeon r9 m470x,1000.0,1100.0,1200.0,4096.0,GDDR5,128.0,76.8,,16.0,256.0,896.0,1971.0,,0.0
radeon r9 m485x,,,1250.0,8192.0,GDDR5,256.0,160.0,250.0,16.0,512.0,2048.0,2961.0,,0.0
radeon rx 455 oem,,,1625.0,2048.0,GDDR5,128.0,104.0,100.0,16.0,256.0,768.0,1613.0,,0.0
radeon rx 460,1090.0,1200.0,1750.0,2048.0,GDDR5,128.0,112.0,75.0,16.0,1024.0,896.0,2150.0,,0.0
radeon rx 460 mobile,1000.0,1180.0,1250.0,4096.0,GDDR5,128.0,80.0,55.0,16.0,1024.0,896.0,2115.0,,0.0
radeon rx 470,926.0,1206.0,1650.0,4096.0,GDDR5,256.0,211.2,120.0,16.0,2048.0,2048.0,4940.0,26000000.0,0.0
radeon rx 470 mobile,926.0,1074.0,1750.0,8192.0,GDDR5,256.0,224.0,85.0,16.0,2048.0,2048.0,4399.0,,0.0
radeon rx 470d,926.0,1206.0,1650.0,4096.0,GDDR5,256.0,211.2,120.0,16.0,2048.0,1792.0,4322.0,,0.0
radeon rx 480,1120.0,1266.0,2000.0,8192.0,GDDR5,256.0,256.0,150.0,16.0,2048.0,2304.0,5834.0,30000000.0,0.0
radeon rx 480 mobile,1000.0,1077.0,2000.0,8192.0,GDDR5,256.0,256.0,100.0,16.0,2048.0,2304.0,4963.0,,0.0
radeon rx 580 oem,1120.0,1266.0,2000.0,8192.0,GDDR5,256.0,256.0,150.0,16.0,2048.0,2304.0,5834.0,,0.0
xbox one s gpu,,,1066.0,8192.0,DDR3,256.0,68.22,95.0,,,768.0,1403.9,,
radeon 520 mobile ddr3,,,1000.0,2048.0,DDR3,64.0,16.0,50.0,16.0,128.0,320.0,659.2,,0.0
radeon 520 mobile gddr5,,,1125.0,2048.0,GDDR5,64.0,36.0,50.0,16.0,128.0,320.0,659.2,,0.0
radeon 520 oem,,,1125.0,2048.0,GDDR5,64.0,36.0,50.0,16.0,128.0,320.0,659.2,,0.0
radeon 530 mobile ddr3,730.0,1021.0,900.0,2048.0,DDR3,64.0,14.4,50.0,16.0,128.0,384.0,784.1,,0.0
radeon 530 mobile gddr5,730.0,891.0,900.0,2048.0,GDDR5,64.0,28.8,50.0,16.0,128.0,384.0,684.3,,0.0
radeon 530x mobile,730.0,1024.0,1125.0,2048.0,GDDR5,64.0,36.0,50.0,16.0,128.0,384.0,786.4,,0.0
radeon 535 mobile,730.0,984.0,1125.0,2048.0,GDDR5,64.0,36.0,50.0,16.0,128.0,384.0,755.7,,0.0
radeon 540,,,1500.0,1024.0,GDDR5,32.0,24.0,50.0,16.0,512.0,384.0,908.5,,0.0
radeon 550,1100.0,1183.0,1750.0,2048.0,GDDR5,64.0,56.0,50.0,16.0,256.0,512.0,1211.4,,0.0
radeon e9171 mcm,1124.0,1219.0,1500.0,4096.0,GDDR5,128.0,96.0,40.0,16.0,512.0,512.0,1248.3,,0.0
radeon e9172 mxm,1124.0,1219.0,1500.0,2048.0,GDDR5,64.0,48.0,35.0,16.0,256.0,512.0,1248.3,,0.0
radeon e9173 pcie,1124.0,1219.0,1500.0,2048.0,GDDR5,64.0,48.0,35.0,16.0,256.0,512.0,1248.3,,0.0
radeon e9174 mxm,1124.0,1219.0,1500.0,4096.0,GDDR5,128.0,96.0,50.0,16.0,512.0,512.0,1248.3,,0.0
radeon e9175 pcie,1124.0,1219.0,1500.0,4096.0,GDDR5,128.0,96.0,50.0,16.0,512.0,512.0,1248.3,,0.0
radeon instinct mi25,1400.0,1500.0,852.0,16384.0,HBM2,2048.0,436.2,300.0,16.0,4096.0,4096.0,12290.0,,0.0
radeon pro 555,,,1275.0,2048.0,GDDR5,128.0,81.6,75.0,16.0,1024.0,768.0,1305.6,,0.0
radeon pro 560,,,1270.0,4096.0,GDDR5,128.0,81.28,75.0,16.0,1024.0,1024.0,1858.0,,0.0
radeon pro 570,1000.0,1105.0,1695.0,4096.0,GDDR5,256.0,217.0,150.0,16.0,2048.0,1792.0,3960.0,,0.0
radeon pro 575,,,1695.0,4096.0,GDDR5,256.0,217.0,150.0,16.0,2048.0,2048.0,4489.0,,0.0
radeon pro 580,1100.0,1200.0,1695.0,8192.0,GDDR5,256.0,217.0,185.0,16.0,2048.0,2304.0,5530.0,,0.0
radeon pro duo polaris,,,1750.0,16384.0,GDDR5,256.0,224.0,250.0,16.0,2048.0,2304.0,5728.0,,0.0
radeon pro ssg,1440.0,1500.0,945.0,16384.0,HBM2,2048.0,483.8,260.0,16.0,4096.0,4096.0,12290.0,,0.0
radeon pro v320,852.0,1500.0,945.0,8192.0,HBM2,2048.0,483.8,230.0,16.0,4096.0,3584.0,10750.0,,0.0
radeon pro vega 56,1138.0,1250.0,786.0,8192.0,HBM2,2048.0,402.4,210.0,16.0,4096.0,3584.0,8960.0,,0.0
radeon pro vega 64,1250.0,1350.0,786.0,16384.0,HBM2,2048.0,402.4,250.0,16.0,4096.0,4096.0,11060.0,,0.0
radeon pro wx 2100,925.0,1219.0,1500.0,2048.0,GDDR5,64.0,48.0,35.0,16.0,256.0,512.0,1248.3,,0.0
radeon pro wx 3100,925.0,1219.0,1500.0,4096.0,GDDR5,128.0,96.0,65.0,16.0,512.0,512.0,1248.3,,0.0
radeon pro wx 4130 mobile,1002.0,1053.0,1500.0,2048.0,GDDR5,128.0,96.0,50.0,16.0,1024.0,640.0,1347.8,,0.0
radeon pro wx 4150 mobile,1002.0,1053.0,1500.0,4096.0,GDDR5,128.0,96.0,50.0,16.0,1024.0,896.0,1887.0,,0.0
radeon pro wx 4170 mobile,1002.0,1201.0,1500.0,4096.0,GDDR5,128.0,96.0,50.0,16.0,1024.0,1024.0,2460.0,,0.0
radeon pro wx 7100 mobile,1188.0,1243.0,1250.0,8192.0,GDDR5,256.0,160.0,130.0,16.0,2048.0,2304.0,5728.0,,0.0
radeon pro wx 7130 mobile,1188.0,1243.0,1250.0,8192.0,GDDR5,256.0,160.0,130.0,16.0,2048.0,2304.0,5728.0,,0.0
radeon pro wx 8100,1200.0,1500.0,1000.0,8192.0,HBM2,2048.0,512.0,230.0,16.0,4096.0,3584.0,10750.0,,0.0
radeon pro wx 9100,1200.0,1500.0,945.0,16384.0,HBM2,2048.0,483.8,230.0,16.0,4096.0,4096.0,12290.0,,0.0
radeon r5 graphics,200.0,900.0,,System Shared,System Shared,,System Dependent,15.0,,,384.0,691.2,,0.0
radeon r8 m535dx,780.0,891.0,,System Shared,System Shared,,System Dependent,,16.0,128.0,320.0,570.2,,0.0
radeon rx 460 1024sp,1090.0,1200.0,1750.0,2048.0,GDDR5,128.0,112.0,75.0,16.0,1024.0,1024.0,2458.0,,0.0
radeon rx 540 mobile,,,1250.0,2048.0,GDDR5,128.0,80.0,50.0,16.0,512.0,512.0,1071.1,,0.0
radeon rx 550,1100.0,1183.0,1750.0,2048.0,GDDR5,128.0,112.0,50.0,16.0,512.0,512.0,1211.4,,0.0
radeon rx 550 512sp,1019.0,1071.0,1500.0,2048.0,GDDR5,128.0,96.0,50.0,16.0,512.0,512.0,1096.7,,0.0
radeon rx 550 640sp,1019.0,1071.0,1500.0,2048.0,GDDR5,128.0,96.0,60.0,16.0,1024.0,640.0,1370.9,,0.0
radeon rx 550 mobile,1100.0,1287.0,1500.0,2048.0,GDDR5,128.0,96.0,50.0,16.0,512.0,640.0,1647.0,,0.0
radeon rx 560,1175.0,1275.0,1750.0,4096.0,GDDR5,128.0,112.0,75.0,16.0,1024.0,1024.0,2611.0,,0.0
radeon rx 560 896sp,1090.0,1175.0,1750.0,4096.0,GDDR5,128.0,112.0,45.0,16.0,1024.0,896.0,2106.0,,0.0
radeon rx 560 mobile,784.0,1032.0,1710.0,4096.0,GDDR5,128.0,109.4,55.0,16.0,1024.0,896.0,1849.0,,0.0
radeon rx 560 mobile,1000.0,1053.0,1500.0,4096.0,GDDR5,128.0,96.0,55.0,16.0,1024.0,896.0,1887.0,,0.0
radeon rx 560 mobile,1090.0,1202.0,1500.0,4096.0,GDDR5,128.0,96.0,65.0,16.0,1024.0,1024.0,2462.0,,0.0
radeon rx 560d,1090.0,1175.0,1500.0,4096.0,GDDR5,128.0,96.0,65.0,16.0,1024.0,896.0,2106.0,,0.0
radeon rx 570,1168.0,1244.0,1750.0,4096.0,GDDR5,256.0,224.0,150.0,16.0,2048.0,2048.0,5095.0,27900000.0,0.0
radeon rx 570 mobile,926.0,1206.0,1650.0,8192.0,GDDR5,256.0,211.2,85.0,16.0,2048.0,2048.0,4940.0,,0.0
radeon rx 580,1257.0,1340.0,2000.0,8192.0,GDDR5,256.0,256.0,185.0,16.0,2048.0,2304.0,6175.0,,0.0
radeon rx 580 mobile,1000.0,1077.0,2000.0,8192.0,GDDR5,256.0,256.0,100.0,16.0,2048.0,2304.0,4963.0,,0.0
radeon rx vega 10 mobile,300.0,1301.0,,System Shared,System Shared,,System Dependent,10.0,,,640.0,1665.0,,0.0
radeon rx vega 56,1156.0,1471.0,800.0,8192.0,HBM2,2048.0,409.6,210.0,16.0,4096.0,3584.0,10540.0,49000000.0,0.0
radeon rx vega 64,1247.0,1546.0,945.0,8192.0,HBM2,2048.0,483.8,295.0,16.0,4096.0,4096.0,12660.0,50000000.0,0.0
radeon rx vega 64 limited edition,1247.0,1546.0,945.0,8192.0,HBM2,2048.0,483.8,295.0,16.0,4096.0,4096.0,12660.0,,0.0
radeon rx vega 64 liquid cooling,1406.0,1677.0,945.0,8192.0,HBM2,2048.0,483.8,345.0,16.0,4096.0,4096.0,13740.0,,0.0
radeon vega 8 mobile,300.0,1101.0,,System Shared,System Shared,,System Dependent,25.0,,,512.0,1127.4,,0.0
radeon vega frontier edition,1382.0,1600.0,945.0,16384.0,HBM2,2048.0,483.8,300.0,16.0,4096.0,4096.0,13110.0,,0.0
radeon vega frontier edition watercooled,1382.0,1600.0,945.0,16384.0,HBM2,2048.0,483.8,375.0,16.0,4096.0,4096.0,13110.0,,0.0
xbox one x gpu,,,1700.0,12288.0,GDDR5,384.0,326.4,150.0,,,2560.0,6001.0,,
radeon 540x mobile,980.0,1046.0,1500.0,2048.0,GDDR5,64.0,48.0,50.0,16.0,512.0,512.0,1071.1,,0.0
radeon 550x 640sp,1019.0,1071.0,1500.0,4096.0,GDDR5,64.0,48.0,50.0,16.0,256.0,640.0,1370.9,,0.0
radeon 550x mobile,,,1000.0,2048.0,GDDR5,64.0,32.0,50.0,16.0,256.0,640.0,1385.0,,0.0
radeon instinct mi50,1200.0,1746.0,1000.0,16384.0,HBM2,4096.0,1044.48,300.0,16.0,4096.0,3840.0,13410.0,,0.0
radeon instinct mi60,1200.0,1800.0,1000.0,32768.0,HBM2,4096.0,1044.48,300.0,16.0,4096.0,4096.0,14750.0,,0.0
radeon pro 555x,,,1470.0,4096.0,GDDR5,128.0,94.08,75.0,16.0,1024.0,768.0,1393.2,,0.0
radeon pro 560x,,,1470.0,4096.0,GDDR5,128.0,94.08,75.0,16.0,1024.0,1024.0,2056.0,,0.0
radeon pro v340 16 gb,852.0,1500.0,945.0,16384.0,HBM2,2048.0,483.8,230.0,16.0,4096.0,3584.0,10750.0,,0.0
radeon pro v340 8 gb,852.0,1500.0,945.0,8192.0,HBM2,2048.0,483.8,230.0,16.0,4096.0,3584.0,10750.0,,0.0
radeon pro v420,800.0,1700.0,800.0,32768.0,HBM2,4096.0,819.2,300.0,16.0,4096.0,4096.0,13930.0,,0.0
radeon pro vega 16,815.0,1190.0,1200.0,4096.0,HBM2,1024.0,307.2,75.0,16.0,1024.0,1024.0,2437.0,,0.0
radeon pro vega 20,815.0,1283.0,740.0,4096.0,HBM2,1024.0,189.4,100.0,16.0,1024.0,1280.0,3284.0,,0.0
radeon pro wx 8200,1200.0,1500.0,1000.0,8192.0,HBM2,2048.0,512.0,230.0,16.0,4096.0,3584.0,10750.0,,0.0
radeon pro wx vega m gl,931.0,1011.0,700.0,4096.0,HBM2,1024.0,179.2,65.0,16.0,1024.0,1280.0,2588.0,,0.0
radeon rx 540x mobile,1124.0,1211.0,1500.0,2048.0,GDDR5,128.0,96.0,50.0,16.0,512.0,512.0,1240.1,,0.0
radeon rx 550x,1100.0,1183.0,1500.0,4096.0,GDDR5,128.0,96.0,50.0,16.0,512.0,512.0,1211.4,,0.0
radeon rx 550x 640sp,1019.0,1071.0,1500.0,2048.0,GDDR5,128.0,96.0,60.0,16.0,1024.0,640.0,1370.9,,0.0
radeon rx 550x mobile,1100.0,1176.0,1500.0,2048.0,GDDR5,64.0,48.0,50.0,16.0,512.0,640.0,1505.0,,0.0
radeon rx 560dx,1090.0,1175.0,1500.0,4096.0,GDDR5,128.0,96.0,65.0,16.0,1024.0,896.0,2106.0,,0.0
radeon rx 560x,1175.0,1275.0,1750.0,4096.0,GDDR5,128.0,112.0,75.0,16.0,1024.0,1024.0,2611.0,,0.0
radeon rx 560x mobile,,,1750.0,4096.0,GDDR5,128.0,112.0,65.0,16.0,1024.0,1024.0,2611.0,,0.0
radeon rx 560x mobile,,,1450.0,4096.0,GDDR5,128.0,92.8,65.0,16.0,1024.0,1024.0,2611.0,,0.0
radeon rx 560x mobile,1175.0,1202.0,1500.0,2048.0,GDDR5,128.0,96.0,65.0,16.0,1024.0,1024.0,2462.0,,0.0
radeon rx 570x,1168.0,1244.0,1750.0,8192.0,GDDR5,256.0,224.0,150.0,16.0,2048.0,2048.0,5095.0,,0.0
radeon rx 580 2048sp,1168.0,1284.0,1750.0,4096.0,GDDR5,256.0,224.0,150.0,16.0,2048.0,2048.0,5259.0,,0.0
radeon rx 580g,1257.0,1330.0,2000.0,8192.0,GDDR5,256.0,256.0,185.0,16.0,2048.0,2304.0,6129.0,30500000.0,0.0
radeon rx 580x,1257.0,1340.0,2000.0,8192.0,GDDR5,256.0,256.0,185.0,16.0,2048.0,2304.0,6175.0,,0.0
radeon rx 580x mobile,,,2000.0,8192.0,GDDR5,256.0,256.0,100.0,16.0,2048.0,2304.0,5834.0,,0.0
radeon rx 590,1469.0,1545.0,2000.0,8192.0,GDDR5,256.0,256.0,175.0,16.0,2048.0,2304.0,7119.0,,0.0
radeon rx vega 11,300.0,1251.0,,System Shared,System Shared,,System Dependent,25.0,,,704.0,1761.0,,0.0
radeon rx vega 11,300.0,1240.0,,System Shared,System Shared,,System Dependent,25.0,,,704.0,1746.0,,0.0
radeon rx vega 11 embedded,300.0,1251.0,,System Shared,System Shared,,System Dependent,25.0,,,704.0,1761.0,,0.0
radeon rx vega 56 mobile,1138.0,1301.0,800.0,8192.0,HBM2,2048.0,409.6,120.0,16.0,4096.0,3584.0,9326.0,,0.0
radeon rx vega m gh,1063.0,1190.0,800.0,4096.0,HBM2,1024.0,204.8,100.0,16.0,1024.0,1536.0,3656.0,,0.0
radeon rx vega m gl,931.0,1011.0,700.0,4096.0,HBM2,1024.0,179.2,65.0,16.0,1024.0,1280.0,2588.0,,0.0
radeon rx vega nano,1247.0,1546.0,800.0,8192.0,HBM2,2048.0,409.6,175.0,16.0,4096.0,4096.0,12660.0,,0.0
radeon vega 11 embedded,300.0,1301.0,,System Shared,System Shared,,System Dependent,25.0,,,704.0,1832.0,,0.0
radeon vega 3 embedded,300.0,1001.0,,System Shared,System Shared,,System Dependent,15.0,,,192.0,384.4,,0.0
radeon vega 3 embedded,300.0,1001.0,,System Shared,System Shared,,System Dependent,15.0,,,192.0,384.4,,0.0
radeon vega 3 embedded,300.0,1001.0,,System Shared,System Shared,,System Dependent,15.0,,,192.0,384.4,,0.0
radeon vega 3 mobile,300.0,1101.0,,System Shared,System Shared,,System Dependent,15.0,,,192.0,422.8,,0.0
radeon vega 6 embedded,300.0,1280.0,,System Shared,System Shared,,System Dependent,15.0,,,384.0,983.0,,0.0
radeon vega 6 mobile,300.0,1101.0,,System Shared,System Shared,,System Dependent,15.0,,,384.0,845.6,,0.0
radeon vega 8,300.0,1100.0,,System Shared,System Shared,,System Dependent,25.0,,,512.0,1126.4,,0.0
radeon vega 8 embedded,300.0,1101.0,,System Shared,System Shared,,System Dependent,25.0,,,512.0,1127.4,,0.0
radeon vega 8 embedded,300.0,1100.0,,System Shared,System Shared,,System Dependent,15.0,,,512.0,1126.4,,0.0
zhongshan subor z gpu,,,1200.0,8192.0,GDDR5,256.0,153.6,100.0,,,1536.0,3994.0,,
radeon 540 mobile,,,1300.0,2048.0,GDDR5,64.0,41.6,50.0,16.0,256.0,512.0,1071.1,,0.0
radeon 540x mobile,980.0,1095.0,1000.0,2048.0,GDDR5,64.0,32.0,50.0,16.0,512.0,512.0,1121.3,,0.0
radeon 550x,1082.0,1218.0,1750.0,2048.0,GDDR5,128.0,112.0,50.0,16.0,512.0,512.0,1247.2,,0.0
radeon 610 mobile,,,1000.0,2048.0,GDDR5,64.0,32.0,50.0,16.0,128.0,320.0,659.2,,0.0
radeon 620 mobile,,,1000.0,2048.0,GDDR5,64.0,32.0,50.0,16.0,128.0,384.0,706.6,,0.0
radeon 625 mobile,730.0,1024.0,1125.0,2048.0,GDDR5,64.0,36.0,50.0,16.0,128.0,384.0,786.4,,0.0
radeon 625 oem,,,1125.0,2048.0,GDDR5,64.0,36.0,35.0,16.0,128.0,384.0,786.4,,0.0
radeon 630 mobile,1082.0,1211.0,1500.0,2048.0,GDDR5,128.0,96.0,50.0,16.0,512.0,512.0,1240.1,,0.0
radeon e9390 pcie,713.0,1089.0,1250.0,8192.0,GDDR5,256.0,160.0,75.0,16.0,2048.0,1792.0,3903.0,,0.0
radeon e9560 pcie,1120.0,1237.0,1750.0,8192.0,GDDR5,256.0,224.0,130.0,16.0,2048.0,2304.0,5700.0,,0.0
radeon pro 5300m,1000.0,1250.0,1500.0,4096.0,GDDR6,128.0,192.0,85.0,,2048.0,1280.0,3200.0,,0.0
radeon pro 5500m,1000.0,1450.0,1500.0,8192.0,GDDR6,128.0,192.0,85.0,,2048.0,1536.0,4454.0,,0.0
radeon pro 570x,1000.0,1105.0,1695.0,4096.0,GDDR5,256.0,217.0,150.0,16.0,2048.0,1792.0,3960.0,,0.0
radeon pro 575x,,,1695.0,4096.0,GDDR5,256.0,217.0,150.0,16.0,2048.0,2048.0,4489.0,,0.0
radeon pro 580x,1100.0,1200.0,1710.0,8192.0,GDDR5,256.0,218.9,185.0,16.0,2048.0,2304.0,5530.0,,0.0
radeon pro vega 48,,,786.0,8192.0,HBM2,2048.0,402.4,,16.0,4096.0,3072.0,7373.0,,0.0
radeon pro vega 64x,1250.0,1468.0,1000.0,16384.0,HBM2,2048.0,512.0,250.0,16.0,4096.0,4096.0,12030.0,,0.0
radeon pro vega ii,1574.0,1720.0,806.0,32768.0,HBM2,4096.0,825.3,475.0,16.0,4096.0,4096.0,14090.0,,0.0
radeon pro vega ii duo,1400.0,1720.0,1000.0,32768.0,HBM2,4096.0,1044.48,475.0,16.0,4096.0,4096.0,14090.0,,0.0
radeon pro w5300m,1000.0,1250.0,1500.0,4096.0,GDDR6,128.0,192.0,85.0,,2048.0,1280.0,3200.0,,0.0
radeon pro w5500x,1187.0,1757.0,1750.0,8192.0,GDDR6,128.0,224.0,125.0,,2048.0,1536.0,5398.0,,0.0
radeon pro w5700,1400.0,1880.0,1750.0,8192.0,GDDR6,256.0,448.0,205.0,,4096.0,2304.0,8663.0,,0.0
radeon pro w5700x,1243.0,2040.0,1750.0,16384.0,GDDR6,256.0,448.0,205.0,,4096.0,2560.0,10440.0,,0.0
radeon pro wx 3200,,,1500.0,4096.0,GDDR5,128.0,96.0,65.0,16.0,512.0,640.0,1658.0,,0.0
radeon pro wx 3200 mobile,,,1000.0,4096.0,GDDR5,128.0,64.0,65.0,16.0,512.0,640.0,1385.0,,0.0
radeon r7 350 640sp,,,1125.0,2048.0,GDDR5,128.0,72.0,55.0,16.0,256.0,640.0,1184.0,,0.0
radeon rx 5300 xt oem,1670.0,1845.0,1750.0,4096.0,GDDR5,128.0,112.0,100.0,,2048.0,1408.0,5196.0,,0.0
radeon rx 5300m,1000.0,1445.0,1750.0,3072.0,GDDR6,96.0,168.0,85.0,,2048.0,1408.0,4069.0,,0.0
radeon rx 5500 oem,1500.0,1845.0,1750.0,4096.0,GDDR6,128.0,224.0,110.0,,2048.0,1408.0,5196.0,,0.0
radeon rx 5500 xt,1607.0,1845.0,1750.0,4096.0,GDDR6,128.0,224.0,130.0,,2048.0,1408.0,5196.0,26000000.0,0.0
radeon rx 5500m,1375.0,1645.0,1750.0,4096.0,GDDR6,128.0,224.0,85.0,,2048.0,1408.0,4632.0,,0.0
radeon rx 560 xt,1074.0,1226.0,1750.0,4096.0,GDDR5,256.0,224.0,150.0,16.0,2048.0,1792.0,4394.0,,0.0
radeon rx 560x mobile,,,1750.0,4096.0,GDDR5,128.0,112.0,65.0,16.0,1024.0,896.0,2192.0,,0.0
radeon rx 5700,1465.0,1725.0,1750.0,8192.0,GDDR6,256.0,448.0,180.0,,4096.0,2304.0,7949.0,55000000.0,0.0
radeon rx 5700 xt,1605.0,1905.0,1750.0,8192.0,GDDR6,256.0,448.0,225.0,,4096.0,2560.0,9754.0,55000000.0,0.0
radeon rx 5700 xt 50th anniversary,1680.0,1980.0,1750.0,8192.0,GDDR6,256.0,448.0,225.0,,4096.0,2560.0,10140.0,,0.0
radeon rx 640 mobile,1082.0,1218.0,1500.0,2048.0,GDDR5,64.0,48.0,50.0,16.0,512.0,640.0,1559.0,,0.0
radeon rx vega 11,300.0,1400.0,,System Shared,System Shared,,System Dependent,15.0,,,704.0,1971.0,,0.0
radeon rx vega 11 mobile,300.0,1400.0,,System Shared,System Shared,,System Dependent,15.0,,,704.0,1971.0,,0.0
radeon vega 10 mobile,300.0,1400.0,,System Shared,System Shared,,System Dependent,15.0,,,640.0,1792.0,,0.0
radeon vega 10 mobile,300.0,1400.0,,System Shared,System Shared,,System Dependent,15.0,,,640.0,1792.0,,0.0
radeon vega 10 mobile,300.0,1301.0,,System Shared,System Shared,,System Dependent,10.0,,,640.0,1665.0,,0.0
radeon vega 11,300.0,1400.0,,System Shared,System Shared,,System Dependent,15.0,,,704.0,1971.0,,0.0
radeon vega 3,300.0,1100.0,,System Shared,System Shared,,System Dependent,15.0,,,192.0,422.4,,0.0
radeon vega 3 embedded,300.0,1000.0,,System Shared,System Shared,,System Dependent,10.0,,,192.0,384.0,,0.0
radeon vega 3 embedded,300.0,1200.0,,System Shared,System Shared,,System Dependent,10.0,,,192.0,460.8,,0.0
radeon vega 3 mobile,300.0,1001.0,,System Shared,System Shared,,System Dependent,15.0,,,192.0,384.4,,0.0
radeon vega 6 mobile,300.0,1200.0,,System Shared,System Shared,,System Dependent,15.0,,,384.0,921.6,,0.0
radeon vega 6 mobile,300.0,1101.0,,System Shared,System Shared,,System Dependent,15.0,,,384.0,845.6,,0.0
radeon vega 8,300.0,1250.0,,System Shared,System Shared,,System Dependent,15.0,,,512.0,1280.0,,0.0
radeon vega 8 mobile,300.0,1200.0,,System Shared,System Shared,,System Dependent,15.0,,,512.0,1228.8,,0.0
radeon vega 8 mobile,300.0,1200.0,,System Shared,System Shared,,System Dependent,15.0,,,512.0,1228.8,,0.0
radeon vega 8 mobile,300.0,1101.0,,System Shared,System Shared,,System Dependent,25.0,,,512.0,1127.4,,0.0
radeon vega 9 mobile,300.0,1300.0,,System Shared,System Shared,,System Dependent,15.0,,,576.0,1497.6,,0.0
radeon vii,1400.0,1750.0,1000.0,16384.0,HBM2,4096.0,1044.48,295.0,16.0,4096.0,3840.0,13440.0,94000000.0,0.0
aerobox gpu,935.0,985.0,1066.0,8192.0,DDR3,256.0,68.22,100.0,,,896.0,1765.0,,
atari vcs 400 gpu,300.0,1201.0,1200.0,4096.0,DDR4,128.0,38.4,15.0,,,192.0,461.2,,
atari vcs 800 gpu,300.0,1201.0,1200.0,8192.0,DDR4,128.0,38.4,15.0,,,192.0,461.2,,
playstation 5 gpu,,,1750.0,16384.0,GDDR6,256.0,448.0,180.0,,4096.0,2304.0,10290.0,,
radeon graphics 320sp mobile,400.0,1400.0,,System Shared,System Shared,,System Dependent,15.0,,,320.0,896.0,,0.0
radeon graphics 384sp mobile,400.0,1500.0,,System Shared,System Shared,,System Dependent,15.0,,,384.0,1152.0,,0.0
radeon graphics 448sp,400.0,1900.0,,System Shared,System Shared,,System Dependent,15.0,,,448.0,1702.0,,0.0
radeon graphics 448sp mobile,400.0,1600.0,,System Shared,System Shared,,System Dependent,15.0,,,448.0,1433.6,,0.0
radeon graphics 512sp,400.0,2100.0,,System Shared,System Shared,,System Dependent,15.0,,,512.0,2150.0,,0.0
radeon graphics 512sp mobile,400.0,1750.0,,System Shared,System Shared,,System Dependent,15.0,,,512.0,1792.0,,0.0
radeon instinct mi100,1000.0,1502.0,1200.0,32768.0,HBM2,4096.0,1259.52,300.0,16.0,8192.0,7680.0,23070.0,,0.0
radeon pro 5300,1000.0,1650.0,1750.0,4096.0,GDDR6,128.0,224.0,85.0,,2048.0,1280.0,4224.0,,0.0
radeon pro 5500 xt,1187.0,1757.0,1750.0,8192.0,GDDR6,128.0,224.0,125.0,,2048.0,1536.0,5398.0,,0.0
radeon pro 5600m,822.0,1144.0,770.0,8192.0,HBM2,2048.0,394.2,50.0,,4096.0,2560.0,5857.0,,0.0
radeon pro 5700,1243.0,1350.0,1500.0,8192.0,GDDR6,256.0,384.0,130.0,,4096.0,2304.0,6221.0,,0.0
radeon pro 5700 xt,1243.0,1499.0,1500.0,16384.0,GDDR6,256.0,384.0,130.0,,4096.0,2560.0,7675.0,,0.0
radeon pro v520,1000.0,1600.0,1000.0,8192.0,HBM2,2048.0,512.0,225.0,,4096.0,2304.0,7373.0,,0.0
radeon pro v540,1000.0,1600.0,1000.0,8192.0,HBM2,2048.0,512.0,225.0,,4096.0,2304.0,7373.0,,0.0
radeon pro vii,1400.0,1700.0,1000.0,16384.0,HBM2,4096.0,1044.48,250.0,16.0,4096.0,3840.0,13060.0,,0.0
radeon pro w5500,1744.0,1855.0,1750.0,8192.0,GDDR6,128.0,224.0,125.0,,2048.0,1408.0,5224.0,,0.0
radeon pro w5500m,1448.0,1645.0,1750.0,4096.0,GDDR6,128.0,224.0,85.0,,2048.0,1408.0,4632.0,,0.0
radeon rx 5300 oem,1327.0,1645.0,1750.0,3072.0,GDDR6,96.0,168.0,100.0,,1536.0,1408.0,4632.0,,0.0
radeon rx 5600 oem,1130.0,1560.0,1500.0,6144.0,GDDR6,192.0,288.0,125.0,,3072.0,2048.0,6390.0,,0.0
radeon rx 5600 xt,1130.0,1560.0,1500.0,6144.0,GDDR6,192.0,288.0,150.0,,3072.0,2304.0,7188.0,40500000.0,0.0
radeon rx 5600m,1035.0,1265.0,1500.0,6144.0,GDDR6,192.0,288.0,150.0,,3072.0,2304.0,5829.0,,0.0
radeon rx 5700m,1465.0,1720.0,1500.0,8192.0,GDDR6,256.0,384.0,180.0,,8192.0,2304.0,7926.0,,0.0
radeon rx 590 gme,1257.0,1420.0,2000.0,8192.0,GDDR5,256.0,256.0,175.0,16.0,2048.0,2304.0,6543.0,,0.0
radeon rx 640 oem,,,1500.0,4096.0,GDDR5,128.0,96.0,50.0,16.0,512.0,640.0,1658.0,,0.0
radeon rx 6800,1700.0,2105.0,2000.0,16384.0,GDDR6,256.0,512.0,250.0,128.0,4096.0,3840.0,16170.000000000002,61000000.0,0.0
radeon rx 6800 xt,1825.0,2250.0,2000.0,16384.0,GDDR6,256.0,512.0,300.0,128.0,4096.0,4608.0,20740.0,62000000.0,0.0
radeon rx 6900 xt,1825.0,2250.0,2000.0,16384.0,GDDR6,256.0,512.0,300.0,128.0,4096.0,5120.0,23040.0,62000000.0,0.0
radeon rx 6900 xtx,2075.0,2435.0,2250.0,16384.0,GDDR6,256.0,576.0,330.0,128.0,4096.0,5120.0,24930.0,,0.0
radeon vega 3 mobile,300.0,1000.0,,System Shared,System Shared,,System Dependent,15.0,,,192.0,384.0,,0.0
xbox series s gpu,,,1750.0,8192.0,GDDR6,128.0,224.0,100.0,,2048.0,1280.0,4006.0,,
xbox series x gpu,,,1750.0,10240.0,GDDR6,320.0,560.0,200.0,,5120.0,3328.0,12150.0,,
radeon graphics 384sp,300.0,1700.0,,System Shared,System Shared,,System Dependent,45.0,,,384.0,1305.6,,0.0
radeon graphics 384sp mobile,300.0,1600.0,,System Shared,System Shared,,System Dependent,45.0,,,384.0,1228.8,,0.0
radeon graphics 448sp,300.0,1900.0,,System Shared,System Shared,,System Dependent,45.0,,,448.0,1702.0,,0.0
radeon graphics 448sp mobile,300.0,1800.0,,System Shared,System Shared,,System Dependent,45.0,,,448.0,1613.0,,0.0
radeon graphics 448sp mobile,300.0,1800.0,,System Shared,System Shared,,System Dependent,25.0,,,448.0,1613.0,,0.0
radeon graphics 512sp,300.0,2000.0,,System Shared,System Shared,,System Dependent,45.0,,,512.0,2048.0,,0.0
radeon graphics 512sp mobile,300.0,1900.0,,System Shared,System Shared,,System Dependent,25.0,,,512.0,1946.0,,0.0
radeon graphics 512sp mobile,300.0,2000.0,,System Shared,System Shared,,System Dependent,45.0,,,512.0,2048.0,,0.0
radeon instinct mi200,1000.0,1700.0,1600.0,65536.0,HBM2e,4096.0,1679.36,300.0,16.0,16384.0,6656.0,22630.0,,0.0
radeon instinct mi210,1000.0,1700.0,1600.0,65536.0,HBM2e,4096.0,1679.36,300.0,16.0,16384.0,6656.0,22630.0,,0.0
radeon instinct mi250,1000.0,1700.0,1600.0,131072.0,HBM2e,8192.0,3358.72,500.0,16.0,16384.0,13312.0,45260.0,,0.0
radeon instinct mi250x,1000.0,1700.0,1600.0,131072.0,HBM2e,8192.0,3358.72,500.0,16.0,16384.0,14080.0,47870.0,,0.0
radeon pro v620,1825.0,2200.0,2000.0,32768.0,GDDR6,256.0,512.0,300.0,128.0,4096.0,4608.0,20280.0,,0.0
radeon pro w6600,2331.0,2580.0,1750.0,8192.0,GDDR6,128.0,224.0,100.0,128.0,2048.0,1792.0,9247.0,,0.0
radeon pro w6600m,1224.0,2034.0,1750.0,8192.0,GDDR6,128.0,224.0,90.0,128.0,2048.0,1792.0,7290.0,,0.0
radeon pro w6600x,2068.0,2479.0,2000.0,8192.0,GDDR6,128.0,256.0,120.0,128.0,2048.0,2048.0,10150.0,,0.0
radeon pro w6800,2075.0,2320.0,2000.0,32768.0,GDDR6,256.0,512.0,250.0,128.0,4096.0,3840.0,17820.0,,0.0
radeon pro w6800x,1800.0,2087.0,2000.0,32768.0,GDDR6,256.0,512.0,200.0,128.0,4096.0,3840.0,16030.000000000002,,0.0
radeon pro w6800x duo,1800.0,1967.0,2000.0,32768.0,GDDR6,256.0,512.0,400.0,128.0,4096.0,3840.0,15110.0,,0.0
radeon pro w6900x,1825.0,2171.0,2000.0,32768.0,GDDR6,256.0,512.0,300.0,128.0,4096.0,5120.0,22230.0,,0.0
radeon rx 6600,1626.0,2491.0,1750.0,8192.0,GDDR6,128.0,224.0,132.0,128.0,2048.0,1792.0,8928.0,28500000.0,0.0
radeon rx 6600 xt,1968.0,2589.0,2000.0,8192.0,GDDR6,128.0,256.0,160.0,128.0,2048.0,2048.0,10600.0,32000000.0,0.0
radeon rx 6600m,2068.0,2416.0,1750.0,8192.0,GDDR6,128.0,224.0,100.0,128.0,2048.0,1792.0,8659.0,,0.0
radeon rx 6700,1941.0,2450.0,2000.0,10240.0,GDDR6,160.0,320.0,175.0,128.0,3072.0,2304.0,11290.0,,0.0
radeon rx 6700 xt,2321.0,2581.0,2000.0,12288.0,GDDR6,192.0,384.0,230.0,128.0,3072.0,2560.0,13210.0,46000000.0,0.0
radeon rx 6700m,1489.0,2400.0,2000.0,10240.0,GDDR6,160.0,320.0,135.0,128.0,3072.0,2304.0,11060.0,,0.0
radeon rx 6800m,2116.0,2390.0,2000.0,12288.0,GDDR6,192.0,384.0,145.0,128.0,3072.0,2560.0,12240.0,,0.0
playstation 5 gpu,,,1750.0,16384.0,GDDR6,256.0,448.0,180.0,,4096.0,2304.0,10290.0,,
radeon 610m,1500.0,1900.0,,System Shared,System Shared,,System Dependent,15.0,128.0,2048.0,128.0,486.4,,0.0
radeon 660m,1500.0,1900.0,,System Shared,System Shared,,System Dependent,40.0,128.0,2048.0,384.0,1459.2,,0.0
radeon 680m,2000.0,2200.0,,System Shared,System Shared,,System Dependent,50.0,128.0,2048.0,768.0,3379.0,,0.0
radeon graphics 128sp,400.0,2200.0,,System Shared,System Shared,,System Dependent,15.0,128.0,2048.0,128.0,563.2,,0.0
radeon graphics 448sp mobile,300.0,1800.0,,System Shared,System Shared,,System Dependent,45.0,,,448.0,1613.0,,0.0
radeon graphics 512sp mobile,300.0,2000.0,,System Shared,System Shared,,System Dependent,45.0,,,512.0,2048.0,,0.0
radeon pro w6300,1512.0,2040.0,2000.0,2048.0,GDDR6,32.0,64.0,25.0,128.0,1024.0,768.0,3133.0,,0.0
radeon pro w6300m,1512.0,2040.0,2000.0,2048.0,GDDR6,32.0,64.0,25.0,128.0,1024.0,768.0,3133.0,,0.0
radeon pro w6400,2039.0,2321.0,2000.0,4096.0,GDDR6,64.0,128.0,50.0,128.0,1024.0,768.0,3565.0,,0.0
radeon pro w6500m,1512.0,2040.0,2000.0,4096.0,GDDR6,64.0,128.0,25.0,128.0,1024.0,1024.0,4178.0,,0.0
radeon rx 6300,1000.0,2040.0,2000.0,2048.0,GDDR6,32.0,64.0,32.0,128.0,1024.0,768.0,3133.0,,0.0
radeon rx 6300m,1000.0,2040.0,2000.0,2048.0,GDDR6,32.0,64.0,35.0,128.0,1024.0,768.0,3133.0,,0.0
radeon rx 6400,1923.0,2321.0,2000.0,4096.0,GDDR6,64.0,128.0,53.0,128.0,1024.0,768.0,3565.0,,0.0
radeon rx 6500 xt,2310.0,2815.0,2248.0,4096.0,GDDR6,64.0,143.9,107.0,128.0,1024.0,1024.0,5765.0,,0.0
radeon rx 6500m,2000.0,2400.0,2250.0,4096.0,GDDR6,64.0,144.0,50.0,128.0,1024.0,1024.0,4915.0,,0.0
radeon rx 6600s,1700.0,2000.0,1750.0,4096.0,GDDR6,128.0,224.0,80.0,128.0,2048.0,1792.0,7168.0,,0.0
radeon rx 6650 xt,2055.0,2635.0,2190.0,8192.0,GDDR6,128.0,280.3,176.0,128.0,2048.0,2048.0,10790.0,27000000.0,0.0
radeon rx 6650m,2068.0,2416.0,1750.0,8192.0,GDDR6,128.0,224.0,120.0,128.0,2048.0,1792.0,8659.0,,0.0
radeon rx 6650m xt,2068.0,2416.0,2000.0,8192.0,GDDR6,128.0,256.0,120.0,128.0,2048.0,2048.0,9896.0,,0.0
radeon rx 6700s,1700.0,2000.0,1750.0,8192.0,GDDR6,128.0,224.0,80.0,128.0,2048.0,1792.0,7168.0,,0.0
radeon rx 6750 xt,2150.0,2600.0,2250.0,12288.0,GDDR6,192.0,432.0,250.0,128.0,3072.0,2560.0,13310.0,40000000.0,0.0
radeon rx 6800s,1800.0,2100.0,2000.0,8192.0,GDDR6,128.0,256.0,100.0,128.0,2048.0,2048.0,8602.0,,0.0
radeon rx 6850m xt,2321.0,2581.0,2250.0,12288.0,GDDR6,192.0,432.0,165.0,128.0,3072.0,2560.0,13210.0,,0.0
radeon rx 6950 xt,1860.0,2310.0,2250.0,16384.0,GDDR6,256.0,576.0,335.0,128.0,4096.0,5120.0,23650.0,53500000.0,0.0
radeon rx 7900 xt,1387.0,2394.0,2500.0,20480.0,GDDR6,320.0,800.0,300.0,256.0,6144.0,5376.0,51480.0,83000000.0,0.0
radeon rx 7900 xtx,1929.0,2498.0,2500.0,24576.0,GDDR6,384.0,960.0,355.0,256.0,6144.0,6144.0,61390.0,100000000.0,0.0
radeon rx 7950 xt,2000.0,3000.0,2500.0,20480.0,GDDR6,320.0,800.0,300.0,256.0,6144.0,5376.0,64510.00000000001,,0.0
radeon rx 7950 xtx,2200.0,3300.0,2500.0,24576.0,GDDR6,384.0,960.0,355.0,256.0,6144.0,6144.0,81100.0,,0.0
steam deck gpu,1000.0,1600.0,1375.0,16384.0,LPDDR5,128.0,176.0,15.0,128.0,1024.0,512.0,1638.0,,
radeon 610m,400.0,2200.0,,System Shared,System Shared,,System Dependent,15.0,128.0,2048.0,128.0,563.2,,0.0
radeon 660m,1500.0,1900.0,,System Shared,System Shared,,System Dependent,40.0,128.0,2048.0,384.0,1459.2,,0.0
radeon 680m,2000.0,2200.0,,System Shared,System Shared,,System Dependent,50.0,128.0,2048.0,768.0,3379.0,,0.0
radeon 740m,800.0,2800.0,,System Shared,System Shared,,System Dependent,15.0,128.0,2048.0,256.0,2867.0,,0.0
radeon 740m,800.0,2500.0,,System Shared,System Shared,,System Dependent,15.0,128.0,2048.0,256.0,2560.0,,0.0
radeon 760m,800.0,2599.0,,System Shared,System Shared,,System Dependent,15.0,128.0,2048.0,512.0,5323.0,,0.0
radeon 760m,800.0,2599.0,,System Shared,System Shared,,System Dependent,15.0,128.0,2048.0,512.0,5323.0,,0.0
radeon 780m,800.0,2700.0,,System Shared,System Shared,,System Dependent,15.0,128.0,2048.0,768.0,8294.0,,0.0
radeon 780m,800.0,2700.0,,System Shared,System Shared,,System Dependent,15.0,128.0,2048.0,768.0,8294.0,,0.0
radeon instinct mi300,1000.0,1700.0,1600.0,131072.0,HBM3,8192.0,6707.2,600.0,16.0,16384.0,14080.0,47870.0,,880.0
radeon instinct mi300a,1000.0,2100.0,2525.0,196608.0,HBM3,8192.0,10547.2,750.0,16.0,16384.0,19456.0,81720.0,,1216.0
radeon instinct mi300x,1000.0,2100.0,2525.0,196608.0,HBM3,8192.0,10547.2,750.0,16.0,16384.0,19456.0,81720.0,,1216.0
radeon instinct mi308x,1000.0,2100.0,2525.0,196608.0,HBM3,8192.0,10547.2,750.0,16.0,16384.0,19456.0,81720.0,,1216.0
radeon pro w7500,1500.0,1700.0,2000.0,8192.0,GDDR6,128.0,256.0,70.0,128.0,2048.0,1792.0,12190.0,,56.0
radeon pro w7600,1720.0,2440.0,2250.0,8192.0,GDDR6,128.0,288.0,130.0,128.0,2048.0,2048.0,19990.0,,64.0
radeon pro w7700,1900.0,2600.0,2250.0,16384.0,GDDR6,256.0,576.0,190.0,128.0,2048.0,3072.0,31950.0,,96.0
radeon pro w7800,1895.0,2525.0,2250.0,32768.0,GDDR6,256.0,576.0,260.0,256.0,6144.0,4480.0,45250.0,,140.0
radeon pro w7800 48 gb,1895.0,2525.0,2250.0,49152.0,GDDR6,384.0,864.0,281.0,256.0,6144.0,4480.0,45250.0,,140.0
radeon pro w7900,1855.0,2495.0,2250.0,49152.0,GDDR6,384.0,864.0,295.0,256.0,6144.0,6144.0,61320.0,,192.0
radeon rx 6450m,2000.0,2460.0,2000.0,4096.0,GDDR6,64.0,128.0,50.0,128.0,1024.0,768.0,3779.0,,0.0
radeon rx 6550m,2000.0,2840.0,2250.0,4096.0,GDDR6,64.0,144.0,80.0,128.0,1024.0,1024.0,5816.0,,0.0
radeon rx 6550s,2000.0,2400.0,2000.0,4096.0,GDDR6,64.0,128.0,50.0,128.0,1024.0,1024.0,4915.0,,0.0
radeon rx 6600 le,1626.0,2495.0,1750.0,8192.0,GDDR6,128.0,224.0,132.0,128.0,2048.0,1792.0,8942.0,,0.0
radeon rx 6750 gre 10 gb,1941.0,2450.0,2000.0,10240.0,GDDR6,160.0,320.0,170.0,128.0,3072.0,2304.0,11290.0,,0.0
radeon rx 6750 gre 12 gb,2321.0,2581.0,2250.0,12288.0,GDDR6,192.0,432.0,250.0,128.0,3072.0,2560.0,13210.0,,0.0
radeon rx 7500 xt,1452.0,2300.0,2250.0,6144.0,GDDR6,96.0,216.0,100.0,128.0,2048.0,1024.0,9421.0,,0.0
radeon rx 7600,1720.0,2655.0,2250.0,8192.0,GDDR6,128.0,288.0,165.0,128.0,2048.0,2048.0,21750.0,,0.0
radeon rx 7600m,1500.0,2410.0,2000.0,8192.0,GDDR6,128.0,256.0,90.0,128.0,2048.0,1792.0,17270.0,,0.0
radeon rx 7600m xt,1280.0,2469.0,2250.0,8192.0,GDDR6,128.0,288.0,120.0,128.0,2048.0,2048.0,20230.0,,0.0
radeon rx 7600s,1500.0,2200.0,2000.0,8192.0,GDDR6,128.0,256.0,75.0,128.0,2048.0,1792.0,15770.0,,0.0
radeon rx 7700 xt,1435.0,2544.0,2250.0,12288.0,GDDR6,192.0,432.0,245.0,128.0,2048.0,3456.0,35170.0,,0.0
radeon rx 7700s,1500.0,2500.0,2250.0,8192.0,GDDR6,128.0,288.0,100.0,128.0,2048.0,2048.0,20480.0,,0.0
radeon rx 7800 xt,1295.0,2430.0,2438.0,16384.0,GDDR6,256.0,624.1,263.0,128.0,4096.0,3840.0,37320.0,65000000.0,0.0
radeon rx 7900 gre,1287.0,2245.0,2250.0,16384.0,GDDR6,256.0,576.0,260.0,256.0,6144.0,5120.0,45980.0,,0.0
radeon rx 7900m,1825.0,2090.0,2250.0,16384.0,GDDR6,256.0,576.0,180.0,256.0,6144.0,4608.0,38520.0,,0.0
radeon rx 7990 xtx,2500.0,3599.0,3000.0,24576.0,GDDR6,384.0,1177.6,405.0,256.0,6144.0,6144.0,88450.0,,0.0
ryzen z1 extreme gpu,800.0,2700.0,800.0,16384.0,LPDDR5,64.0,51.2,30.0,128.0,8192.0,768.0,8294.0,,
ryzen z1 gpu,1500.0,2500.0,800.0,16384.0,LPDDR5,64.0,51.2,30.0,128.0,6144.0,256.0,2560.0,,
steam deck oled gpu,1000.0,1600.0,1375.0,16384.0,LPDDR5,128.0,176.0,15.0,128.0,1024.0,512.0,1638.0,,
playstation 5 pro gpu,2170.0,2350.0,2250.0,16384.0,GDDR6,256.0,576.0,232.0,,4096.0,3840.0,18050.0,,
radeon 740m,800.0,2800.0,,System Shared,System Shared,,System Dependent,45.0,128.0,2048.0,256.0,2867.0,,0.0
radeon 760m,800.0,2599.0,,System Shared,System Shared,,System Dependent,15.0,128.0,2048.0,512.0,5323.0,,0.0
radeon 780m,800.0,2900.0,,System Shared,System Shared,,System Dependent,15.0,128.0,2048.0,768.0,8909.0,,0.0
radeon 880m,400.0,2900.0,,System Shared,System Shared,,System Dependent,15.0,128.0,2048.0,768.0,4454.0,,0.0
radeon 890m,400.0,2900.0,,System Shared,System Shared,,System Dependent,15.0,128.0,2048.0,1024.0,5939.0,,0.0
radeon instinct mi325x,1000.0,2100.0,2525.0,294912.0,HBM3e,8192.0,10547.2,1000.0,16.0,16384.0,19456.0,81720.0,,1216.0
radeon pro v710,1900.0,2000.0,2250.0,28672.0,GDDR6,224.0,504.0,158.0,128.0,2048.0,3456.0,27650.0,,0.0
radeon rx 7600 xt,1980.0,2755.0,2250.0,16384.0,GDDR6,128.0,288.0,190.0,128.0,2048.0,2048.0,22570.0,,0.0
radeon rx 7700,1900.0,2600.0,2250.0,12288.0,GDDR6,192.0,432.0,200.0,128.0,2048.0,3072.0,31950.0,,0.0
radeon rx 7800m,1295.0,2335.0,2250.0,12288.0,GDDR6,192.0,432.0,180.0,128.0,4096.0,3840.0,35870.0,,0.0
xbox series x 6nm gpu,,,1750.0,10240.0,GDDR6,320.0,560.0,200.0,,5120.0,3328.0,12150.0,,
radeon 8050s,1295.0,2335.0,,System Shared,System Shared,,System Dependent,55.0,,8192.0,2048.0,9564.0,,0.0
radeon 8060s,1295.0,2335.0,,System Shared,System Shared,,System Dependent,55.0,,8192.0,2560.0,11960.0,,0.0
radeon 860m,600.0,3000.0,,System Shared,System Shared,,System Dependent,15.0,128.0,1024.0,512.0,3072.0,,0.0
radeon ai pro r9700,1660.0,2920.0,2518.0,32768.0,GDDR6,256.0,644.6,300.0,,8192.0,4096.0,47840.0,,128.0
radeon instinct mi350x,1000.0,2200.0,2000.0,294912.0,HBM3e,8192.0,8386.56,1000.0,16.0,16384.0,16384.0,72090.0,,1024.0
radeon instinct mi355x,1000.0,2400.0,2000.0,294912.0,HBM3e,8192.0,8386.56,1400.0,16.0,16384.0,16384.0,78640.0,,1024.0
radeon rx 7650 gre,1720.0,2695.0,2250.0,8192.0,GDDR6,128.0,288.0,165.0,128.0,2048.0,2048.0,22080.0,,0.0
radeon rx 9060 xt 16 gb,1700.0,3130.0,2518.0,16384.0,GDDR6,128.0,322.3,160.0,,4096.0,2048.0,25640.0,,64.0
radeon rx 9060 xt 8 gb,1700.0,3130.0,2518.0,8192.0,GDDR6,128.0,322.3,150.0,,4096.0,2048.0,25640.0,,64.0
radeon rx 9070,1330.0,2520.0,2518.0,16384.0,GDDR6,256.0,644.6,220.0,,8192.0,3584.0,36130.0,,112.0
radeon rx 9070 gre,1420.0,2790.0,2250.0,12288.0,GDDR6,192.0,432.0,220.0,,8192.0,3072.0,34280.0,,96.0
radeon rx 9070 xt,1660.0,2970.0,2518.0,16384.0,GDDR6,256.0,644.6,304.0,,8192.0,4096.0,48660.0,,128.0
ryzen ai z2 extreme gpu,800.0,2700.0,1000.0,16384.0,LPDDR5X,256.0,256.0,28.0,128.0,8192.0,1024.0,5530.0,,
ryzen z2 a gpu,1000.0,1600.0,800.0,16384.0,LPDDR5,128.0,102.4,15.0,128.0,1024.0,512.0,1638.0,,
ryzen z2 extreme gpu,800.0,2700.0,1000.0,16384.0,LPDDR5X,256.0,256.0,28.0,128.0,8192.0,1024.0,5530.0,,
ryzen z2 go gpu,800.0,2700.0,800.0,16384.0,LPDDR5,128.0,102.4,28.0,128.0,8192.0,768.0,4147.0,,
ryzen z2 gpu,800.0,2700.0,937.0,16384.0,LPDDR5X,128.0,119.9,28.0,128.0,8192.0,768.0,8294.0,,
geforce 305m,,,700.0,512.0,GDDR3,64.0,11.2,14.0,,32.0,16.0,36.8,,0.0
geforce 310m,,,667.0,1024.0,DDR3,64.0,10.67,14.0,,32.0,16.0,48.96,,0.0
geforce 310m,,,790.0,512.0,DDR3,64.0,12.64,14.0,,32.0,16.0,48.96,,0.0
geforce 310m,,,790.0,512.0,GDDR3,64.0,12.64,14.0,,32.0,16.0,48.96,,0.0
geforce 315 oem,,,790.0,512.0,DDR3,64.0,12.64,33.0,,32.0,48.0,105.6,,0.0
geforce 320m mac edition,,,,System Shared,System Shared,,System Dependent,23.0,,,48.0,91.2,,0.0
geforce 405 oem,,,400.0,1024.0,DDR2,128.0,12.8,25.0,,32.0,24.0,52.8,,0.0
geforce 405 oem,,,790.0,512.0,DDR3,64.0,12.64,25.0,,32.0,16.0,44.86,,0.0
geforce 405 oem,,,800.0,512.0,DDR3,64.0,12.8,25.0,,32.0,48.0,105.6,,0.0
geforce 8400 gs rev 3,,,400.0,512.0,DDR2,64.0,6.4,25.0,,32.0,8.0,19.68,,0.0
geforce 9500 gt mac edition,,,800.0,512.0,GDDR3,128.0,25.6,50.0,,32.0,32.0,89.6,,0.0
geforce gt 220,,,700.0,1024.0,GDDR3,128.0,22.4,58.0,,64.0,48.0,144.0,,0.0
geforce gt 240m le,,,800.0,512.0,GDDR3,128.0,25.6,23.0,,32.0,32.0,96.0,,0.0
geforce gt 320 oem,,,790.0,1024.0,GDDR3,128.0,25.28,43.0,,64.0,72.0,187.5,,0.0
geforce gt 320m,,,790.0,1024.0,DDR3,128.0,25.28,23.0,,64.0,24.0,52.8,,0.0
geforce gt 325m,,,700.0,1024.0,DDR3,128.0,22.4,23.0,,64.0,48.0,95.04,,0.0
geforce gt 330 oem,,,790.0,1024.0,GDDR3,128.0,25.28,75.0,,64.0,96.0,250.4,,0.0
geforce gt 330 oem,,,800.0,1024.0,GDDR3,256.0,51.2,75.0,,64.0,96.0,240.0,,0.0
geforce gt 330 oem,,,1000.0,512.0,GDDR3,128.0,32.0,75.0,,64.0,96.0,257.3,,0.0
geforce gt 330 oem,,,510.0,256.0,DDR2,128.0,16.32,75.0,,32.0,96.0,240.0,,0.0
geforce gt 330m,,,700.0,1024.0,GDDR3,128.0,22.4,23.0,,64.0,48.0,95.04,,0.0
geforce gt 330m,,,790.0,1024.0,GDDR3,128.0,25.28,23.0,,64.0,24.0,65.28,,0.0
geforce gt 330m,,,790.0,1024.0,GDDR3,128.0,25.28,23.0,,64.0,48.0,121.4,,0.0
geforce gt 330m mac edition,,,790.0,512.0,GDDR3,128.0,25.28,23.0,,64.0,48.0,105.6,,0.0
geforce gt 335m,,,790.0,1024.0,GDDR3,128.0,25.28,28.0,,64.0,72.0,155.5,,0.0
geforce gt 340 oem,,,850.0,1024.0,GDDR3,128.0,27.2,69.0,,64.0,96.0,257.3,,0.0
geforce gt 415 oem,,,333.0,512.0,DDR3,128.0,10.66,32.0,,64.0,48.0,130.6,,0.0
geforce gt 415m,,,800.0,1024.0,DDR3,128.0,25.6,12.0,64.0,256.0,48.0,96.0,,0.0
geforce gt 420 oem,,,900.0,1024.0,DDR3,128.0,28.8,50.0,64.0,256.0,48.0,134.4,,0.0
geforce gt 420m,,,800.0,1024.0,DDR3,128.0,25.6,23.0,64.0,256.0,96.0,192.0,,0.0
geforce gt 425m,,,800.0,1024.0,DDR3,128.0,25.6,23.0,64.0,256.0,96.0,215.0,,0.0
geforce gt 430,,,800.0,512.0,DDR3,64.0,12.8,49.0,64.0,128.0,96.0,268.8,,0.0
geforce gt 430 oem,,,800.0,2048.0,DDR3,128.0,25.6,49.0,64.0,256.0,96.0,268.8,,0.0
geforce gt 430 pci,,,600.0,512.0,DDR3,64.0,9.6,49.0,64.0,128.0,96.0,268.8,,0.0
geforce gt 435m,,,800.0,2048.0,DDR3,128.0,25.6,35.0,64.0,256.0,96.0,249.6,,0.0
geforce gt 440 oem,,,900.0,1536.0,DDR3,192.0,43.2,65.0,64.0,384.0,144.0,466.6,,0.0
geforce gt 445m,,,800.0,3072.0,DDR3,192.0,38.4,35.0,64.0,384.0,144.0,339.8,,0.0
geforce gt 445m,,,625.0,1024.0,GDDR5,128.0,40.0,35.0,64.0,256.0,144.0,328.3,,0.0
geforce gts 350m,,,790.0,1024.0,GDDR5,128.0,50.56,28.0,,64.0,96.0,207.4,,0.0
geforce gts 360m,,,900.0,1024.0,GDDR5,128.0,57.6,38.0,,64.0,96.0,254.0,,0.0
geforce gts 450,,,902.0,1024.0,GDDR5,128.0,57.73,106.0,64.0,256.0,192.0,601.3,,0.0
geforce gts 450 oem,,,902.0,512.0,GDDR5,128.0,57.73,106.0,64.0,256.0,144.0,451.0,,0.0
geforce gts 450 oem,,,1000.0,1536.0,GDDR5,192.0,96.0,106.0,64.0,384.0,144.0,455.0,,0.0
geforce gtx 275 physx edition,,,1134.0,896.0,GDDR3,448.0,127.0,219.0,,224.0,240.0,622.1,,0.0
geforce gtx 285m,,,1000.0,1024.0,GDDR3,256.0,64.0,75.0,,64.0,128.0,384.0,,0.0
geforce gtx 460,,,900.0,768.0,GDDR5,192.0,86.4,160.0,64.0,384.0,336.0,907.2,,0.0
geforce gtx 460,,,900.0,1024.0,GDDR5,256.0,115.2,160.0,64.0,512.0,336.0,907.2,,0.0
geforce gtx 460 oem,,,850.0,1024.0,GDDR5,256.0,108.8,150.0,64.0,512.0,336.0,873.6,,0.0
geforce gtx 460 se,,,850.0,1024.0,GDDR5,256.0,108.8,150.0,64.0,512.0,288.0,748.8,,0.0
geforce gtx 460 se v2,,,850.0,768.0,GDDR5,192.0,81.6,150.0,64.0,384.0,288.0,748.8,,0.0
geforce gtx 460m,,,625.0,1536.0,GDDR5,192.0,60.0,50.0,64.0,384.0,192.0,518.4,,0.0
geforce gtx 465,,,802.0,1024.0,GDDR5,256.0,102.7,200.0,64.0,512.0,352.0,855.4,,0.0
geforce gtx 470,,,837.0,1280.0,GDDR5,320.0,133.9,215.0,64.0,640.0,448.0,1088.6,,0.0
geforce gtx 470 physx edition,,,837.0,1280.0,GDDR5,320.0,133.9,215.0,64.0,640.0,448.0,1088.6,,0.0
geforce gtx 470 x2,,,837.0,1024.0,GDDR5,256.0,107.1,215.0,64.0,512.0,352.0,855.4,,0.0
geforce gtx 470m,,,750.0,1536.0,GDDR5,192.0,72.0,75.0,64.0,384.0,288.0,616.3,,0.0
geforce gtx 480,,,924.0,1536.0,GDDR5,384.0,177.4,250.0,64.0,768.0,480.0,1345.0,,0.0
geforce gtx 480m,,,600.0,2048.0,GDDR5,256.0,76.8,100.0,64.0,512.0,352.0,598.4,,0.0
geforce gtx 570,,,950.0,1280.0,GDDR5,320.0,152.0,219.0,64.0,640.0,480.0,1405.4,,0.0
geforce gtx 570 rev 2,,,950.0,1280.0,GDDR5,320.0,152.0,219.0,64.0,640.0,480.0,1405.4,,0.0
geforce gtx 580,,,1002.0,1536.0,GDDR5,384.0,192.4,244.0,64.0,768.0,512.0,1581.0,,0.0
nvs 2100m,,,790.0,512.0,GDDR3,64.0,12.64,11.0,,32.0,16.0,39.36,,
nvs 3100m,,,790.0,512.0,GDDR3,64.0,12.64,14.0,,32.0,16.0,46.98,,
nvs 5100m,,,800.0,1024.0,GDDR3,128.0,25.6,35.0,,64.0,48.0,116.2,,
quadro 2000,,,650.0,1024.0,GDDR5,128.0,41.6,62.0,64.0,256.0,192.0,480.0,,
quadro 4000,,,702.0,2048.0,GDDR5,256.0,89.86,142.0,64.0,512.0,256.0,486.4,,
quadro 5000m,,,600.0,2048.0,GDDR5,256.0,76.8,100.0,64.0,512.0,320.0,518.4,,
quadro 600,,,800.0,1024.0,DDR3,128.0,25.6,40.0,64.0,256.0,96.0,245.8,,
quadro 6000,,,747.0,6144.0,GDDR5,384.0,143.4,204.0,64.0,768.0,448.0,1027.7,,
quadro fx 380m,,,790.0,512.0,GDDR3,64.0,12.64,25.0,,32.0,16.0,46.98,,
quadro fx 880m,,,790.0,1024.0,GDDR3,128.0,25.28,35.0,,64.0,48.0,116.2,,
tegra 2 gpu,300.0,400.0,333.0,256.0,DDR2,32.0,2.664,20.0,,,,,,
geforce 315 oem,,,600.0,1024.0,DDR3,64.0,9.6,33.0,,32.0,16.0,44.86,,0.0
geforce 315 oem,,,350.0,256.0,DDR2,64.0,5.6,33.0,,32.0,48.0,97.15,,0.0
geforce 315m,,,790.0,512.0,GDDR3,64.0,12.64,14.0,,32.0,16.0,38.78,,0.0
geforce 405m,,,790.0,1024.0,GDDR3,64.0,12.64,14.0,,32.0,16.0,46.98,,0.0
geforce 410m,,,800.0,1024.0,DDR3,64.0,12.8,12.0,64.0,128.0,48.0,110.1,,0.0
geforce 510 oem,,,898.0,1024.0,DDR3,64.0,14.37,25.0,64.0,128.0,48.0,100.4,,0.0
geforce 610,,,900.0,1024.0,DDR3,64.0,14.4,12.0,64.0,128.0,48.0,141.7,,0.0
geforce 610m,,,800.0,1024.0,DDR3,64.0,12.8,12.0,64.0,128.0,48.0,129.0,,0.0
geforce 610m,,,900.0,1024.0,DDR3,64.0,14.4,12.0,64.0,128.0,48.0,120.0,,0.0
geforce 610m,,,800.0,1024.0,DDR3,64.0,12.8,12.0,64.0,128.0,48.0,91.2,,0.0
geforce 9300 gs rev 2,,,333.0,256.0,DDR2,64.0,5.328,,,32.0,16.0,44.86,,0.0
geforce gt 435m,,,800.0,1024.0,DDR3,128.0,25.6,35.0,64.0,256.0,96.0,226.6,,0.0
geforce gt 440,,,900.0,1024.0,DDR3,128.0,28.8,65.0,64.0,256.0,96.0,311.0,,0.0
geforce gt 440 mac edition,,,667.0,1024.0,DDR3,128.0,21.34,65.0,64.0,256.0,96.0,311.0,,0.0
geforce gt 520,,,900.0,1024.0,DDR3,64.0,14.4,29.0,64.0,128.0,48.0,155.5,,0.0
geforce gt 520 pci,,,900.0,1024.0,DDR3,64.0,14.4,29.0,64.0,128.0,48.0,155.5,,0.0
geforce gt 520 pcie x1,,,900.0,1024.0,DDR3,64.0,14.4,29.0,64.0,128.0,48.0,155.5,,0.0
geforce gt 520m,,,900.0,1024.0,DDR3,64.0,14.4,12.0,64.0,128.0,48.0,115.2,,0.0
geforce gt 520m,,,800.0,1024.0,DDR3,64.0,12.8,12.0,64.0,128.0,48.0,129.0,,0.0
geforce gt 520m,,,800.0,1024.0,DDR3,64.0,12.8,12.0,64.0,128.0,48.0,142.1,,0.0
geforce gt 520mx,,,900.0,1024.0,DDR3,64.0,14.4,20.0,64.0,128.0,48.0,172.8,,0.0
geforce gt 525m,,,900.0,1024.0,DDR3,128.0,28.8,23.0,64.0,256.0,96.0,182.4,,0.0
geforce gt 525m,,,900.0,1024.0,DDR3,128.0,28.8,23.0,64.0,256.0,96.0,230.4,,0.0
geforce gt 530 oem,,,900.0,1024.0,DDR3,128.0,28.8,50.0,64.0,256.0,96.0,268.8,,0.0
geforce gt 540m,,,900.0,1024.0,DDR3,128.0,28.8,35.0,64.0,256.0,96.0,258.0,,0.0
geforce gt 545,,,800.0,1536.0,DDR3,192.0,38.4,70.0,64.0,384.0,144.0,414.7,,0.0
geforce gt 545 oem,,,1000.0,1024.0,GDDR5,128.0,64.0,105.0,64.0,256.0,144.0,501.4,,0.0
geforce gt 550m,,,900.0,1024.0,DDR3,128.0,28.8,35.0,64.0,256.0,96.0,182.4,,0.0
geforce gt 550m,,,900.0,1024.0,DDR3,128.0,28.8,35.0,64.0,256.0,96.0,284.2,,0.0
geforce gt 555m,,,900.0,1024.0,DDR3,128.0,28.8,35.0,64.0,256.0,144.0,339.8,,0.0
geforce gt 555m,,,900.0,1024.0,DDR3,128.0,28.8,35.0,64.0,256.0,144.0,302.4,,0.0
geforce gt 555m,,,785.0,1024.0,GDDR5,128.0,50.24,35.0,64.0,256.0,96.0,289.0,,0.0
geforce gt 555m 3 gb,,,900.0,3072.0,DDR3,192.0,43.2,35.0,64.0,384.0,144.0,339.8,,0.0
geforce gts 450 rev 2,,,902.0,1024.0,GDDR5,128.0,57.73,106.0,64.0,256.0,192.0,601.3,,0.0
geforce gtx 460 v2,,,1002.0,1024.0,GDDR5,192.0,96.19,160.0,64.0,384.0,336.0,1046.3,,0.0
geforce gtx 460 v2 es,,,1002.0,1280.0,GDDR5,256.0,128.3,160.0,64.0,512.0,336.0,1046.3,,0.0
geforce gtx 460 x2,,,900.0,1024.0,GDDR5,256.0,115.2,160.0,64.0,512.0,336.0,941.5,,0.0
geforce gtx 480 core 512,,,700.0,1536.0,GDDR5,384.0,134.4,375.0,64.0,768.0,512.0,1078.3,,0.0
geforce gtx 485m,,,750.0,2048.0,GDDR5,256.0,96.0,100.0,64.0,512.0,384.0,883.2,,0.0
geforce gtx 490,,,854.0,1536.0,GDDR5,384.0,164.0,365.0,64.0,768.0,480.0,1166.4,,0.0
geforce gtx 550 ti,,,1026.0,1024.0,GDDR5,192.0,98.5,116.0,64.0,384.0,192.0,691.2,,0.0
geforce gtx 555 oem,,,957.0,1024.0,GDDR5,192.0,91.87,150.0,64.0,384.0,288.0,847.9,,0.0
geforce gtx 560,,,1000.0,1024.0,GDDR5,256.0,128.0,150.0,64.0,512.0,336.0,1088.6,,0.0
geforce gtx 560 oem,,,802.0,1280.0,GDDR5,320.0,128.3,150.0,64.0,640.0,384.0,847.9,,0.0
geforce gtx 560 ti,,,1002.0,1024.0,GDDR5,256.0,128.3,170.0,64.0,512.0,384.0,1263.4,,0.0
geforce gtx 560 ti 448,,,950.0,1280.0,GDDR5,320.0,152.0,210.0,64.0,640.0,448.0,1311.7,,0.0
geforce gtx 560 ti oem,,,1002.0,1024.0,GDDR5,256.0,128.3,170.0,64.0,512.0,384.0,1263.4,,0.0
geforce gtx 560 ti oem,,,950.0,1280.0,GDDR5,256.0,121.6,210.0,64.0,512.0,352.0,1030.7,,0.0
geforce gtx 560 ti x2,,,1002.0,1024.0,GDDR5,256.0,128.3,170.0,64.0,512.0,384.0,1305.6,,0.0
geforce gtx 560m,,,625.0,1536.0,GDDR5,192.0,60.0,75.0,64.0,384.0,192.0,595.2,,0.0
geforce gtx 570m,,,750.0,1536.0,GDDR5,192.0,72.0,75.0,64.0,384.0,336.0,772.8,,0.0
geforce gtx 580 rev 2,,,1002.0,1536.0,GDDR5,384.0,192.4,244.0,64.0,768.0,512.0,1581.0,,0.0
geforce gtx 580m,,,750.0,2048.0,GDDR5,256.0,96.0,100.0,64.0,512.0,384.0,952.3,,0.0
geforce gtx 590,,,854.0,1536.0,GDDR5,384.0,164.0,365.0,64.0,768.0,512.0,1244.2,,0.0
nvs 300,,,790.0,512.0,DDR3,64.0,12.64,18.0,,32.0,16.0,39.36,,
nvs 4200m,,,800.0,1024.0,DDR3,64.0,12.8,25.0,64.0,128.0,48.0,155.5,,
quadro 1000m,,,900.0,2048.0,DDR3,128.0,28.8,45.0,64.0,256.0,96.0,268.8,,
quadro 2000d,,,650.0,1024.0,GDDR5,128.0,41.6,62.0,64.0,256.0,192.0,480.0,,
quadro 2000m,,,900.0,2048.0,DDR3,128.0,28.8,55.0,64.0,256.0,192.0,422.4,,
quadro 3000m,,,625.0,2048.0,GDDR5,256.0,80.0,75.0,64.0,512.0,240.0,432.0,,
quadro 3000m x2,,,625.0,2048.0,GDDR5,256.0,80.0,150.0,64.0,512.0,240.0,432.0,,
quadro 400,,,770.0,512.0,DDR3,64.0,12.32,32.0,,32.0,48.0,108.0,,
quadro 4000 mac edition,,,702.0,1792.0,GDDR5,256.0,89.86,142.0,64.0,512.0,256.0,486.4,,
quadro 4000m,,,625.0,2048.0,GDDR5,256.0,80.0,100.0,64.0,512.0,336.0,638.4,,
quadro 5000,,,750.0,2560.0,GDDR5,320.0,120.0,152.0,64.0,640.0,352.0,722.3,,
quadro 5000 sdi,,,750.0,2560.0,GDDR5,320.0,120.0,172.0,64.0,640.0,352.0,722.3,,
quadro 500m,,,800.0,1024.0,DDR3,128.0,25.6,35.0,64.0,256.0,96.0,215.0,,
quadro 5010m,,,650.0,4096.0,GDDR5,256.0,83.2,100.0,64.0,512.0,384.0,691.2,,
quadro 6000 sdi,,,747.0,6144.0,GDDR5,384.0,143.4,231.0,64.0,768.0,448.0,1027.7,,
quadro plex 7000,,,750.0,6144.0,GDDR5,384.0,144.0,600.0,64.0,768.0,512.0,1175.6,,
tegra 3 gpu,416.0,520.0,667.0,256.0,DDR3,32.0,5.336,20.0,,,,,,
tesla c2050,,,750.0,3072.0,GDDR5,384.0,144.0,238.0,64.0,768.0,448.0,1027.7,,
tesla c2070,,,747.0,6144.0,GDDR5,384.0,143.4,238.0,64.0,768.0,448.0,1027.7,,
tesla c2075,,,783.0,6144.0,GDDR5,384.0,150.3,247.0,64.0,768.0,448.0,1027.7,,
tesla c2090,,,924.0,6144.0,GDDR5,384.0,177.4,250.0,64.0,768.0,512.0,1332.2,,
tesla m2050,,,773.0,3072.0,GDDR5,384.0,148.4,225.0,64.0,768.0,448.0,1030.4,,
tesla m2070,,,783.0,6144.0,GDDR5,384.0,150.3,225.0,64.0,768.0,448.0,1030.4,,
tesla m2070 q,,,783.0,6144.0,GDDR5,384.0,150.3,225.0,64.0,768.0,448.0,1027.7,,
tesla m2075,,,783.0,6144.0,GDDR5,384.0,150.3,225.0,64.0,768.0,448.0,1027.7,,
tesla m2090,,,924.0,6144.0,GDDR5,384.0,177.4,250.0,64.0,768.0,512.0,1332.2,,
tesla s2050,,,773.0,3072.0,GDDR5,384.0,148.4,900.0,64.0,768.0,448.0,1027.7,,
tesla x2070,,,924.0,6144.0,GDDR5,384.0,177.4,225.0,64.0,768.0,448.0,1165.7,,
tesla x2090,,,924.0,6144.0,GDDR5,384.0,177.4,225.0,64.0,768.0,512.0,1332.2,,
geforce 605 oem,,,897.0,512.0,DDR3,64.0,14.35,25.0,64.0,128.0,48.0,100.4,,0.0
geforce 615 oem,,,900.0,1024.0,DDR3,128.0,28.8,49.0,64.0,256.0,48.0,126.7,,0.0
geforce 620m,,,900.0,1024.0,DDR3,64.0,14.4,15.0,64.0,128.0,96.0,240.0,,0.0
geforce 9400 gt rev 3,,,600.0,128.0,DDR2,64.0,9.6,50.0,,32.0,16.0,44.86,,0.0
geforce gt 520 oem,,,500.0,1024.0,DDR3,64.0,8.0,29.0,64.0,128.0,48.0,134.6,,0.0
geforce gt 520 oem,,,667.0,1024.0,DDR3,64.0,10.67,29.0,64.0,128.0,48.0,134.4,,0.0
geforce gt 550m,,,900.0,1024.0,DDR3,128.0,28.8,35.0,64.0,256.0,144.0,273.6,,0.0
geforce gt 555m 2 gb,,,900.0,2048.0,DDR3,128.0,28.8,35.0,64.0,256.0,144.0,388.8,,0.0
geforce gt 555m 3 gb,,,900.0,3072.0,DDR3,192.0,43.2,35.0,64.0,256.0,144.0,339.8,,0.0
geforce gt 610,,,898.0,1024.0,DDR3,64.0,14.37,29.0,64.0,128.0,48.0,155.5,,0.0
geforce gt 610 oem,,,500.0,1024.0,DDR3,64.0,8.0,29.0,64.0,128.0,48.0,115.2,,0.0
geforce gt 610 pci,,,667.0,512.0,DDR3,64.0,10.67,29.0,64.0,128.0,48.0,155.5,,0.0
geforce gt 610 pcie x1,,,500.0,512.0,DDR3,64.0,8.0,29.0,64.0,128.0,48.0,155.5,,0.0
geforce gt 620,,,900.0,1024.0,DDR3,64.0,14.4,49.0,64.0,128.0,96.0,268.8,,0.0
geforce gt 620 oem,,,898.0,512.0,DDR3,64.0,14.37,30.0,64.0,128.0,48.0,155.5,,0.0
geforce gt 620m,,,900.0,1024.0,DDR3,128.0,28.8,15.0,64.0,256.0,96.0,182.4,,0.0
geforce gt 620m,,,900.0,1024.0,DDR3,64.0,14.4,15.0,64.0,128.0,96.0,240.0,,0.0
geforce gt 625m,,,800.0,2048.0,DDR3,64.0,12.8,15.0,64.0,128.0,96.0,240.0,,0.0
geforce gt 630,,,900.0,1024.0,DDR3,128.0,28.8,65.0,64.0,256.0,96.0,311.0,,0.0
geforce gt 630 oem,,,891.0,1024.0,DDR3,128.0,28.51,50.0,16.0,256.0,192.0,336.0,,0.0
geforce gt 630m,,,900.0,1024.0,DDR3,64.0,14.4,33.0,64.0,128.0,96.0,253.4,,0.0
geforce gt 630m,,,900.0,1024.0,DDR3,64.0,14.4,33.0,64.0,128.0,96.0,182.4,,0.0
geforce gt 630m,,,1000.0,1024.0,GDDR5,128.0,64.0,33.0,64.0,256.0,96.0,240.0,,0.0
geforce gt 635m,,,900.0,2048.0,DDR3,128.0,28.8,33.0,64.0,128.0,96.0,253.4,,0.0
geforce gt 635m,,,900.0,2048.0,DDR3,128.0,28.8,35.0,64.0,256.0,96.0,182.4,,0.0
geforce gt 635m,,,900.0,2048.0,DDR3,128.0,28.8,35.0,64.0,256.0,144.0,388.8,,0.0
geforce gt 635m,,,900.0,2048.0,DDR3,128.0,28.8,35.0,64.0,256.0,144.0,388.8,,0.0
geforce gt 640,,,891.0,2048.0,DDR3,128.0,28.51,65.0,16.0,256.0,384.0,692.7,,0.0
geforce gt 640 oem,,,891.0,2048.0,DDR3,128.0,28.51,50.0,16.0,256.0,384.0,612.1,,0.0
geforce gt 640 oem rebrand,,,800.0,1536.0,DDR3,192.0,38.4,75.0,64.0,384.0,144.0,414.7,,0.0
geforce gt 640m,624.0,709.0,900.0,2048.0,DDR3,128.0,28.8,32.0,16.0,256.0,384.0,544.5,,0.0
geforce gt 640m le,500.0,570.0,900.0,1024.0,DDR3,128.0,28.8,20.0,16.0,256.0,384.0,437.8,,0.0
geforce gt 640m le,,,785.0,2048.0,GDDR5,128.0,50.24,32.0,64.0,256.0,96.0,289.0,,0.0
geforce gt 645 oem,,,957.0,1024.0,GDDR5,192.0,91.87,102.0,64.0,384.0,288.0,894.0,,0.0
geforce gt 645m,709.0,780.0,900.0,2048.0,DDR3,128.0,28.8,32.0,16.0,256.0,384.0,599.0,,0.0
geforce gt 650m,835.0,950.0,900.0,1024.0,DDR3,128.0,28.8,45.0,16.0,256.0,384.0,729.6,,0.0
geforce gt 650m mac edition,900.0,900.0,1254.0,512.0,GDDR5,128.0,80.26,45.0,16.0,256.0,384.0,691.2,,0.0
geforce gts 450 rev 3,,,700.0,1024.0,DDR3,128.0,22.4,106.0,64.0,256.0,144.0,451.0,,0.0
geforce gtx 560 se,,,957.0,1024.0,GDDR5,192.0,91.87,150.0,64.0,384.0,288.0,847.9,,0.0
geforce gtx 650,,,1250.0,1024.0,GDDR5,128.0,80.0,65.0,16.0,256.0,384.0,812.5,,0.0
geforce gtx 650 ti,,,1350.0,1024.0,GDDR5,128.0,86.4,110.0,16.0,256.0,768.0,1425.4,,0.0
geforce gtx 660,980.0,1032.0,1502.0,2048.0,GDDR5,192.0,144.2,140.0,16.0,384.0,960.0,1981.0,,0.0
geforce gtx 660 oem,823.0,888.0,1400.0,2048.0,GDDR5,256.0,179.2,130.0,16.0,512.0,1152.0,2045.9999999999998,,0.0
geforce gtx 660 oem,823.0,888.0,1400.0,1536.0,GDDR5,192.0,134.4,130.0,16.0,384.0,1152.0,2045.9999999999998,,0.0
geforce gtx 660 ti,915.0,980.0,1502.0,2048.0,GDDR5,192.0,144.2,150.0,16.0,384.0,1344.0,2634.0,,0.0
geforce gtx 660m,835.0,950.0,1250.0,2048.0,GDDR5,128.0,80.0,50.0,16.0,256.0,384.0,729.6,,0.0
geforce gtx 670,915.0,980.0,1502.0,2048.0,GDDR5,256.0,192.3,170.0,16.0,512.0,1344.0,2634.0,,0.0
geforce gtx 670m,,,750.0,1536.0,GDDR5,192.0,72.0,75.0,64.0,384.0,336.0,803.7,,0.0
geforce gtx 670mx,601.0,601.0,700.0,3072.0,GDDR5,192.0,67.2,75.0,16.0,384.0,960.0,1153.9,,0.0
geforce gtx 675m,,,750.0,2048.0,GDDR5,256.0,96.0,100.0,64.0,512.0,384.0,952.3,,0.0
geforce gtx 675mx,,,900.0,2048.0,GDDR5,256.0,115.2,100.0,16.0,512.0,960.0,1255.7,,0.0
geforce gtx 680,1006.0,1058.0,1502.0,2048.0,GDDR5,256.0,192.3,195.0,16.0,512.0,1536.0,3250.0,,0.0
geforce gtx 680m,719.0,758.0,900.0,4096.0,GDDR5,256.0,115.2,100.0,16.0,512.0,1344.0,2037.9999999999998,,0.0
geforce gtx 680mx mac edition,719.0,719.0,1250.0,2048.0,GDDR5,256.0,160.0,122.0,16.0,512.0,1536.0,2209.0,,0.0
geforce gtx 690,915.0,1019.0,1502.0,2048.0,GDDR5,256.0,192.3,300.0,16.0,512.0,1536.0,3130.0,,0.0
nvs 1000,,,891.0,2048.0,DDR3,128.0,28.51,35.0,16.0,256.0,192.0,306.0,,
nvs 310,,,875.0,512.0,DDR3,64.0,14.0,20.0,64.0,128.0,48.0,100.4,,
nvs 510,,,891.0,2048.0,DDR3,128.0,28.51,35.0,16.0,256.0,192.0,306.0,,
nvs 5200m,,,785.0,1024.0,GDDR5,64.0,25.12,25.0,64.0,128.0,96.0,258.0,,
nvs 5200m,,,900.0,1024.0,DDR3,64.0,14.4,25.0,64.0,128.0,96.0,240.0,,
nvs 5400m,,,900.0,2048.0,GDDR3,128.0,28.8,35.0,64.0,256.0,96.0,253.4,,
playstation 3 gpu 40nm,,,650.0,256.0,GDDR3,128.0,20.8,35.0,,,,,,
quadro 410,,,891.0,512.0,DDR3,64.0,14.26,38.0,16.0,128.0,192.0,271.1,,
quadro 7000,,,851.0,6144.0,GDDR5,384.0,163.4,204.0,64.0,768.0,512.0,1332.2,,
quadro k1000m,,,900.0,2048.0,DDR3,128.0,28.8,45.0,16.0,256.0,192.0,326.4,,
quadro k2000m,745.0,745.0,900.0,2048.0,DDR3,128.0,28.8,55.0,16.0,256.0,384.0,572.2,,
quadro k2000m embedded,835.0,1058.0,900.0,2048.0,GDDR5,128.0,57.6,45.0,16.0,256.0,384.0,812.5,,
quadro k3000m,654.0,654.0,700.0,2048.0,GDDR5,256.0,89.6,75.0,16.0,512.0,576.0,753.4,,
quadro k4000m,601.0,601.0,700.0,4096.0,GDDR5,256.0,89.6,100.0,16.0,512.0,960.0,1153.9,,
quadro k5000,,,1350.0,4096.0,GDDR5,256.0,172.8,122.0,16.0,512.0,1536.0,2169.0,,
quadro k5000 mac edition,,,1350.0,4096.0,GDDR5,256.0,172.8,122.0,16.0,512.0,1536.0,2169.0,,
quadro k5000m,601.0,601.0,750.0,4096.0,GDDR5,256.0,96.0,100.0,16.0,512.0,1344.0,1615.0,,
quadro k500m,709.0,709.0,800.0,1024.0,DDR3,64.0,12.8,35.0,16.0,128.0,192.0,272.3,,
tesla k10,,,1250.0,4096.0,GDDR5,256.0,160.0,225.0,16.0,512.0,1536.0,2289.0,,
tesla k20c,,,1300.0,5120.0,GDDR5,320.0,208.0,225.0,16.0,1280.0,2496.0,3524.0,,
tesla k20x,,,1300.0,6144.0,GDDR5,384.0,249.6,235.0,16.0,1536.0,2688.0,3935.0,,
tesla k20xm,,,1300.0,6144.0,GDDR5,384.0,249.6,235.0,16.0,1536.0,2688.0,3935.0,,
geforce 505 oem,,,700.0,1024.0,DDR3,128.0,22.4,25.0,,64.0,24.0,49.49,,0.0
geforce 505 oem,,,600.0,512.0,DDR3,64.0,9.6,25.0,,32.0,16.0,44.86,,0.0
geforce 705a,,,900.0,1024.0,DDR3,64.0,14.4,15.0,64.0,128.0,48.0,141.7,,0.0
geforce 705m,,,900.0,1024.0,DDR3,64.0,14.4,15.0,64.0,128.0,48.0,141.7,,0.0
geforce 710a,,,900.0,1024.0,DDR3,64.0,14.4,33.0,64.0,128.0,96.0,297.6,,0.0
geforce 710m,719.0,758.0,900.0,1024.0,DDR3,64.0,14.4,15.0,16.0,512.0,192.0,291.1,,0.0
geforce 710m,,,900.0,1024.0,DDR3,64.0,14.4,15.0,64.0,128.0,96.0,297.6,,0.0
geforce 820m,,,900.0,1024.0,DDR3,64.0,14.4,15.0,64.0,128.0,96.0,240.0,,0.0
geforce gt 625 oem,,,825.0,1024.0,DDR3,64.0,13.2,29.0,64.0,128.0,48.0,167.8,,0.0
geforce gt 630 rev 2,,,900.0,2048.0,DDR3,64.0,14.4,25.0,16.0,512.0,384.0,692.7,,0.0
geforce gt 630 rev 2 pcie x8,,,900.0,2048.0,DDR3,64.0,14.4,25.0,16.0,512.0,384.0,692.7,,0.0
geforce gt 635 oem,,,900.0,1024.0,DDR3,64.0,14.4,35.0,16.0,512.0,384.0,742.7,,0.0
geforce gt 640 rev 2,,,1252.0,1024.0,GDDR5,64.0,40.06,49.0,16.0,512.0,384.0,803.3,,0.0
geforce gt 640m mac edition,745.0,745.0,1250.0,512.0,GDDR5,64.0,40.0,32.0,16.0,128.0,384.0,572.2,,0.0
geforce gt 710m,,,900.0,1024.0,DDR3,64.0,14.4,15.0,64.0,128.0,96.0,297.6,,0.0
geforce gt 720m,719.0,758.0,800.0,2048.0,DDR3,64.0,12.8,33.0,16.0,512.0,192.0,291.1,,0.0
geforce gt 720m,,,800.0,2048.0,DDR3,64.0,12.8,33.0,64.0,128.0,96.0,297.6,,0.0
geforce gt 730m,725.0,725.0,900.0,2048.0,DDR3,128.0,28.8,33.0,16.0,256.0,384.0,556.8,,0.0
geforce gt 735m,575.0,628.0,900.0,2048.0,DDR3,64.0,14.4,33.0,16.0,512.0,384.0,482.3,,0.0
geforce gt 740a,980.0,1033.0,900.0,2048.0,DDR3,64.0,14.4,33.0,16.0,512.0,384.0,793.3,,0.0
geforce gt 740m,810.0,895.0,901.0,2048.0,DDR3,128.0,28.83,45.0,16.0,256.0,384.0,687.4,,0.0
geforce gt 740m,980.0,1033.0,900.0,2048.0,DDR3,64.0,14.4,33.0,16.0,512.0,384.0,793.3,,0.0
geforce gt 745a,837.0,915.0,900.0,2048.0,DDR3,128.0,28.8,33.0,16.0,256.0,384.0,702.7,,0.0
geforce gt 745m,,,1000.0,2048.0,GDDR5,128.0,64.0,45.0,16.0,256.0,384.0,421.6,,0.0
geforce gt 745m,837.0,915.0,900.0,2048.0,DDR3,128.0,28.8,45.0,16.0,256.0,384.0,702.7,,0.0
geforce gt 750m,941.0,967.0,1003.0,2048.0,GDDR5,128.0,64.19,50.0,16.0,256.0,384.0,742.7,,0.0
geforce gt 750m mac edition,926.0,926.0,1254.0,1024.0,GDDR5,128.0,80.26,50.0,16.0,256.0,384.0,711.2,,0.0
geforce gt 755m,980.0,1020.0,1350.0,2048.0,GDDR5,128.0,86.4,50.0,16.0,256.0,384.0,783.4,,0.0
geforce gt 755m mac edition,1085.0,1085.0,1250.0,1024.0,GDDR5,128.0,80.0,50.0,16.0,256.0,384.0,833.3,,0.0
geforce gtx 645 oem,,,1000.0,1024.0,GDDR5,128.0,64.0,65.0,16.0,256.0,576.0,949.2,,0.0
geforce gtx 650,,,1250.0,1024.0,GDDR5,128.0,80.0,65.0,16.0,256.0,384.0,812.5,,0.0
geforce gtx 650 ti boost,980.0,1032.0,1502.0,2048.0,GDDR5,192.0,144.2,134.0,16.0,384.0,768.0,1585.0,,0.0
geforce gtx 650 ti oem,,,1350.0,2048.0,GDDR5,128.0,86.4,110.0,16.0,256.0,768.0,1425.4,,0.0
geforce gtx 660m mac edition,950.0,950.0,1250.0,512.0,GDDR5,128.0,80.0,50.0,16.0,256.0,384.0,729.6,,0.0
geforce gtx 675mx mac edition,719.0,719.0,1250.0,1024.0,GDDR5,256.0,160.0,100.0,16.0,512.0,1344.0,1933.0,,0.0
geforce gtx 680 mac edition,1006.0,1058.0,1502.0,2048.0,GDDR5,256.0,192.3,195.0,16.0,512.0,1536.0,3250.0,,0.0
geforce gtx 760,980.0,1032.0,1502.0,2048.0,GDDR5,256.0,192.3,170.0,16.0,512.0,1152.0,2378.0,,0.0
geforce gtx 760 oem,823.0,888.0,1400.0,1536.0,GDDR5,192.0,134.4,130.0,16.0,384.0,1152.0,2045.9999999999998,,0.0
geforce gtx 760 oem rebrand,823.0,888.0,1400.0,1536.0,GDDR5,256.0,179.2,130.0,16.0,512.0,1152.0,2045.9999999999998,,0.0
geforce gtx 760 ti oem,915.0,980.0,1502.0,2048.0,GDDR5,256.0,192.3,170.0,16.0,512.0,1344.0,2634.0,,0.0
geforce gtx 760 ti oem rebrand,915.0,980.0,1502.0,2048.0,GDDR5,256.0,192.3,170.0,16.0,512.0,1344.0,2634.0,,0.0
geforce gtx 760 x2,1006.0,1072.0,1502.0,2048.0,GDDR5,256.0,192.3,250.0,16.0,512.0,1152.0,2470.0,,0.0
geforce gtx 760m,628.0,719.0,1002.0,2048.0,GDDR5,128.0,64.13,55.0,16.0,256.0,768.0,1104.4,,0.0
geforce gtx 765m,797.0,863.0,1002.0,2048.0,GDDR5,128.0,64.13,75.0,16.0,256.0,768.0,1325.6,,0.0
geforce gtx 770,1046.0,1085.0,1753.0,2048.0,GDDR5,256.0,224.4,230.0,16.0,512.0,1536.0,3333.0,,0.0
geforce gtx 770m,706.0,797.0,1002.0,3072.0,GDDR5,192.0,96.19,75.0,16.0,384.0,960.0,1530.0,,0.0
geforce gtx 775m mac edition,797.0,797.0,1250.0,2048.0,GDDR5,256.0,160.0,100.0,16.0,512.0,1344.0,2142.0,,0.0
geforce gtx 780,863.0,902.0,1502.0,3072.0,GDDR5,384.0,288.4,250.0,16.0,1536.0,2304.0,4156.0,,0.0
geforce gtx 780 6 gb,863.0,902.0,1502.0,6144.0,GDDR5,384.0,288.4,250.0,16.0,1536.0,2304.0,4156.0,,0.0
geforce gtx 780 rev 2,863.0,902.0,1502.0,3072.0,GDDR5,384.0,288.4,250.0,16.0,1536.0,2304.0,4156.0,,0.0
geforce gtx 780 ti,875.0,928.0,1753.0,3072.0,GDDR5,384.0,336.6,250.0,16.0,1536.0,2880.0,5345.0,,0.0
geforce gtx 780 ti 6 gb,875.0,928.0,1753.0,6144.0,GDDR5,384.0,336.6,250.0,16.0,1536.0,2880.0,5345.0,,0.0
geforce gtx 780 ti,875.0,928.0,1753.0,3072.0,GDDR5,384.0,336.6,250.0,16.0,1536.0,2880.0,5345.0,,0.0
geforce gtx 780m,771.0,797.0,1250.0,4096.0,GDDR5,256.0,160.0,122.0,16.0,512.0,1536.0,2448.0,,0.0
geforce gtx 780m mac edition,784.0,784.0,1250.0,4096.0,GDDR5,256.0,160.0,122.0,16.0,512.0,1536.0,2408.0,,0.0
geforce gtx titan,836.0,876.0,1502.0,6144.0,GDDR5,384.0,288.4,250.0,16.0,1536.0,2688.0,4709.0,,0.0
grid k1,,,891.0,4096.0,DDR3,128.0,28.51,130.0,16.0,256.0,192.0,326.4,,
grid k100,,,891.0,256.0,DDR3,128.0,28.51,130.0,16.0,256.0,192.0,326.4,,
grid k140q,,,891.0,1024.0,DDR3,128.0,28.51,130.0,16.0,256.0,192.0,326.4,,
grid k160q,,,891.0,1024.0,DDR3,128.0,28.51,130.0,16.0,256.0,192.0,326.4,,
grid k180q,,,891.0,1024.0,DDR3,128.0,28.51,130.0,16.0,256.0,192.0,326.4,,
grid k2,,,1250.0,4096.0,GDDR5,256.0,160.0,225.0,16.0,512.0,1536.0,2289.0,,
grid k200,,,1250.0,256.0,GDDR5,256.0,160.0,225.0,16.0,512.0,1536.0,2289.0,,
grid k240q,,,1250.0,1024.0,GDDR5,256.0,160.0,225.0,16.0,512.0,1536.0,2289.0,,
grid k260q,,,1250.0,2048.0,GDDR5,256.0,160.0,225.0,16.0,512.0,1536.0,2289.0,,
grid k280q,,,1250.0,4096.0,GDDR5,256.0,160.0,225.0,16.0,512.0,1536.0,2289.0,,
grid k340,,,1250.0,1024.0,GDDR5,128.0,80.0,225.0,16.0,128.0,384.0,732.7,,
grid k520,,,1250.0,4096.0,GDDR5,256.0,160.0,225.0,16.0,512.0,1536.0,2289.0,,
nvs 315,,,875.0,1024.0,DDR3,64.0,14.0,19.0,64.0,128.0,48.0,100.4,,
playstation 3 gpu 28nm,,,650.0,256.0,GDDR3,128.0,20.8,21.0,,,,,,
quadro k1100m,706.0,706.0,700.0,2048.0,GDDR5,128.0,44.8,45.0,16.0,256.0,384.0,542.2,,
quadro k2000,,,1000.0,2048.0,GDDR5,128.0,64.0,51.0,16.0,256.0,384.0,732.7,,
quadro k2000d,,,1000.0,2048.0,GDDR5,128.0,64.0,51.0,16.0,256.0,384.0,732.7,,
quadro k2100m,667.0,667.0,752.0,2048.0,GDDR5,128.0,48.13,55.0,16.0,256.0,576.0,768.4,,
quadro k3100m,706.0,706.0,800.0,4096.0,GDDR5,256.0,102.4,75.0,16.0,512.0,768.0,1084.4,,
quadro k4000,,,1404.0,3072.0,GDDR5,192.0,134.8,80.0,16.0,384.0,768.0,1244.2,,
quadro k4100m,706.0,706.0,800.0,4096.0,GDDR5,256.0,102.4,100.0,16.0,512.0,1152.0,1627.0,,
quadro k5000 sync,,,1350.0,4096.0,GDDR5,256.0,172.8,122.0,16.0,512.0,1536.0,2169.0,,
quadro k5100m,771.0,771.0,900.0,8192.0,GDDR5,256.0,115.2,100.0,16.0,512.0,1536.0,2369.0,,
quadro k510m,889.0,889.0,600.0,1024.0,GDDR5,64.0,19.2,30.0,16.0,512.0,192.0,341.4,,
quadro k600,,,891.0,1024.0,DDR3,128.0,28.51,41.0,16.0,256.0,192.0,336.4,,
quadro k6000,797.0,902.0,1502.0,12288.0,GDDR5,384.0,288.4,225.0,16.0,1536.0,2880.0,5196.0,,
quadro k6000 sdi,,,1502.0,12288.0,GDDR5,384.0,288.4,239.0,16.0,1536.0,2880.0,5196.0,,
quadro k610m,954.0,954.0,650.0,1024.0,GDDR5,64.0,20.8,30.0,16.0,512.0,192.0,366.3,,
tegra 4 gpu,,,933.0,512.0,LPDDR3,32.0,7.464,20.0,,,,,,
tegra 4i gpu,,,933.0,512.0,LPDDR3,32.0,7.464,20.0,,,,,,
tesla k20m,,,1300.0,5120.0,GDDR5,320.0,208.0,225.0,16.0,1280.0,2496.0,3524.0,,
tesla k20s,,,1300.0,5120.0,GDDR5,320.0,208.0,225.0,16.0,1280.0,2496.0,2870.0,,
tesla k40c,745.0,876.0,1502.0,12288.0,GDDR5,384.0,288.4,245.0,16.0,1536.0,2880.0,5046.0,,
tesla k40d,745.0,876.0,1502.0,12288.0,GDDR5,384.0,288.4,245.0,16.0,1536.0,2880.0,5046.0,,
tesla k40m,745.0,876.0,1502.0,12288.0,GDDR5,384.0,288.4,245.0,16.0,1536.0,2880.0,5046.0,,
tesla k40s,745.0,876.0,1502.0,12288.0,GDDR5,384.0,288.4,245.0,16.0,1536.0,2880.0,5046.0,,
tesla k40st,,,1502.0,12288.0,GDDR5,384.0,288.4,245.0,16.0,1536.0,2880.0,3312.0,,
tesla k40t,745.0,876.0,1502.0,12288.0,GDDR5,384.0,288.4,245.0,16.0,1536.0,2880.0,5046.0,,
geforce 705a,,,900.0,1024.0,DDR3,64.0,14.4,15.0,64.0,128.0,48.0,91.2,,0.0
geforce 710a,719.0,758.0,1001.0,1024.0,DDR3,64.0,16.02,15.0,16.0,512.0,192.0,291.1,,0.0
geforce 720a,,,1001.0,1024.0,DDR3,64.0,16.02,33.0,64.0,128.0,96.0,297.6,,0.0
geforce 800a,,,900.0,1024.0,DDR3,64.0,14.4,15.0,64.0,128.0,48.0,91.2,,0.0
geforce 800a,,,900.0,1024.0,DDR3,64.0,14.4,15.0,64.0,128.0,48.0,91.2,,0.0
geforce 800m,,,900.0,1024.0,DDR3,64.0,14.4,15.0,64.0,128.0,48.0,141.7,,0.0
geforce 805a,719.0,758.0,1001.0,1024.0,DDR3,64.0,16.02,15.0,16.0,512.0,192.0,291.1,,0.0
geforce 810a,719.0,758.0,900.0,1024.0,DDR3,64.0,14.4,15.0,16.0,512.0,192.0,291.1,,0.0
geforce 810m,738.0,888.0,900.0,1024.0,DDR3,64.0,14.4,15.0,64.0,128.0,48.0,85.25,,0.0
geforce 820a,,,1001.0,1024.0,DDR3,64.0,16.02,15.0,64.0,128.0,96.0,240.0,,0.0
geforce 825m,850.0,941.0,900.0,1024.0,DDR3,64.0,14.4,33.0,16.0,512.0,384.0,722.7,,0.0
geforce 830a,1082.0,1150.0,1001.0,2048.0,DDR3,64.0,16.02,33.0,64.0,1024.0,256.0,588.8,,0.0
geforce 830m,1082.0,1150.0,900.0,2048.0,DDR3,64.0,14.4,33.0,64.0,1024.0,256.0,588.8,,0.0
geforce 840a,1029.0,1124.0,1001.0,2048.0,DDR3,64.0,16.02,33.0,64.0,1024.0,384.0,863.2,,0.0
geforce 840m,1029.0,1124.0,1001.0,2048.0,DDR3,64.0,16.02,33.0,64.0,1024.0,384.0,863.2,,0.0
geforce gt 705 oem,,,825.0,1024.0,DDR3,64.0,13.2,29.0,64.0,128.0,48.0,167.8,,0.0
geforce gt 710,,,900.0,2048.0,DDR3,64.0,14.4,19.0,16.0,512.0,192.0,366.3,,0.0
geforce gt 710,,,900.0,2048.0,DDR3,64.0,14.4,19.0,16.0,512.0,192.0,366.3,,0.0
geforce gt 710 pcie x1,,,800.0,1024.0,DDR3,64.0,12.8,19.0,16.0,512.0,192.0,366.3,,0.0
geforce gt 720,,,800.0,1024.0,DDR3,64.0,12.8,19.0,16.0,512.0,192.0,306.0,,0.0
geforce gt 720,,,900.0,2048.0,DDR3,64.0,14.4,19.0,16.0,512.0,384.0,742.7,,0.0
geforce gt 720a,,,1001.0,1024.0,DDR3,64.0,16.02,33.0,64.0,128.0,96.0,297.6,,0.0
geforce gt 730,,,900.0,1024.0,DDR3,128.0,28.8,49.0,64.0,256.0,96.0,268.8,,0.0
geforce gt 730,,,800.0,2048.0,DDR3,128.0,25.6,49.0,64.0,256.0,96.0,268.8,,0.0
geforce gt 730,,,1253.0,1024.0,GDDR5,64.0,40.1,38.0,16.0,512.0,384.0,692.7,,0.0
geforce gt 730a,719.0,758.0,1001.0,1024.0,DDR3,64.0,16.02,33.0,16.0,512.0,384.0,582.1,,0.0
geforce gt 730m,719.0,758.0,900.0,2048.0,DDR3,64.0,14.4,33.0,16.0,512.0,384.0,582.1,,0.0
geforce gt 740,,,1253.0,1024.0,GDDR5,128.0,80.19,64.0,16.0,256.0,384.0,762.6,,0.0
geforce gtx 660 rev 2,980.0,1032.0,1502.0,2048.0,GDDR5,192.0,144.2,140.0,16.0,384.0,960.0,1981.0,,0.0
geforce gtx 745 oem,,,900.0,4096.0,DDR3,128.0,28.8,55.0,64.0,2048.0,384.0,793.3,,0.0
geforce gtx 750,1020.0,1085.0,1253.0,1024.0,GDDR5,128.0,80.19,55.0,64.0,2048.0,512.0,1111.0,,0.0
geforce gtx 750 ti,1020.0,1085.0,1350.0,2048.0,GDDR5,128.0,86.4,60.0,64.0,2048.0,640.0,1388.8,,0.0
geforce gtx 760a,628.0,719.0,1002.0,1024.0,GDDR5,128.0,64.13,55.0,16.0,256.0,768.0,1104.4,,0.0
geforce gtx 850a,902.0,902.0,900.0,2048.0,DDR3,128.0,28.8,45.0,64.0,2048.0,640.0,1154.6,,0.0
geforce gtx 850m,,,1001.0,2048.0,DDR3,128.0,32.03,45.0,64.0,2048.0,640.0,1154.6,,0.0
geforce gtx 860m,797.0,915.0,1250.0,2048.0,GDDR5,128.0,80.0,75.0,16.0,256.0,1152.0,2108.0,,0.0
geforce gtx 860m,1020.0,1020.0,1253.0,2048.0,GDDR5,128.0,80.19,75.0,64.0,2048.0,640.0,1305.6,,0.0
geforce gtx 870m,941.0,967.0,1250.0,3072.0,GDDR5,192.0,120.0,100.0,16.0,384.0,1344.0,2599.0,,0.0
geforce gtx 880m,954.0,993.0,1250.0,8192.0,GDDR5,256.0,160.0,122.0,16.0,512.0,1536.0,3050.0,,0.0
geforce gtx 970,1050.0,1178.0,1753.0,4096.0,GDDR5,256.0,224.4,148.0,48.0,2048.0,1664.0,3920.0,,0.0
geforce gtx 970m,924.0,1038.0,1253.0,6144.0,GDDR5,192.0,120.3,,48.0,1536.0,1280.0,2657.0,,0.0
geforce gtx 970m,924.0,1038.0,1253.0,3072.0,GDDR5,192.0,120.3,,48.0,1536.0,1280.0,2657.0,,0.0
geforce gtx 980,1127.0,1216.0,1753.0,4096.0,GDDR5,256.0,224.4,165.0,48.0,2048.0,2048.0,4981.0,,0.0
geforce gtx 980m,1038.0,1127.0,1253.0,8192.0,GDDR5,256.0,160.4,,48.0,2048.0,1536.0,3462.0,,0.0
geforce gtx 980m,1038.0,1127.0,1253.0,8192.0,GDDR5,256.0,160.4,,48.0,2048.0,1536.0,3462.0,,0.0
geforce gtx titan black,889.0,980.0,1750.0,6144.0,GDDR5,384.0,336.0,250.0,16.0,1536.0,2880.0,5645.0,,0.0
geforce gtx titan z,705.0,876.0,1750.0,6144.0,GDDR5,384.0,336.0,375.0,16.0,1536.0,2880.0,5046.0,,0.0
grid k120q,,,891.0,512.0,DDR3,128.0,28.51,130.0,16.0,256.0,192.0,326.4,,
grid k220q,,,1250.0,512.0,GDDR5,256.0,160.0,225.0,16.0,512.0,1536.0,2289.0,,
grid k500,,,1250.0,4096.0,GDDR5,256.0,160.0,225.0,16.0,512.0,1536.0,2289.0,,
grid k520q,,,1250.0,4096.0,GDDR5,256.0,160.0,225.0,16.0,512.0,1536.0,2289.0,,
grid k540q,,,1250.0,4096.0,GDDR5,256.0,160.0,225.0,16.0,512.0,1536.0,2289.0,,
grid k560q,,,1250.0,4096.0,GDDR5,256.0,160.0,225.0,16.0,512.0,1536.0,2289.0,,
jetson tk1,756.0,951.0,467.0,2048.0,DDR3L,64.0,7.472,8.0,16.0,128.0,192.0,365.2,,
quadro k100m,851.0,851.0,900.0,2048.0,DDR3,64.0,14.4,35.0,16.0,128.0,192.0,326.8,,
quadro k200m,745.0,745.0,900.0,2048.0,DDR3,64.0,14.4,35.0,16.0,128.0,192.0,286.1,,
quadro k2200,1046.0,1124.0,1253.0,4096.0,GDDR5,128.0,80.19,68.0,64.0,2048.0,640.0,1438.7,,
quadro k2200m,1150.0,1150.0,1253.0,2048.0,GDDR5,128.0,80.19,65.0,64.0,2048.0,640.0,1472.0,,
quadro k420,,,891.0,1024.0,DDR3,128.0,28.51,41.0,16.0,256.0,192.0,336.4,,
quadro k4200,771.0,784.0,1350.0,4096.0,GDDR5,256.0,172.8,108.0,16.0,512.0,1344.0,2107.0,,
quadro k5200,667.0,771.0,1502.0,8192.0,GDDR5,256.0,192.3,150.0,,,2304.0,3553.0,,
quadro k620,1058.0,1124.0,900.0,2048.0,DDR3,128.0,28.8,45.0,64.0,2048.0,384.0,863.2,,
tesla k8,693.0,811.0,1250.0,8192.0,GDDR5,256.0,160.0,100.0,16.0,512.0,1536.0,2491.0,,
tesla k80,562.0,824.0,1253.0,12288.0,GDDR5,384.0,240.6,300.0,16.0,1536.0,2496.0,4113.0,,
geforce 810m,835.0,950.0,900.0,2048.0,DDR3,64.0,14.4,45.0,16.0,256.0,384.0,729.6,,0.0
geforce 820m,,,901.0,2048.0,DDR3,128.0,28.83,45.0,16.0,256.0,384.0,622.1,,0.0
geforce 845m,1071.0,1150.0,1253.0,2048.0,GDDR5,64.0,40.1,33.0,64.0,1024.0,384.0,883.2,,0.0
geforce 845m,863.0,863.0,1001.0,2048.0,DDR3,64.0,16.02,45.0,64.0,1024.0,512.0,883.7,,0.0
geforce 910m,641.0,641.0,1001.0,2048.0,DDR3,64.0,16.02,33.0,16.0,512.0,384.0,492.3,,0.0
geforce 920a,954.0,954.0,1001.0,1024.0,DDR3,64.0,16.02,33.0,16.0,512.0,384.0,732.7,,0.0
geforce 920m,954.0,954.0,900.0,2048.0,DDR3,64.0,14.4,33.0,16.0,512.0,384.0,732.7,,0.0
geforce 930a,928.0,941.0,1001.0,2048.0,DDR3,64.0,16.02,33.0,64.0,1024.0,384.0,722.7,,0.0
geforce 930m,549.0,549.0,800.0,2048.0,DDR3,64.0,12.8,33.0,64.0,1024.0,384.0,421.6,,0.0
geforce 930m,928.0,941.0,900.0,2048.0,DDR3,64.0,14.4,33.0,64.0,1024.0,384.0,722.7,,0.0
geforce 940a,1029.0,1124.0,1001.0,1024.0,DDR3,64.0,16.02,33.0,64.0,1024.0,384.0,863.2,,0.0
geforce 940a,1072.0,1176.0,1001.0,2048.0,DDR3,64.0,16.02,33.0,64.0,1024.0,384.0,903.2,,0.0
geforce 940m,1020.0,1098.0,900.0,2048.0,DDR3,64.0,14.4,75.0,64.0,2048.0,512.0,1124.4,,0.0
geforce 940m,1072.0,1176.0,900.0,2048.0,DDR3,64.0,14.4,33.0,64.0,1024.0,384.0,903.2,,0.0
geforce 945a,1006.0,1189.0,1253.0,1024.0,GDDR5,64.0,40.1,33.0,64.0,1024.0,384.0,913.2,,0.0
geforce 945m,928.0,1020.0,900.0,2048.0,DDR3,128.0,28.8,75.0,64.0,2048.0,640.0,1305.6,,0.0
geforce gt 710 oem,,,900.0,1024.0,DDR3,64.0,14.4,,16.0,512.0,192.0,306.0,,0.0
geforce gt 730 oem,,,1253.0,1024.0,GDDR5,64.0,40.1,64.0,16.0,128.0,384.0,692.7,,0.0
geforce gt 740 oem,980.0,1033.0,1253.0,1024.0,GDDR5,128.0,80.19,65.0,16.0,256.0,384.0,793.3,,0.0
geforce gt 740 oem,,,1253.0,1024.0,GDDR5,128.0,80.19,65.0,16.0,256.0,384.0,772.6,,0.0
geforce gtx 750 gm206,1087.0,1239.0,1253.0,2048.0,GDDR5,128.0,80.19,60.0,48.0,1024.0,512.0,1268.7,,0.0
geforce gtx 860m oem,1097.0,1176.0,1253.0,2048.0,GDDR5,128.0,80.19,75.0,64.0,2048.0,640.0,1505.0,,0.0
geforce gtx 950,1024.0,1188.0,1653.0,2048.0,GDDR5,128.0,105.8,90.0,48.0,1024.0,768.0,1825.0,,0.0
geforce gtx 950a,993.0,1124.0,1001.0,2048.0,DDR3,128.0,32.03,75.0,64.0,2048.0,640.0,1438.7,,0.0
geforce gtx 950m,993.0,1124.0,900.0,4096.0,DDR3,128.0,28.8,75.0,64.0,2048.0,640.0,1438.7,,0.0
geforce gtx 950m mac edition,993.0,1124.0,900.0,2048.0,DDR3,128.0,28.8,75.0,64.0,2048.0,640.0,1438.7,,0.0
geforce gtx 960,1127.0,1178.0,1753.0,2048.0,GDDR5,128.0,112.2,120.0,48.0,1024.0,1024.0,2413.0,,0.0
geforce gtx 960 oem,924.0,1038.0,1253.0,3072.0,GDDR5,192.0,120.3,,48.0,1536.0,1280.0,2657.0,,0.0
geforce gtx 960 oem,1176.0,1201.0,1753.0,4096.0,GDDR5,128.0,112.2,,48.0,1024.0,1024.0,2460.0,,0.0
geforce gtx 960a,1097.0,1176.0,1253.0,2048.0,GDDR5,128.0,80.19,75.0,64.0,2048.0,640.0,1505.0,,0.0
geforce gtx 960m,1097.0,1176.0,1253.0,4096.0,GDDR5,128.0,80.19,75.0,64.0,2048.0,640.0,1505.0,,0.0
geforce gtx 965m,924.0,950.0,1253.0,2048.0,GDDR5,128.0,80.19,,48.0,1024.0,1024.0,1946.0,,0.0
geforce gtx 965m,924.0,950.0,1253.0,2048.0,GDDR5,128.0,80.19,,48.0,1024.0,1024.0,1946.0,,0.0
geforce gtx 965m 4 gb,935.0,1150.0,1253.0,4096.0,GDDR5,128.0,80.19,,48.0,1024.0,1024.0,2355.0,,0.0
geforce gtx 980 mobile,1064.0,1140.0,1753.0,8192.0,GDDR5,256.0,224.4,,48.0,2048.0,2048.0,4669.0,,0.0
geforce gtx 980 ti,1000.0,1076.0,1753.0,6144.0,GDDR5,384.0,336.6,250.0,48.0,3072.0,2816.0,6060.0,,0.0
geforce gtx titan x,1000.0,1089.0,1753.0,12288.0,GDDR5,384.0,336.6,250.0,48.0,3072.0,3072.0,6691.0,,0.0
grid m60 1q,557.0,1178.0,1253.0,1024.0,GDDR5,256.0,160.4,225.0,48.0,2048.0,2048.0,4825.0,,
grid m60 2q,557.0,1178.0,1253.0,2048.0,GDDR5,256.0,160.4,225.0,48.0,2048.0,2048.0,4825.0,,
grid m60 4a,557.0,1178.0,1253.0,4096.0,GDDR5,256.0,160.4,225.0,48.0,2048.0,2048.0,4825.0,,
grid m60 8q,557.0,1178.0,1253.0,8192.0,GDDR5,256.0,160.4,225.0,48.0,2048.0,2048.0,4825.0,,
grid m6 8q,,,1253.0,8192.0,GDDR5,256.0,160.4,100.0,48.0,2048.0,1536.0,2218.0,,
jetson tx1,,,600.0,4096.0,LPDDR4,64.0,9.6,6.0,48.0,256.0,256.0,511.0,,
nvs 810,902.0,1033.0,900.0,2048.0,DDR3,64.0,14.4,68.0,64.0,1024.0,512.0,1057.8,,
quadro k1200,1058.0,1124.0,1250.0,4096.0,GDDR5,128.0,80.0,45.0,64.0,2048.0,512.0,1151.0,,
quadro k620m,1029.0,1124.0,1001.0,2048.0,DDR3,64.0,16.02,30.0,64.0,1024.0,384.0,863.2,,
quadro m1000m,993.0,1072.0,1253.0,2048.0,GDDR5,128.0,80.19,40.0,64.0,2048.0,512.0,1097.7,,
quadro m2000m,1098.0,1137.0,1253.0,4096.0,GDDR5,128.0,80.19,55.0,64.0,2048.0,640.0,1455.4,,
quadro m3000m,823.0,924.0,1253.0,4096.0,GDDR5,256.0,160.4,75.0,48.0,2048.0,1024.0,1892.0,,
quadro m4000,,,1502.0,8192.0,GDDR5,256.0,192.3,120.0,48.0,2048.0,1664.0,2573.0,,
quadro m4000m,975.0,1013.0,1253.0,4096.0,GDDR5,256.0,160.4,100.0,48.0,2048.0,1280.0,2593.0,,
quadro m5000,861.0,1038.0,1653.0,8192.0,GDDR5,256.0,211.6,150.0,48.0,2048.0,2048.0,4252.0,,
quadro m5000m,962.0,1051.0,1253.0,8192.0,GDDR5,256.0,160.4,100.0,48.0,2048.0,1536.0,3229.0,,
quadro m6000,988.0,1114.0,1653.0,12288.0,GDDR5,384.0,317.4,250.0,48.0,3072.0,3072.0,6844.0,,
quadro m600m,837.0,876.0,1253.0,2048.0,GDDR5,128.0,80.19,30.0,64.0,2048.0,384.0,672.8,,
tesla m4,872.0,1072.0,1375.0,4096.0,GDDR5,128.0,88.0,50.0,48.0,1024.0,1024.0,2195.0,,
tesla m40,948.0,1112.0,1502.0,12288.0,GDDR5,384.0,288.4,250.0,48.0,3072.0,3072.0,6832.0,,
tesla m40 24 gb,948.0,1112.0,1502.0,24576.0,GDDR5,384.0,288.4,250.0,48.0,3072.0,3072.0,6832.0,,
tesla m6 mobile,930.0,1180.0,1253.0,8192.0,GDDR5,256.0,160.4,100.0,48.0,2048.0,1536.0,3625.0,,
tesla m6 x2 mobile,930.0,1180.0,1253.0,8192.0,GDDR5,256.0,160.4,100.0,48.0,2048.0,1536.0,3625.0,,
tesla m60,557.0,1178.0,1253.0,8192.0,GDDR5,256.0,160.4,300.0,48.0,2048.0,2048.0,4825.0,,
geforce 920mx,965.0,993.0,900.0,2048.0,DDR3,64.0,14.4,16.0,64.0,1024.0,256.0,508.4,,0.0
geforce 930mx,952.0,1020.0,900.0,2048.0,DDR3,64.0,14.4,17.0,64.0,1024.0,384.0,783.4,,0.0
geforce 940mx,954.0,993.0,1253.0,1024.0,GDDR5,64.0,40.1,23.0,64.0,1024.0,384.0,762.6,,0.0
geforce 940mx,795.0,861.0,1253.0,2048.0,GDDR5,64.0,40.1,23.0,64.0,1024.0,512.0,881.7,,0.0
geforce 940mx,1004.0,1242.0,1001.0,2048.0,DDR3,64.0,16.02,23.0,64.0,1024.0,384.0,953.9,,0.0
geforce 945m,1006.0,1189.0,1001.0,1024.0,DDR3,64.0,16.02,23.0,64.0,1024.0,384.0,913.2,,0.0
geforce gt 610 oem,,,500.0,2048.0,DDR3,64.0,8.0,29.0,64.0,128.0,48.0,134.6,,0.0
geforce gt 710,,,898.0,1024.0,DDR3,64.0,14.37,29.0,64.0,128.0,48.0,155.5,,0.0
geforce gtx 1050,1354.0,1455.0,1752.0,2048.0,GDDR5,128.0,112.1,75.0,48.0,1024.0,640.0,1862.0,,0.0
geforce gtx 1050 ti,1291.0,1392.0,1752.0,4096.0,GDDR5,128.0,112.1,75.0,48.0,1024.0,768.0,2138.0,13000000.0,0.0
geforce gtx 1060 3 gb,1506.0,1708.0,2002.0,3072.0,GDDR5,192.0,192.2,120.0,48.0,1536.0,1152.0,3935.0,,0.0
geforce gtx 1060 3 gb gp104,1506.0,1708.0,2002.0,3072.0,GDDR5,192.0,192.2,120.0,48.0,1536.0,1152.0,3935.0,,0.0
geforce gtx 1060 6 gb,1506.0,1709.0,2002.0,6144.0,GDDR5,192.0,192.2,120.0,48.0,1536.0,1280.0,4375.0,22500000.0,0.0
geforce gtx 1060 mobile,1405.0,1671.0,2002.0,6144.0,GDDR5,192.0,192.2,80.0,48.0,1536.0,1280.0,4278.0,,0.0
geforce gtx 1070,1506.0,1683.0,2002.0,8192.0,GDDR5,256.0,256.3,150.0,48.0,2048.0,1920.0,6463.0,30000000.0,0.0
geforce gtx 1070 mobile,1443.0,1645.0,2002.0,8192.0,GDDR5,256.0,256.3,120.0,48.0,2048.0,2048.0,6738.0,,0.0
geforce gtx 1080,1607.0,1733.0,1251.0,8192.0,GDDR5X,256.0,320.3,180.0,48.0,2048.0,2560.0,8873.0,34000000.0,0.0
geforce gtx 1080 mobile,1557.0,1734.0,1251.0,8192.0,GDDR5X,256.0,320.3,150.0,48.0,2048.0,2560.0,8878.0,,0.0
geforce gtx 760 oem,993.0,1046.0,1650.0,2048.0,GDDR5,256.0,211.2,170.0,16.0,512.0,1344.0,2812.0,,0.0
geforce gtx 950 low power,1026.0,1190.0,1653.0,2048.0,GDDR5,128.0,105.8,75.0,48.0,1024.0,768.0,1828.0,,0.0
geforce gtx 950 oem,937.0,1203.0,1253.0,4096.0,GDDR5,128.0,80.19,,48.0,1024.0,1024.0,2464.0,,0.0
geforce gtx 965m,935.0,1150.0,1253.0,2048.0,GDDR5,128.0,80.19,,48.0,1024.0,1024.0,2355.0,,0.0
geforce gtx 980mx,1050.0,1178.0,1500.0,8192.0,GDDR5,256.0,192.0,148.0,48.0,2048.0,1664.0,3920.0,,0.0
grid m10 8q,1033.0,1306.0,1300.0,8192.0,GDDR5,128.0,83.2,225.0,64.0,2048.0,640.0,1672.0,,
grid m3 3020,1033.0,1306.0,1300.0,4096.0,GDDR5,128.0,83.2,,64.0,2048.0,640.0,1672.0,,
grid m40,,,1300.0,8192.0,GDDR5,128.0,83.2,50.0,64.0,2048.0,384.0,793.3,,
jetson tx2,,,1866.0,8192.0,LPDDR4,128.0,59.71,15.0,48.0,512.0,256.0,665.6,,
quadro gp100,1304.0,1443.0,715.0,16384.0,HBM2,4096.0,732.2,235.0,24.0,4096.0,3584.0,10340.0,,
quadro m2000,796.0,1163.0,1653.0,4096.0,GDDR5,128.0,105.8,75.0,48.0,1024.0,768.0,1786.0,,
quadro m3000 se,823.0,924.0,1253.0,4096.0,GDDR5,256.0,160.4,75.0,48.0,2048.0,1024.0,1892.0,,
quadro m500m,1029.0,1124.0,900.0,2048.0,DDR3,64.0,14.4,30.0,64.0,1024.0,384.0,863.2,,
quadro m5500 mobile,1140.0,1165.0,1753.0,8192.0,GDDR5,256.0,224.4,150.0,48.0,2048.0,2048.0,4772.0,,
quadro m6000 24 gb,988.0,1114.0,1653.0,24576.0,GDDR5,384.0,317.4,250.0,48.0,3072.0,3072.0,6844.0,,
quadro p5000,1607.0,1733.0,1127.0,16384.0,GDDR5X,256.0,288.5,180.0,48.0,2048.0,2560.0,8873.0,,
quadro p6000,1506.0,1645.0,1127.0,24576.0,GDDR5X,384.0,432.8,250.0,48.0,3072.0,3840.0,12630.0,,
tesla m10,1033.0,1306.0,1300.0,8192.0,GDDR5,128.0,83.2,225.0,64.0,2048.0,640.0,1672.0,,
tesla p10,1025.0,1493.0,1808.0,24576.0,GDDR5X,384.0,694.3,150.0,48.0,3072.0,3840.0,11470.0,,
tesla p100 dgxs,1328.0,1480.0,715.0,16384.0,HBM2,4096.0,732.2,300.0,24.0,4096.0,3584.0,10610.0,,
tesla p100 pcie 12 gb,1190.0,1329.0,715.0,12288.0,HBM2,3072.0,549.1,250.0,24.0,3072.0,3584.0,9526.0,,
tesla p100 pcie 16 gb,1190.0,1329.0,715.0,16384.0,HBM2,4096.0,732.2,250.0,24.0,4096.0,3584.0,9526.0,,
tesla p100 sxm2,1328.0,1480.0,715.0,16384.0,HBM2,4096.0,732.2,300.0,24.0,4096.0,3584.0,10610.0,,
tesla p4,886.0,1114.0,1502.0,8192.0,GDDR5,256.0,192.3,75.0,48.0,2048.0,2560.0,5704.0,,
tesla p40,1303.0,1531.0,1808.0,24576.0,GDDR5,384.0,347.1,250.0,48.0,3072.0,3840.0,11760.0,,
titan x pascal,1417.0,1531.0,1251.0,12288.0,GDDR5X,384.0,480.4,250.0,48.0,3072.0,3584.0,10970.0,,
geforce gt 1030,1228.0,1468.0,1502.0,2048.0,GDDR5,64.0,48.06,30.0,48.0,512.0,384.0,1127.4,,0.0
geforce gt 720 oem,,,891.0,1024.0,DDR3,128.0,28.51,50.0,16.0,256.0,192.0,381.3,,0.0
geforce gtx 1050 mobile,1354.0,1493.0,1752.0,2048.0,GDDR5,128.0,112.1,75.0,48.0,1024.0,640.0,1911.0,,0.0
geforce gtx 1050 mobile,1354.0,1493.0,1752.0,2048.0,GDDR5,128.0,112.1,75.0,48.0,1024.0,640.0,1911.0,,0.0
geforce gtx 1050 ti mobile,1493.0,1620.0,1752.0,2048.0,GDDR5,128.0,112.1,75.0,48.0,1024.0,768.0,2488.0,,0.0
geforce gtx 1050 ti mobile,1493.0,1620.0,1752.0,4096.0,GDDR5,128.0,112.1,75.0,48.0,1024.0,768.0,2488.0,,0.0
geforce gtx 1060 5 gb,1506.0,1709.0,2002.0,5120.0,GDDR5,160.0,160.2,120.0,48.0,1280.0,1280.0,4375.0,,0.0
geforce gtx 1060 6 gb 9gbps,1506.0,1709.0,2257.0,6144.0,GDDR5,192.0,216.7,120.0,48.0,1536.0,1280.0,4375.0,,0.0
geforce gtx 1060 max q,1063.0,1480.0,2002.0,6144.0,GDDR5,192.0,192.2,80.0,48.0,1536.0,1280.0,3789.0,,0.0
geforce gtx 1070 max q,1215.0,1379.0,2002.0,8192.0,GDDR5,256.0,256.3,115.0,48.0,2048.0,2048.0,5648.0,,0.0
geforce gtx 1070 ti,1607.0,1683.0,2002.0,8192.0,GDDR5,256.0,256.3,180.0,48.0,2048.0,2432.0,8186.0,30500000.0,0.0
geforce gtx 1080 11gbps,1607.0,1733.0,1376.0,8192.0,GDDR5X,256.0,352.3,180.0,48.0,2048.0,2560.0,8873.0,,0.0
geforce gtx 1080 max q,1277.0,1366.0,1251.0,8192.0,GDDR5X,256.0,320.3,150.0,48.0,2048.0,2560.0,6994.0,,0.0
geforce gtx 1080 ti,1481.0,1582.0,1376.0,11264.0,GDDR5X,352.0,484.4,250.0,48.0,2816.0,3584.0,11340.0,49000000.0,0.0
geforce mx110,978.0,1006.0,1253.0,2048.0,GDDR5,64.0,40.1,30.0,64.0,1024.0,256.0,515.1,,0.0
geforce mx130,1109.0,1189.0,1253.0,2048.0,GDDR5,64.0,40.1,30.0,64.0,1024.0,384.0,913.2,,0.0
geforce mx150,937.0,1038.0,1253.0,2048.0,GDDR5,64.0,40.1,10.0,48.0,512.0,384.0,797.2,,0.0
geforce mx150,1469.0,1532.0,1502.0,2048.0,GDDR5,64.0,48.06,25.0,48.0,512.0,384.0,1176.6,,0.0
p104 100,1607.0,1733.0,1251.0,4096.0,GDDR5X,256.0,320.3,,48.0,2048.0,1920.0,6655.0,,
p106 090,1354.0,1531.0,2002.0,3072.0,GDDR5,192.0,192.2,75.0,48.0,1536.0,768.0,2352.0,,
p106 100,1506.0,1709.0,2002.0,6144.0,GDDR5,192.0,192.2,120.0,48.0,1536.0,1280.0,4375.0,,
quadro m1200 mobile,991.0,1148.0,1253.0,4096.0,GDDR5,128.0,80.19,45.0,64.0,2048.0,640.0,1469.4,,
quadro m2200 mobile,695.0,1036.0,1377.0,4096.0,GDDR5,128.0,88.13,55.0,48.0,1024.0,1024.0,2122.0,,
quadro m520 mobile,965.0,1176.0,1253.0,2048.0,GDDR5,64.0,40.1,25.0,64.0,1024.0,384.0,903.2,,
quadro m620 mobile,756.0,1018.0,1253.0,2048.0,GDDR5,128.0,80.19,30.0,64.0,2048.0,512.0,1042.4,,
quadro p1000,1266.0,1480.0,1253.0,4096.0,GDDR5,128.0,80.19,47.0,48.0,1024.0,640.0,1894.0,,
quadro p1000,1354.0,1392.0,1502.0,4096.0,GDDR5,128.0,96.13,47.0,48.0,1024.0,512.0,1425.4,,
quadro p1000 mobile,1493.0,1519.0,1502.0,4096.0,GDDR5,128.0,96.13,40.0,48.0,1024.0,512.0,1555.0,,
quadro p2000,1076.0,1480.0,1752.0,5120.0,GDDR5,160.0,140.2,75.0,48.0,1280.0,1024.0,3031.0,,
quadro p2000 mobile,1557.0,1607.0,1502.0,4096.0,GDDR5,128.0,96.13,50.0,48.0,1024.0,768.0,2468.0,,
quadro p3000 mobile,1088.0,1215.0,1752.0,6144.0,GDDR5,192.0,168.2,75.0,48.0,1536.0,1280.0,3110.0,,
quadro p400,1228.0,1252.0,1002.0,2048.0,GDDR5,64.0,32.06,30.0,48.0,512.0,256.0,641.0,,
quadro p4000,1202.0,1480.0,1901.0,8192.0,GDDR5,256.0,243.3,105.0,48.0,2048.0,1792.0,5304.0,,
quadro p4000 max q,1114.0,1228.0,1502.0,8192.0,GDDR5,256.0,192.3,100.0,48.0,2048.0,1792.0,4401.0,,
quadro p4000 mobile,1202.0,1228.0,1500.0,8192.0,GDDR5,256.0,192.0,100.0,48.0,2048.0,1792.0,4401.0,,
quadro p5000 mobile,1164.0,1506.0,1500.0,16384.0,GDDR5,256.0,192.0,100.0,48.0,2048.0,2048.0,6169.0,,
quadro p5000 x2 mobile,1164.0,1506.0,1500.0,16384.0,GDDR5,256.0,192.0,200.0,48.0,2048.0,2048.0,6169.0,,
quadro p600,1329.0,1557.0,1002.0,2048.0,GDDR5,128.0,64.13,40.0,48.0,1024.0,384.0,1195.8,,
quadro p600 mobile,1430.0,1620.0,1252.0,4096.0,GDDR5,128.0,80.13,40.0,48.0,1024.0,384.0,1244.2,,
switch gpu 20nm,384.0,768.0,1600.0,4096.0,DDR4,64.0,25.6,15.0,,,256.0,393.2,,
tesla p6 mobile,1012.0,1506.0,1502.0,16384.0,GDDR5,256.0,192.3,90.0,48.0,2048.0,2048.0,6169.0,,
tesla v100 pcie 16 gb,1245.0,1380.0,876.0,16384.0,HBM2,4096.0,897.0,300.0,128.0,6144.0,5120.0,14130.0,,
tesla v100 sxm2 16 gb,1312.0,1530.0,876.0,16384.0,HBM2,4096.0,897.0,250.0,128.0,6144.0,5120.0,15670.0,,
titan v,1200.0,1455.0,848.0,12288.0,HBM2,3072.0,651.3,250.0,96.0,4608.0,5120.0,14900.0,,
titan xp,1405.0,1582.0,1426.0,12288.0,GDDR5X,384.0,547.6,250.0,48.0,3072.0,3840.0,12150.0,,
geforce gt 1030 ddr4,1152.0,1379.0,1050.0,2048.0,DDR4,64.0,16.8,20.0,48.0,512.0,384.0,1059.1,,0.0
geforce gt 1030 gk107,,,1250.0,2048.0,GDDR5,128.0,80.0,65.0,16.0,256.0,384.0,812.5,,0.0
geforce gtx 1050 3 gb,1392.0,1518.0,1752.0,3072.0,GDDR5,96.0,84.1,75.0,48.0,768.0,768.0,2332.0,,0.0
geforce gtx 1050 max q,1000.0,1139.0,1752.0,4096.0,GDDR5,128.0,112.1,75.0,48.0,1024.0,640.0,1457.9,,0.0
geforce gtx 1050 ti max q,1152.0,1291.0,1752.0,4096.0,GDDR5,128.0,112.1,75.0,48.0,1024.0,768.0,1983.0,,0.0
geforce gtx 1060 6 gb gddr5x,1506.0,1709.0,1001.0,6144.0,GDDR5X,192.0,192.2,120.0,48.0,1536.0,1280.0,4375.0,,0.0
geforce gtx 1060 6 gb gp104,1506.0,1708.0,2002.0,6144.0,GDDR5,192.0,192.2,120.0,48.0,1536.0,1280.0,4372.0,,0.0
geforce gtx 1060 6 gb rev 2,1506.0,1709.0,2002.0,6144.0,GDDR5,192.0,192.2,120.0,48.0,1536.0,1280.0,4375.0,,0.0
geforce gtx 1060 8 gb gddr5x,1506.0,1709.0,1001.0,8192.0,GDDR5X,256.0,256.3,120.0,48.0,2048.0,1280.0,4375.0,,0.0
geforce gtx 1070 gddr5x,1506.0,1683.0,1001.0,8192.0,GDDR5X,256.0,256.3,150.0,48.0,2048.0,1920.0,6463.0,,0.0
geforce gtx 1080 ti 10 gb,1582.0,1683.0,1376.0,10240.0,GDDR5X,320.0,440.3,250.0,48.0,2560.0,3200.0,10770.0,,0.0
geforce gtx 1080 ti 12 gb,1557.0,1670.0,1376.0,12288.0,GDDR5X,384.0,528.4,250.0,48.0,2560.0,3200.0,10690.0,,0.0
geforce rtx 2070,1410.0,1620.0,1750.0,8192.0,GDDR6,256.0,448.0,175.0,64.0,4096.0,2304.0,7465.0,41000000.0,288.0
geforce rtx 2080,1515.0,1710.0,1750.0,8192.0,GDDR6,256.0,448.0,215.0,64.0,4096.0,2944.0,10070.0,41000000.0,368.0
geforce rtx 2080,1515.0,1710.0,1750.0,8192.0,GDDR6,256.0,448.0,215.0,64.0,4096.0,3072.0,10510.0,,384.0
geforce rtx 2080 ti,1350.0,1545.0,1750.0,11264.0,GDDR6,352.0,616.0,250.0,64.0,5632.0,4352.0,13450.0,55200000.0,544.0
jetson agx xavier 16 gb,854.0,1377.0,2133.0,16384.0,LPDDR4X,256.0,136.5,30.0,128.0,512.0,512.0,1410.0,,
jetson agx xavier 32 gb,854.0,1377.0,2133.0,32768.0,LPDDR4X,256.0,136.5,30.0,128.0,512.0,512.0,1410.0,,
p102 100,1582.0,1683.0,1376.0,5120.0,GDDR5X,320.0,440.3,250.0,48.0,2560.0,3200.0,10770.0,,
p102 101,1557.0,1670.0,2002.0,10240.0,GDDR5,320.0,320.3,250.0,48.0,2560.0,3200.0,10690.0,,
p104 101,1506.0,1683.0,2002.0,4096.0,GDDR5,256.0,256.3,,48.0,2048.0,2560.0,8617.0,,
quadro gv100,1132.0,1627.0,848.0,32768.0,HBM2,4096.0,868.4,250.0,128.0,6144.0,5120.0,16660.0,,
quadro p3200 max q,1139.0,1404.0,1753.0,6144.0,GDDR5,192.0,168.3,75.0,48.0,1536.0,1792.0,5032.0,,
quadro p3200 mobile,1328.0,1543.0,1752.0,6144.0,GDDR5,192.0,168.2,75.0,48.0,1536.0,1792.0,5530.0,,
quadro p4200 max q,1215.0,1480.0,1753.0,8192.0,GDDR5,256.0,224.4,100.0,48.0,2048.0,2304.0,6820.0,,
quadro p4200 mobile,1418.0,1594.0,1753.0,8192.0,GDDR5,256.0,224.4,100.0,48.0,2048.0,2304.0,7345.0,,
quadro p500 mobile,1455.0,1519.0,1253.0,2048.0,GDDR5,64.0,40.1,18.0,48.0,512.0,256.0,777.7,,
quadro p5200 max q,1316.0,1569.0,1804.0,16384.0,GDDR5,256.0,230.9,100.0,48.0,2048.0,2560.0,8032.999999999999,,
quadro p5200 mobile,1582.0,1759.0,1804.0,16384.0,GDDR5,256.0,230.9,100.0,48.0,2048.0,2560.0,9006.0,,
quadro p620,1266.0,1354.0,1252.0,2048.0,GDDR5,128.0,80.13,40.0,48.0,1024.0,512.0,1386.5,,
quadro p620 mobile,1177.0,1443.0,1502.0,4096.0,GDDR5,128.0,96.13,40.0,48.0,1024.0,512.0,1477.6,,
quadro rtx 4000,1005.0,1545.0,1625.0,8192.0,GDDR6,256.0,416.0,160.0,64.0,4096.0,2304.0,7119.0,,288.0
quadro rtx 5000,1620.0,1815.0,1750.0,16384.0,GDDR6,256.0,448.0,230.0,64.0,4096.0,3072.0,11150.0,,384.0
quadro rtx 6000,1440.0,1770.0,1750.0,24576.0,GDDR6,384.0,672.0,260.0,64.0,6144.0,4608.0,16309.999999999998,,576.0
quadro rtx 6000 passive,1305.0,1560.0,1750.0,24576.0,GDDR6,384.0,672.0,260.0,64.0,6144.0,4608.0,14380.0,,576.0
quadro rtx 8000,1395.0,1770.0,1750.0,49152.0,GDDR6,384.0,672.0,260.0,64.0,6144.0,4608.0,16309.999999999998,,576.0
quadro rtx 8000 passive,1230.0,1620.0,1625.0,49152.0,GDDR6,384.0,624.0,260.0,64.0,6144.0,4608.0,14930.0,,576.0
tesla t4,585.0,1590.0,1250.0,16384.0,GDDR6,256.0,320.0,70.0,64.0,4096.0,2560.0,8141.0,,
tesla t4g,585.0,1590.0,1250.0,16384.0,GDDR6,256.0,320.0,70.0,64.0,4096.0,2560.0,8141.0,,
tesla v100 dgxs 16 gb,1354.0,1582.0,876.0,16384.0,HBM2,4096.0,897.0,250.0,128.0,6144.0,5120.0,16200.0,,
tesla v100 dgxs 32 gb,1297.0,1530.0,876.0,32768.0,HBM2,4096.0,897.0,250.0,128.0,6144.0,5120.0,15670.0,,
tesla v100 fhhl,937.0,1290.0,808.0,16384.0,HBM2,4096.0,827.4,250.0,128.0,6144.0,5120.0,13210.0,,
tesla v100 pcie 32 gb,1230.0,1380.0,876.0,32768.0,HBM2,4096.0,897.0,250.0,128.0,6144.0,5120.0,14130.0,,
tesla v100 sxm2 32 gb,1290.0,1530.0,877.0,32768.0,HBM2,4096.0,898.0,250.0,128.0,6144.0,5120.0,15670.0,,
tesla v100 sxm3 32 gb,1380.0,1597.0,958.0,32768.0,HBM2,4096.0,981.0,250.0,128.0,6144.0,5120.0,16350.000000000002,,
titan rtx,1350.0,1770.0,1750.0,24576.0,GDDR6,384.0,672.0,280.0,64.0,6144.0,4608.0,16309.999999999998,,576.0
titan v ceo edition,1200.0,1455.0,848.0,32768.0,HBM2,4096.0,868.4,250.0,128.0,6144.0,5120.0,14900.0,,
geforce gtx 1050 mobile 3 gb,1366.0,1442.0,1752.0,3072.0,GDDR5,96.0,84.1,75.0,48.0,768.0,768.0,2215.0,,0.0
geforce gtx 1650,1485.0,1665.0,2001.0,4096.0,GDDR5,128.0,128.1,75.0,64.0,1024.0,896.0,2984.0,,0.0
geforce gtx 1650 max q,1020.0,1245.0,1751.0,4096.0,GDDR5,128.0,112.1,50.0,64.0,1024.0,1024.0,2550.0,,0.0
geforce gtx 1650 mobile,1395.0,1560.0,2001.0,4096.0,GDDR5,128.0,128.1,50.0,64.0,1024.0,1024.0,3195.0,,0.0
geforce gtx 1650 super,1530.0,1725.0,1500.0,4096.0,GDDR6,128.0,192.0,100.0,64.0,1024.0,1280.0,4416.0,,0.0
geforce gtx 1660,1530.0,1785.0,2001.0,6144.0,GDDR5,192.0,192.1,120.0,64.0,1536.0,1408.0,5027.0,24000000.0,0.0
geforce gtx 1660 super,1530.0,1785.0,1750.0,6144.0,GDDR6,192.0,336.0,125.0,64.0,1536.0,1408.0,5027.0,29300000.0,0.0
geforce gtx 1660 ti,1500.0,1770.0,1500.0,6144.0,GDDR6,192.0,288.0,120.0,64.0,1536.0,1536.0,5437.0,28000000.0,0.0
geforce gtx 1660 ti max q,1140.0,1335.0,1500.0,6144.0,GDDR6,192.0,288.0,,64.0,1536.0,1536.0,4101.0,,0.0
geforce gtx 1660 ti mobile,1455.0,1590.0,1500.0,6144.0,GDDR6,192.0,288.0,,64.0,1536.0,1536.0,4884.0,,0.0
geforce mx150 gp107,1469.0,1532.0,1502.0,2048.0,GDDR5,64.0,48.06,25.0,48.0,512.0,384.0,1176.6,,0.0
geforce mx230,1519.0,1531.0,1502.0,2048.0,GDDR5,64.0,48.06,10.0,48.0,512.0,256.0,783.9,,0.0
geforce mx250,937.0,1038.0,1502.0,2048.0,GDDR5,64.0,48.06,10.0,48.0,512.0,384.0,797.2,,0.0
geforce mx250,1519.0,1582.0,1502.0,2048.0,GDDR5,64.0,48.06,25.0,48.0,512.0,384.0,1215.0,,0.0
geforce rtx 2060,1365.0,1680.0,1750.0,6144.0,GDDR6,192.0,336.0,160.0,64.0,3072.0,1920.0,6451.0,31000000.0,240.0
geforce rtx 2060 max q refresh,960.0,1200.0,1353.0,6144.0,GDDR6,192.0,259.8,115.0,64.0,3072.0,1920.0,4608.0,,240.0
geforce rtx 2060 mobile,960.0,1200.0,1750.0,6144.0,GDDR6,192.0,336.0,115.0,64.0,3072.0,1920.0,4608.0,,240.0
geforce rtx 2060 mobile refresh,1005.0,1560.0,1375.0,6144.0,GDDR6,192.0,264.0,65.0,64.0,3072.0,1920.0,5990.0,,240.0
geforce rtx 2060 super,1470.0,1650.0,1750.0,8192.0,GDDR6,256.0,448.0,175.0,64.0,4096.0,2176.0,7181.0,41000000.0,272.0
geforce rtx 2060 super mobile,1470.0,1530.0,1750.0,8192.0,GDDR6,256.0,448.0,175.0,64.0,4096.0,2176.0,6659.0,,272.0
geforce rtx 2070 max q,885.0,1185.0,1500.0,8192.0,GDDR6,256.0,384.0,90.0,64.0,4096.0,2304.0,5460.0,,288.0
geforce rtx 2070 mobile,1215.0,1440.0,1750.0,8192.0,GDDR6,256.0,448.0,115.0,64.0,4096.0,2304.0,6636.0,,288.0
geforce rtx 2070 super,1605.0,1770.0,1750.0,8192.0,GDDR6,256.0,448.0,215.0,64.0,4096.0,2560.0,9062.0,41000000.0,320.0
geforce rtx 2080 max q,735.0,1095.0,1500.0,8192.0,GDDR6,256.0,384.0,80.0,64.0,4096.0,2944.0,6447.0,,368.0
geforce rtx 2080 mobile,1380.0,1590.0,1750.0,8192.0,GDDR6,256.0,448.0,150.0,64.0,4096.0,2944.0,9362.0,,368.0
geforce rtx 2080 super,1650.0,1815.0,1937.0,8192.0,GDDR6,256.0,495.9,250.0,64.0,4096.0,3072.0,11150.0,44000000.0,384.0
geforce rtx 2080 ti 12 gb,1350.0,1635.0,2000.0,12288.0,GDDR6,384.0,768.0,250.0,64.0,6144.0,4608.0,15070.0,,576.0
jetson nano,640.0,921.0,1600.0,4096.0,LPDDR4,64.0,25.6,10.0,48.0,256.0,128.0,235.8,,
p106m,1291.0,1291.0,1502.0,4096.0,GDDR5,128.0,96.13,75.0,48.0,1280.0,1152.0,2974.0,,
quadro p2000 mobile,1291.0,1291.0,1502.0,3840.0,GDDR5,128.0,96.13,75.0,48.0,1280.0,1152.0,2974.0,,
quadro p2200,1000.0,1493.0,1251.0,5120.0,GDDR5X,160.0,200.2,75.0,48.0,1280.0,1280.0,3822.0,,
quadro p520 max q,1303.0,1493.0,1375.0,4096.0,GDDR5,64.0,44.0,18.0,48.0,512.0,384.0,1146.6,,
quadro p520 mobile,1303.0,1493.0,1502.0,2048.0,GDDR5,64.0,48.06,18.0,48.0,512.0,384.0,1146.6,,
quadro rtx 3000 max q,600.0,1215.0,1500.0,6144.0,GDDR6,192.0,288.0,60.0,64.0,3072.0,1920.0,4666.0,,240.0
quadro rtx 3000 mobile,945.0,1380.0,1750.0,6144.0,GDDR6,192.0,336.0,80.0,64.0,3072.0,1920.0,5299.0,,240.0
quadro rtx 3000 mobile refresh,945.0,1380.0,1750.0,6144.0,GDDR6,192.0,336.0,80.0,64.0,4096.0,1920.0,5299.0,,240.0
quadro rtx 3000 x2 mobile,945.0,1380.0,1750.0,6144.0,GDDR6,192.0,336.0,160.0,64.0,4096.0,1920.0,5299.0,,240.0
quadro rtx 4000 max q,780.0,1380.0,1500.0,8192.0,GDDR6,256.0,384.0,80.0,64.0,4096.0,2560.0,7066.0,,320.0
quadro rtx 4000 mobile,1110.0,1560.0,1750.0,8192.0,GDDR6,256.0,448.0,110.0,64.0,4096.0,2560.0,7987.0,,320.0
quadro rtx 5000 max q,600.0,1350.0,1500.0,16384.0,GDDR6,256.0,384.0,80.0,64.0,4096.0,3072.0,8294.0,,384.0
quadro rtx 5000 mobile,1035.0,1530.0,1750.0,16384.0,GDDR6,256.0,448.0,110.0,64.0,4096.0,3072.0,9400.0,,384.0
quadro rtx 6000 mobile,1275.0,1455.0,1750.0,24576.0,GDDR6,384.0,672.0,,64.0,6144.0,4608.0,13410.0,,576.0
quadro t1000 max q,765.0,1350.0,1250.0,4096.0,GDDR5,128.0,80.0,50.0,64.0,1024.0,896.0,2419.0,,
quadro t1000 mobile,1395.0,1455.0,2001.0,4096.0,GDDR5,128.0,128.1,50.0,64.0,1024.0,896.0,2607.0,,
quadro t2000 max q,1035.0,1395.0,1250.0,4096.0,GDDR5,128.0,80.0,40.0,64.0,1024.0,1024.0,2857.0,,
quadro t2000 mobile,1575.0,1785.0,2001.0,4096.0,GDDR5,128.0,128.1,60.0,64.0,1024.0,1024.0,3656.0,,
switch gpu 16nm,384.0,768.0,1600.0,4096.0,DDR4,64.0,25.6,15.0,,,256.0,393.2,,
tesla pg500 216,1260.0,1380.0,1106.0,32768.0,HBM2,4096.0,1157.12,250.0,128.0,6144.0,5120.0,14130.0,,
tesla pg503 216,1312.0,1530.0,1106.0,32768.0,HBM2,4096.0,1157.12,250.0,128.0,6144.0,4608.0,14100.0,,
tesla v100 sxm2 16 gb,1245.0,1597.0,1106.0,16384.0,HBM2,4096.0,1157.12,250.0,128.0,6144.0,5120.0,16350.000000000002,,
tesla v100s pcie 32 gb,1245.0,1597.0,1107.0,32768.0,HBM2,4096.0,1157.12,250.0,128.0,6144.0,5120.0,16350.000000000002,,
a100 pcie 40 gb,765.0,1410.0,1215.0,40960.0,HBM2e,5120.0,1597.44,250.0,192.0,40960.0,6912.0,19490.0,,
a100 sxm4 40 gb,1095.0,1410.0,1215.0,40960.0,HBM2e,5120.0,1597.44,400.0,192.0,40960.0,6912.0,19490.0,,
a100 sxm4 80 gb,1275.0,1410.0,1593.0,81920.0,HBM2e,5120.0,2088.96,400.0,192.0,40960.0,6912.0,19490.0,,
a40 pcie,1305.0,1740.0,1812.0,49152.0,GDDR6,384.0,695.8,300.0,128.0,6144.0,10752.0,37420.0,,
cmp 100hx 210,555.0,1147.0,810.0,16384.0,HBM2,4096.0,829.4,250.0,96.0,6144.0,5120.0,11750.0,,
drive a100 prod,1065.0,1410.0,1215.0,32768.0,HBM2e,6144.0,1914.88,400.0,192.0,32768.0,6912.0,19490.0,,
geforce gtx 1650 gddr6,1410.0,1590.0,1500.0,4096.0,GDDR6,128.0,192.0,75.0,64.0,1024.0,896.0,2849.0,,0.0
geforce gtx 1650 max q,930.0,1125.0,1250.0,4096.0,GDDR6,128.0,160.0,30.0,64.0,1024.0,1024.0,2304.0,,0.0
geforce gtx 1650 mobile,1380.0,1515.0,1500.0,4096.0,GDDR6,128.0,192.0,50.0,64.0,1024.0,1024.0,3103.0,,0.0
geforce gtx 1650 ti max q,1035.0,1200.0,1250.0,4096.0,GDDR6,128.0,160.0,50.0,64.0,1024.0,1024.0,2458.0,,0.0
geforce gtx 1650 ti mobile,1350.0,1485.0,1500.0,4096.0,GDDR6,128.0,192.0,50.0,64.0,1024.0,1024.0,3041.0,,0.0
geforce gtx 1650 ti mobile,1350.0,1485.0,1500.0,4096.0,GDDR6,128.0,192.0,50.0,64.0,1024.0,1024.0,3041.0,,0.0
geforce gtx 1650 tu106,1410.0,1590.0,1500.0,4096.0,GDDR6,128.0,192.0,90.0,64.0,1024.0,896.0,2849.0,,0.0
geforce gtx 1650 tu116,1410.0,1590.0,1500.0,4096.0,GDDR6,128.0,192.0,80.0,64.0,1024.0,896.0,2849.0,,0.0
geforce mx330,1531.0,1594.0,1752.0,2048.0,GDDR5,64.0,56.06,10.0,48.0,512.0,384.0,1224.2,,0.0
geforce mx350,747.0,937.0,1752.0,2048.0,GDDR5,64.0,56.06,20.0,48.0,512.0,640.0,1199.4,,0.0
geforce mx350,1354.0,1468.0,1752.0,2048.0,GDDR5,64.0,56.06,20.0,48.0,512.0,640.0,1879.0,,0.0
geforce mx450 12w,720.0,930.0,1250.0,2048.0,GDDR6,64.0,80.0,12.0,64.0,512.0,896.0,1667.0,,0.0
geforce mx450 30 5w 10gbps,1395.0,1575.0,1250.0,2048.0,GDDR6,64.0,80.0,31.0,64.0,512.0,896.0,2822.0,,0.0
geforce mx450 30 5w 8gbps,1035.0,1275.0,2000.0,2048.0,GDDR5,64.0,64.0,31.0,64.0,512.0,896.0,2285.0,,0.0
geforce rtx 2060 max q,975.0,1185.0,1375.0,6144.0,GDDR6,192.0,264.0,65.0,64.0,3072.0,1920.0,4550.0,,240.0
geforce rtx 2060 tu104,1365.0,1680.0,1750.0,6144.0,GDDR6,192.0,336.0,160.0,64.0,3072.0,1920.0,6451.0,,240.0
geforce rtx 2070 max q refresh,900.0,1125.0,1375.0,8192.0,GDDR6,256.0,352.0,115.0,64.0,4096.0,2304.0,5184.0,,288.0
geforce rtx 2070 mobile refresh,1260.0,1455.0,1375.0,8192.0,GDDR6,256.0,352.0,115.0,64.0,4096.0,2304.0,6705.0,,288.0
geforce rtx 2070 super max q,930.0,1155.0,1375.0,8192.0,GDDR6,256.0,352.0,80.0,64.0,4096.0,2560.0,5914.0,,320.0
geforce rtx 2070 super mobile,1140.0,1380.0,1750.0,8192.0,GDDR6,256.0,448.0,115.0,64.0,4096.0,2560.0,7066.0,,320.0
geforce rtx 2080 super max q,735.0,975.0,1375.0,8192.0,GDDR6,256.0,352.0,80.0,64.0,4096.0,3072.0,5990.0,,384.0
geforce rtx 2080 super mobile,1365.0,1560.0,1750.0,8192.0,GDDR6,256.0,448.0,150.0,64.0,4096.0,3072.0,9585.0,,384.0
geforce rtx 3060 ti,1410.0,1665.0,1750.0,8192.0,GDDR6,256.0,448.0,200.0,128.0,4096.0,4864.0,16200.0,60000000.0,152.0
geforce rtx 3070,1500.0,1725.0,1750.0,8192.0,GDDR6,256.0,448.0,220.0,128.0,4096.0,5888.0,20310.0,60000000.0,184.0
geforce rtx 3080,1440.0,1710.0,1188.0,10240.0,GDDR6X,320.0,760.3,320.0,128.0,5120.0,8704.0,29770.0,98000000.0,272.0
geforce rtx 3090,1395.0,1695.0,1219.0,24576.0,GDDR6X,384.0,936.2,350.0,128.0,6144.0,10496.0,35580.0,119000000.0,328.0
grid a100a,900.0,1005.0,1215.0,32768.0,HBM2e,6144.0,1914.88,400.0,192.0,32768.0,6912.0,13890.0,,
grid a100b,900.0,1005.0,1215.0,49152.0,HBM2e,6144.0,1914.88,400.0,192.0,49152.0,6912.0,13890.0,,
grid rtx t10 2,1065.0,1395.0,1750.0,2048.0,GDDR6,384.0,672.0,150.0,64.0,6144.0,3584.0,9999.0,,448.0
grid rtx t10 4,1065.0,1395.0,1750.0,4096.0,GDDR6,384.0,672.0,150.0,64.0,6144.0,3584.0,9999.0,,448.0
jetson xavier nx 16 gb,854.0,1100.0,1866.0,16384.0,LPDDR4X,128.0,59.71,20.0,128.0,256.0,384.0,844.8,,
jetson xavier nx 8 gb,854.0,1100.0,1866.0,8192.0,LPDDR4X,128.0,59.71,15.0,128.0,256.0,384.0,844.8,,
quadro rtx 5000 mobile refresh,1035.0,1530.0,1750.0,16384.0,GDDR6,256.0,448.0,110.0,64.0,4096.0,3072.0,9400.0,,384.0
quadro rtx 5000 x2 mobile,1035.0,1530.0,1750.0,16384.0,GDDR6,256.0,448.0,110.0,64.0,4096.0,3072.0,9400.0,,384.0
quadro t1000 mobile gddr6,1395.0,1650.0,1500.0,4096.0,GDDR6,128.0,192.0,50.0,64.0,1024.0,896.0,2957.0,,
rtx a6000,1410.0,1800.0,2000.0,49152.0,GDDR6,384.0,768.0,300.0,128.0,6144.0,10752.0,38710.0,,336.0
t500 max q,795.0,1425.0,1250.0,4096.0,GDDR6,64.0,80.0,18.0,64.0,1024.0,896.0,2554.0,,
t500 mobile,1185.0,1560.0,1250.0,4096.0,GDDR6,64.0,80.0,18.0,64.0,1024.0,896.0,2796.0,,
tesla t10 16 gb,1065.0,1395.0,1575.0,16384.0,GDDR6,256.0,403.2,150.0,64.0,6144.0,3584.0,9999.0,,
a10 pcie,885.0,1695.0,1563.0,24576.0,GDDR6,384.0,600.2,150.0,128.0,6144.0,9216.0,31240.0,,
a100 pcie 80 gb,1065.0,1410.0,1512.0,81920.0,HBM2e,5120.0,1986.56,300.0,192.0,81920.0,6912.0,19490.0,,
a100x,795.0,1440.0,1593.0,81920.0,HBM2e,5120.0,2088.96,300.0,192.0,81920.0,6912.0,19910.0,,
a10g,1320.0,1710.0,1563.0,24576.0,GDDR6,384.0,600.2,150.0,128.0,6144.0,9216.0,31520.0,,
a16 pcie,1312.0,1755.0,1563.0,16384.0,GDDR6,128.0,200.1,250.0,128.0,2048.0,1280.0,4493.0,,
a2,1440.0,1770.0,1563.0,16384.0,GDDR6,128.0,200.1,60.0,128.0,2048.0,1280.0,4531.0,,
a2 pcie,1440.0,1770.0,1563.0,16384.0,GDDR6,128.0,200.1,60.0,128.0,2048.0,1280.0,4531.0,,
a30 pcie,930.0,1440.0,1215.0,24576.0,HBM2e,3072.0,933.1,165.0,192.0,24576.0,3584.0,10320.0,,
a30x,1035.0,1440.0,1593.0,24576.0,HBM2e,3072.0,1249.28,230.0,192.0,24576.0,3584.0,10320.0,,
cmp 170hx 10 gb,1140.0,1410.0,1215.0,10240.0,HBM2e,5120.0,1597.44,250.0,192.0,10240.0,4480.0,12630.0,,
cmp 170hx 8 gb,1140.0,1410.0,1458.0,8192.0,HBM2e,4096.0,1525.76,250.0,192.0,8192.0,4480.0,12630.0,,
cmp 30hx,1530.0,1785.0,1750.0,6144.0,GDDR6,192.0,336.0,125.0,64.0,1536.0,1408.0,5027.0,,
cmp 40hx,1470.0,1650.0,1750.0,8192.0,GDDR6,256.0,448.0,185.0,64.0,4096.0,2304.0,7603.0,,
cmp 50hx,1350.0,1545.0,1750.0,10240.0,GDDR6,320.0,560.0,250.0,64.0,5120.0,3584.0,11070.0,,
cmp 70hx,1365.0,1395.0,1188.0,8192.0,GDDR6X,256.0,608.3,,128.0,4096.0,3840.0,10710.0,,
cmp 90hx,1500.0,1710.0,1188.0,10240.0,GDDR6X,320.0,760.3,320.0,128.0,5120.0,6400.0,21890.0,,
geforce gt 1010,1228.0,1468.0,1502.0,2048.0,GDDR5,64.0,48.06,30.0,16.0,256.0,256.0,751.6,,0.0
geforce gt 1010 ddr4,1152.0,1380.0,1050.0,2048.0,DDR4,64.0,16.8,20.0,16.0,256.0,256.0,706.6,,0.0
geforce mx550,1065.0,1320.0,1500.0,2048.0,GDDR6,64.0,96.0,25.0,128.0,2048.0,1024.0,2703.0,,0.0
geforce mx570,832.0,1155.0,1500.0,2048.0,GDDR6,64.0,96.0,15.0,128.0,2048.0,2048.0,4731.0,,64.0
geforce mx570 a,832.0,1155.0,1500.0,2048.0,GDDR6,64.0,96.0,25.0,128.0,2048.0,2048.0,4731.0,,64.0
geforce rtx 2050 max q,832.0,1155.0,1475.0,4096.0,GDDR6,64.0,94.4,30.0,64.0,2048.0,2048.0,4731.0,,64.0
geforce rtx 2050 mobile,735.0,1245.0,1750.0,4096.0,GDDR6,64.0,112.0,30.0,64.0,2048.0,2048.0,5100.0,,64.0
geforce rtx 2060 12 gb,1470.0,1650.0,1750.0,12288.0,GDDR6,192.0,336.0,184.0,64.0,3072.0,2176.0,7181.0,,272.0
geforce rtx 3050 max q,712.0,1057.0,1375.0,4096.0,GDDR6,128.0,176.0,35.0,128.0,2048.0,2048.0,4329.0,,64.0
geforce rtx 3050 mobile,1065.0,1343.0,1500.0,4096.0,GDDR6,128.0,192.0,45.0,128.0,2048.0,2048.0,5501.0,,64.0
geforce rtx 3050 ti max q,735.0,1035.0,1375.0,4096.0,GDDR6,128.0,176.0,75.0,128.0,2048.0,2560.0,5299.0,,80.0
geforce rtx 3050 ti mobile,735.0,1035.0,1500.0,4096.0,GDDR6,128.0,192.0,75.0,128.0,2048.0,2560.0,5299.0,,80.0
geforce rtx 3050 ti mobile,735.0,1035.0,1500.0,4096.0,GDDR6,128.0,192.0,75.0,128.0,2048.0,2560.0,5299.0,,80.0
geforce rtx 3060 12 gb,1320.0,1777.0,1875.0,12288.0,GDDR6,192.0,360.0,170.0,128.0,3072.0,3584.0,12740.0,,112.0
geforce rtx 3060 12 gb ga104,1320.0,1777.0,1875.0,12288.0,GDDR6,192.0,360.0,170.0,128.0,3072.0,3584.0,12740.0,,112.0
geforce rtx 3060 3840sp,1627.0,1852.0,1750.0,6144.0,GDDR6,192.0,336.0,185.0,128.0,3072.0,3840.0,14220.0,,120.0
geforce rtx 3060 max q,817.0,1282.0,1500.0,6144.0,GDDR6,192.0,288.0,60.0,128.0,3072.0,3840.0,9846.0,,120.0
geforce rtx 3060 mobile,900.0,1425.0,1750.0,6144.0,GDDR6,192.0,336.0,80.0,128.0,3072.0,3840.0,10940.0,,120.0
geforce rtx 3070 6144sp,1740.0,1770.0,1750.0,8192.0,GDDR6,256.0,448.0,290.0,128.0,4096.0,6144.0,21750.0,,192.0
geforce rtx 3070 max q,780.0,1290.0,1500.0,8192.0,GDDR6,256.0,384.0,80.0,128.0,4096.0,5120.0,13210.0,,160.0
geforce rtx 3070 mobile,1110.0,1560.0,1750.0,8192.0,GDDR6,256.0,448.0,115.0,128.0,4096.0,5120.0,15970.0,,160.0
geforce rtx 3070 ti,1575.0,1770.0,1188.0,8192.0,GDDR6X,256.0,608.3,290.0,128.0,4096.0,6144.0,21750.0,80000000.0,192.0
geforce rtx 3080 max q,780.0,1245.0,1500.0,8192.0,GDDR6,256.0,384.0,80.0,128.0,4096.0,6144.0,15300.0,,192.0
geforce rtx 3080 mobile,1110.0,1545.0,1750.0,8192.0,GDDR6,256.0,448.0,115.0,128.0,4096.0,6144.0,18980.0,,192.0
geforce rtx 3080 ti,1365.0,1665.0,1188.0,12288.0,GDDR6X,384.0,912.4,350.0,128.0,6144.0,10240.0,34100.0,117000000.0,320.0
pg506 207,930.0,1440.0,1215.0,24576.0,HBM2,3072.0,933.1,165.0,192.0,24576.0,3584.0,10320.0,,
pg506 217,930.0,1440.0,1215.0,24576.0,HBM2,3072.0,933.1,165.0,192.0,24576.0,3584.0,10320.0,,
pg506 232,930.0,1440.0,1215.0,24576.0,HBM2,3072.0,933.1,165.0,192.0,24576.0,3584.0,10320.0,,
pg506 242,930.0,1440.0,1215.0,24576.0,HBM2,3072.0,933.1,165.0,192.0,24576.0,3584.0,10320.0,,
quadro t1200 max q,855.0,1425.0,1250.0,4096.0,GDDR6,128.0,160.0,18.0,64.0,1024.0,1024.0,2918.0,,
quadro t1200 mobile,1515.0,1785.0,1500.0,4096.0,GDDR6,128.0,192.0,18.0,64.0,1024.0,1024.0,3656.0,,
rtx a2000,562.0,1200.0,1500.0,6144.0,GDDR6,192.0,288.0,70.0,128.0,3072.0,3328.0,7987.0,,104.0
rtx a2000 12 gb,562.0,1200.0,1500.0,12288.0,GDDR6,192.0,288.0,70.0,128.0,3072.0,3328.0,7987.0,39000000.0,104.0
rtx a2000 max q,682.0,1207.0,1375.0,4096.0,GDDR6,128.0,176.0,95.0,128.0,2048.0,2560.0,6180.0,,80.0
rtx a2000 max q 8 gb,607.0,1177.0,1375.0,8192.0,GDDR6,128.0,176.0,95.0,128.0,2048.0,2560.0,6026.0,,80.0
rtx a2000 mobile,1215.0,1687.0,1500.0,4096.0,GDDR6,128.0,192.0,95.0,128.0,2048.0,2560.0,8637.0,,80.0
rtx a2000 mobile 8 gb,1117.0,1612.0,1750.0,8192.0,GDDR6,128.0,224.0,95.0,128.0,2048.0,2560.0,8253.0,,80.0
rtx a3000 mobile,600.0,1230.0,1375.0,6144.0,GDDR6,192.0,264.0,70.0,128.0,4096.0,4096.0,10080.0,,128.0
rtx a3000 mobile 12 gb,495.0,1170.0,1750.0,12288.0,GDDR6,192.0,336.0,70.0,128.0,4096.0,4096.0,9585.0,,128.0
rtx a4 mobile,1297.0,1770.0,1750.0,4096.0,GDDR6,128.0,224.0,,128.0,2048.0,2048.0,7250.0,,64.0
rtx a4000,735.0,1560.0,1750.0,16384.0,GDDR6,256.0,448.0,140.0,128.0,4096.0,6144.0,19170.0,59000000.0,192.0
rtx a4000 max q,780.0,1395.0,1375.0,8192.0,GDDR6,256.0,352.0,80.0,128.0,4096.0,5120.0,14280.0,,160.0
rtx a4000 mobile,1140.0,1680.0,1500.0,8192.0,GDDR6,256.0,384.0,115.0,128.0,4096.0,5120.0,17200.0,,160.0
rtx a4000h,735.0,1560.0,1750.0,16384.0,GDDR6,256.0,448.0,140.0,128.0,4096.0,6144.0,19170.0,,192.0
rtx a4500,1050.0,1650.0,2000.0,20480.0,GDDR6,320.0,640.0,200.0,128.0,6144.0,7168.0,23650.0,87000000.0,224.0
rtx a500,1440.0,1770.0,1750.0,4096.0,GDDR6,64.0,112.0,60.0,128.0,2048.0,2048.0,7250.0,,64.0
rtx a5000,1170.0,1695.0,2000.0,24576.0,GDDR6,384.0,768.0,230.0,128.0,6144.0,8192.0,27770.0,99000000.0,256.0
rtx a5000 max q,720.0,1350.0,1500.0,16384.0,GDDR6,256.0,384.0,80.0,128.0,4096.0,6144.0,16590.0,,192.0
rtx a5000 mobile,900.0,1575.0,1750.0,16384.0,GDDR6,256.0,448.0,150.0,128.0,4096.0,6144.0,19350.0,,192.0
rtx a5000 12q,1170.0,1695.0,2000.0,12288.0,GDDR6,384.0,768.0,230.0,128.0,6144.0,8192.0,27770.0,,256.0
rtx a5000 8q,1170.0,1695.0,2000.0,8192.0,GDDR6,384.0,768.0,230.0,128.0,6144.0,8192.0,27770.0,,256.0
t1000,1065.0,1395.0,1250.0,4096.0,GDDR6,128.0,160.0,50.0,64.0,1024.0,896.0,2500.0,,
t1000 8 gb,1065.0,1395.0,1250.0,8192.0,GDDR6,128.0,160.0,50.0,64.0,1024.0,896.0,2500.0,,
t400,420.0,1425.0,1250.0,2048.0,GDDR6,64.0,80.0,30.0,64.0,1024.0,384.0,1094.4,,
t400 4 gb,420.0,1425.0,1250.0,4096.0,GDDR6,64.0,80.0,30.0,64.0,1024.0,384.0,1094.4,,
t600,735.0,1335.0,1250.0,4096.0,GDDR6,128.0,160.0,40.0,64.0,1024.0,640.0,1709.0,,
t600 max q,930.0,1395.0,1250.0,4096.0,GDDR6,128.0,160.0,40.0,64.0,1024.0,896.0,2500.0,,
t600 mobile,780.0,1410.0,1500.0,4096.0,GDDR6,128.0,192.0,40.0,64.0,1024.0,896.0,2527.0,,
a10m,975.0,1635.0,1563.0,20480.0,GDDR6,320.0,500.2,150.0,128.0,6144.0,7168.0,23440.0,,
a800 pcie 40 gb,765.0,1410.0,1215.0,40960.0,HBM2e,5120.0,1597.44,250.0,192.0,40960.0,6912.0,19490.0,,
a800 pcie 80 gb,1065.0,1410.0,1512.0,81920.0,HBM2e,5120.0,1986.56,250.0,192.0,81920.0,6912.0,19490.0,,
a800 sxm4 80 gb,1155.0,1410.0,1593.0,81920.0,HBM2e,5120.0,2088.96,400.0,192.0,40960.0,6912.0,19490.0,,
geforce gtx 1630,1740.0,1785.0,1500.0,4096.0,GDDR6,64.0,96.0,75.0,64.0,1024.0,512.0,1828.0,,0.0
geforce rtx 3050,1545.0,1740.0,1500.0,4096.0,GDDR6,128.0,192.0,90.0,128.0,2048.0,2048.0,7127.0,26500000.0,64.0
geforce rtx 3050 8 gb,1552.0,1777.0,1750.0,8192.0,GDDR6,128.0,224.0,130.0,128.0,2048.0,2560.0,9098.0,,80.0
geforce rtx 3050 8 gb ga107,1552.0,1777.0,1750.0,8192.0,GDDR6,128.0,224.0,115.0,128.0,2048.0,2560.0,9098.0,,80.0
geforce rtx 3050 max q refresh 4 gb,757.0,1125.0,1375.0,4096.0,GDDR6,128.0,176.0,35.0,128.0,2048.0,2048.0,4608.0,,64.0
geforce rtx 3050 max q refresh 6 gb,622.0,990.0,1375.0,6144.0,GDDR6,96.0,132.0,35.0,128.0,2048.0,2560.0,5069.0,,80.0
geforce rtx 3050 mobile refresh 4 gb,652.0,1207.0,1750.0,4096.0,GDDR6,128.0,224.0,45.0,128.0,2048.0,2560.0,6180.0,,80.0
geforce rtx 3050 mobile refresh 6 gb,1237.0,1492.0,1750.0,6144.0,GDDR6,96.0,168.0,75.0,128.0,2048.0,2560.0,7639.0,,80.0
geforce rtx 3050 oem,1515.0,1755.0,1750.0,8192.0,GDDR6,128.0,224.0,130.0,128.0,2048.0,2304.0,8087.0,,72.0
geforce rtx 3060,1320.0,1777.0,1875.0,8192.0,GDDR6,128.0,240.0,170.0,128.0,3072.0,3584.0,12740.0,41000000.0,112.0
geforce rtx 3060 8 gb ga104,1320.0,1777.0,1875.0,8192.0,GDDR6,128.0,240.0,195.0,128.0,3072.0,3584.0,12740.0,,112.0
geforce rtx 3060 ti ga103,1410.0,1665.0,1750.0,8192.0,GDDR6,256.0,448.0,200.0,128.0,4096.0,4864.0,16200.0,,152.0
geforce rtx 3060 ti gddr6x,1410.0,1665.0,1188.0,8192.0,GDDR6X,256.0,608.3,225.0,128.0,4096.0,4864.0,16200.0,,152.0
geforce rtx 3070 ti 16 gb,1575.0,1770.0,1188.0,16384.0,GDDR6X,256.0,608.3,290.0,128.0,4096.0,6144.0,21750.0,,192.0
geforce rtx 3070 ti 8 gb ga102,1575.0,1770.0,1188.0,8192.0,GDDR6X,256.0,608.3,290.0,128.0,4096.0,6144.0,21750.0,,192.0
geforce rtx 3070 ti max q,510.0,1035.0,1500.0,8192.0,GDDR6,256.0,384.0,80.0,128.0,4096.0,5888.0,12190.0,,184.0
geforce rtx 3070 ti mobile,915.0,1410.0,1750.0,8192.0,GDDR6,256.0,448.0,115.0,128.0,4096.0,5888.0,16600.0,,184.0
geforce rtx 3070 tim,915.0,1410.0,1750.0,8192.0,GDDR6,256.0,448.0,220.0,128.0,4096.0,5888.0,16600.0,,184.0
geforce rtx 3080 12 gb,1260.0,1710.0,1188.0,12288.0,GDDR6X,384.0,912.4,350.0,128.0,6144.0,8960.0,30640.0,101500000.0,280.0
geforce rtx 3080 ti 20 gb,1335.0,1665.0,1188.0,20480.0,GDDR6X,320.0,760.3,350.0,128.0,6144.0,10240.0,34100.0,,320.0
geforce rtx 3080 ti max q,585.0,1125.0,1500.0,16384.0,GDDR6,256.0,384.0,80.0,128.0,4096.0,7424.0,16700.0,,232.0
geforce rtx 3080 ti mobile,810.0,1260.0,2000.0,16384.0,GDDR6,256.0,512.0,115.0,128.0,4096.0,7424.0,18710.0,,232.0
geforce rtx 3090 ti,1560.0,1860.0,1313.0,24576.0,GDDR6X,384.0,1034.24,450.0,128.0,6144.0,10752.0,40000.0,128000000.0,336.0
geforce rtx 4080,2205.0,2505.0,1400.0,16384.0,GDDR6X,256.0,716.8,320.0,128.0,65536.0,9728.0,48740.0,87000000.0,304.0
geforce rtx 4080 12 gb,2310.0,2610.0,1313.0,12288.0,GDDR6X,192.0,504.2,285.0,128.0,49152.0,7680.0,40090.0,,240.0
geforce rtx 4090,2235.0,2520.0,1313.0,24576.0,GDDR6X,384.0,1034.24,450.0,128.0,73728.0,16384.0,82580.0,127000000.0,512.0
h100 pcie 80 gb,1095.0,1755.0,1593.0,81920.0,HBM2e,5120.0,2088.96,350.0,256.0,51200.0,14592.0,51220.0,,
h100 sxm5 80 gb,1590.0,1980.0,1313.0,81920.0,HBM3,5120.0,3440.64,700.0,256.0,51200.0,16896.0,66910.0,,
l40,735.0,2490.0,2250.0,49152.0,GDDR6,384.0,864.0,300.0,128.0,98304.0,18176.0,90520.0,,
l40 cnx,1005.0,2475.0,2250.0,24576.0,GDDR6,384.0,864.0,300.0,128.0,49152.0,18176.0,89970.0,,
l40g,1005.0,2475.0,2250.0,24576.0,GDDR6,384.0,864.0,300.0,128.0,49152.0,18176.0,89970.0,,
l40s,1110.0,2520.0,2250.0,49152.0,GDDR6,384.0,864.0,300.0,128.0,49152.0,18176.0,91610.0,,
rtx 6000 ada generation,915.0,2505.0,2500.0,49152.0,GDDR6,384.0,960.0,300.0,128.0,98304.0,18176.0,91060.0,,568.0
rtx a1000 embedded,630.0,1140.0,1750.0,4096.0,GDDR6,128.0,224.0,35.0,128.0,2048.0,2048.0,4669.0,,64.0
rtx a1000 mobile,630.0,1140.0,1375.0,4096.0,GDDR6,128.0,176.0,60.0,128.0,2048.0,2048.0,4669.0,,64.0
rtx a1000 mobile 6 gb,652.0,1140.0,1375.0,6144.0,GDDR6,96.0,132.0,60.0,128.0,2048.0,2560.0,5837.0,,80.0
rtx a2000 embedded,607.0,1177.0,1500.0,4096.0,GDDR6,128.0,192.0,35.0,128.0,2048.0,2560.0,6026.0,,80.0
rtx a3000 mobile 12 gb,855.0,1440.0,1750.0,12288.0,GDDR6,192.0,336.0,115.0,128.0,4096.0,4096.0,11800.0,,128.0
rtx a4500 embedded,510.0,1215.0,1500.0,16384.0,GDDR6,256.0,384.0,80.0,128.0,4096.0,5888.0,14310.0,,184.0
rtx a4500 max q,510.0,1215.0,1750.0,16384.0,GDDR6,256.0,448.0,80.0,128.0,4096.0,5888.0,14310.0,,184.0
rtx a4500 mobile,930.0,1500.0,2000.0,16384.0,GDDR6,256.0,512.0,140.0,128.0,4096.0,5888.0,17660.0,,184.0
rtx a500 embedded,435.0,1335.0,1500.0,4096.0,GDDR6,64.0,96.0,20.0,128.0,2048.0,2048.0,5468.0,,64.0
rtx a500 mobile,832.0,1537.0,1500.0,4096.0,GDDR6,64.0,96.0,30.0,128.0,2048.0,2048.0,6296.0,,64.0
rtx a5500,1080.0,1665.0,2000.0,24576.0,GDDR6,384.0,768.0,230.0,128.0,6144.0,10240.0,34100.0,,320.0
rtx a5500 max q,585.0,1260.0,1750.0,16384.0,GDDR6,256.0,448.0,80.0,128.0,4096.0,7424.0,18710.0,,232.0
rtx a5500 mobile,975.0,1500.0,2000.0,16384.0,GDDR6,256.0,512.0,165.0,128.0,4096.0,7424.0,22270.0,,232.0
t550 mobile,1065.0,1665.0,1500.0,4096.0,GDDR6,64.0,96.0,23.0,64.0,1024.0,1024.0,3410.0,,
geforce rtx 4050,2505.0,2640.0,2250.0,6144.0,GDDR6,96.0,216.0,100.0,128.0,32768.0,2560.0,13520.0,,120.0
geforce rtx 4050 max q,1140.0,1605.0,2000.0,6144.0,GDDR6,96.0,192.0,35.0,128.0,12288.0,2560.0,8218.0,,80.0
geforce rtx 4050 mobile,1455.0,1755.0,2000.0,6144.0,GDDR6,96.0,192.0,50.0,128.0,12288.0,2560.0,8986.0,,80.0
geforce rtx 4060,1830.0,2460.0,2125.0,8192.0,GDDR6,128.0,272.0,115.0,128.0,24576.0,3072.0,15110.0,34000000.0,96.0
geforce rtx 4060 max q,1140.0,1470.0,2000.0,8192.0,GDDR6,128.0,256.0,35.0,128.0,32768.0,3072.0,9032.0,,96.0
geforce rtx 4060 mobile,1545.0,1890.0,2000.0,8192.0,GDDR6,128.0,256.0,115.0,128.0,32768.0,3072.0,11610.0,,96.0
geforce rtx 4060 ti,2310.0,2535.0,2250.0,16384.0,GDDR6,128.0,288.0,165.0,128.0,32768.0,4352.0,22060.0,39000000.0,136.0
geforce rtx 4060 ti 8 gb,2310.0,2535.0,2250.0,8192.0,GDDR6,128.0,288.0,160.0,128.0,32768.0,4352.0,22060.0,,136.0
geforce rtx 4070,1920.0,2475.0,1313.0,12288.0,GDDR6X,192.0,504.2,200.0,128.0,36864.0,5888.0,29150.0,62000000.0,184.0
geforce rtx 4070 max q,735.0,1230.0,2000.0,8192.0,GDDR6,128.0,256.0,35.0,128.0,32768.0,4608.0,11340.0,,144.0
geforce rtx 4070 mobile,1395.0,1695.0,2000.0,8192.0,GDDR6,128.0,256.0,115.0,128.0,32768.0,4608.0,15620.0,,144.0
geforce rtx 4070 ti,2310.0,2610.0,1313.0,12288.0,GDDR6X,192.0,504.2,285.0,128.0,49152.0,7680.0,40090.0,65000000.0,240.0
geforce rtx 4080 max q,795.0,1350.0,2250.0,12288.0,GDDR6,192.0,432.0,60.0,128.0,49152.0,7424.0,20040.0,,232.0
geforce rtx 4080 mobile,1290.0,1665.0,2250.0,12288.0,GDDR6,192.0,432.0,110.0,128.0,49152.0,7424.0,24720.0,,232.0
geforce rtx 4080 ti,2340.0,2610.0,1325.0,16384.0,GDDR6X,256.0,678.4,400.0,128.0,81920.0,14080.0,73500.0,,440.0
geforce rtx 4090 d,2280.0,2520.0,1313.0,24576.0,GDDR6X,384.0,1034.24,425.0,128.0,73728.0,14592.0,73540.0,,456.0
geforce rtx 4090 max q,930.0,1455.0,2250.0,16384.0,GDDR6,256.0,576.0,80.0,128.0,65536.0,9728.0,28310.0,,304.0
geforce rtx 4090 mobile,1335.0,1695.0,2250.0,16384.0,GDDR6,256.0,576.0,120.0,128.0,65536.0,9728.0,32980.0,,304.0
geforce rtx 4090 ti,2325.0,2565.0,1500.0,24576.0,GDDR6X,384.0,1177.6,600.0,128.0,98304.0,18176.0,93240.0,,568.0
h100 cnx,690.0,1845.0,1593.0,81920.0,HBM2e,5120.0,2088.96,350.0,256.0,51200.0,14592.0,53840.0,,
h100 pcie 96 gb,1665.0,1837.0,1313.0,98304.0,HBM3,5120.0,3440.64,700.0,256.0,51200.0,16896.0,62080.0,,
h100 sxm5 64 gb,1665.0,1980.0,1313.0,65536.0,HBM3,3072.0,2068.48,700.0,256.0,30720.0,16896.0,66910.0,,
h100 sxm5 94 gb,1350.0,1980.0,1313.0,96256.0,HBM3,5120.0,3440.64,700.0,256.0,51200.0,16896.0,66910.0,,
h100 sxm5 96 gb,1350.0,1980.0,1313.0,98304.0,HBM3,5120.0,3440.64,700.0,256.0,51200.0,16896.0,66910.0,,
h800 pcie 80 gb,1095.0,1755.0,1593.0,81920.0,HBM2e,5120.0,2088.96,350.0,256.0,51200.0,14592.0,51220.0,,
h800 sxm5,1095.0,1755.0,1313.0,81920.0,HBM3,5120.0,3440.64,700.0,256.0,51200.0,16896.0,59300.0,,
jetson agx orin 32 gb,,,800.0,32768.0,LPDDR5,256.0,204.8,40.0,128.0,256.0,1792.0,3333.0,,
jetson agx orin 64 gb,,,800.0,65536.0,LPDDR5,256.0,204.8,60.0,128.0,256.0,2048.0,5325.0,,
jetson orin nano 4 gb,,,533.0,4096.0,LPDDR5,64.0,34.11,10.0,128.0,256.0,512.0,640.0,,
jetson orin nano 8 gb,,,533.0,8192.0,LPDDR5,128.0,68.22,15.0,128.0,256.0,1024.0,1280.0,,
jetson orin nx 16 gb,,,800.0,16384.0,LPDDR5,128.0,102.4,25.0,128.0,256.0,1024.0,1880.0,,
jetson orin nx 8 gb,,,800.0,8192.0,LPDDR5,128.0,102.4,20.0,128.0,256.0,1024.0,1567.0,,
l20,1440.0,2520.0,2250.0,49152.0,GDDR6,384.0,864.0,275.0,128.0,98304.0,11776.0,59350.0,,
l4,795.0,2040.0,1563.0,24576.0,GDDR6,192.0,300.1,72.0,128.0,49152.0,7424.0,30290.0,,
rtx 2000 embedded ada generation,1530.0,2010.0,2000.0,8192.0,GDDR6,128.0,256.0,50.0,128.0,12288.0,3072.0,12350.0,,96.0
rtx 2000 max q ada generation,930.0,1455.0,2000.0,8192.0,GDDR6,128.0,256.0,35.0,128.0,12288.0,3072.0,8940.0,,96.0
rtx 2000 mobile ada generation,1635.0,2115.0,2000.0,8192.0,GDDR6,128.0,256.0,50.0,128.0,12288.0,3072.0,12990.0,,96.0
rtx 3000 mobile ada generation,1395.0,1695.0,2000.0,8192.0,GDDR6,128.0,256.0,115.0,128.0,32768.0,4608.0,15620.0,,144.0
rtx 3500 embedded ada generation,1725.0,2250.0,2250.0,12288.0,GDDR6,192.0,432.0,100.0,128.0,49152.0,5120.0,23040.0,,160.0
rtx 3500 mobile ada generation,1110.0,1545.0,2250.0,12288.0,GDDR6,192.0,432.0,100.0,128.0,49152.0,5120.0,15820.0,,160.0
rtx 4000 ada generation,1500.0,2175.0,2250.0,20480.0,GDDR6,160.0,360.0,130.0,128.0,49152.0,6144.0,26730.0,,192.0
rtx 4000 mobile ada generation,1290.0,1665.0,2250.0,12288.0,GDDR6,192.0,432.0,110.0,128.0,49152.0,7424.0,24720.0,,232.0
rtx 4000 sff ada generation,720.0,1560.0,1750.0,20480.0,GDDR6,160.0,280.0,70.0,128.0,49152.0,6144.0,19170.0,,192.0
rtx 4500 ada generation,2070.0,2580.0,2250.0,24576.0,GDDR6,192.0,432.0,210.0,128.0,49152.0,7680.0,39630.0,,240.0
rtx 5000 ada generation,1155.0,2550.0,2250.0,32768.0,GDDR6,256.0,576.0,250.0,128.0,73728.0,12800.0,65280.0,,400.0
rtx 5000 embedded ada generation,930.0,1680.0,2250.0,16384.0,GDDR6,256.0,576.0,120.0,128.0,65536.0,9728.0,32689.999999999996,,304.0
rtx 5000 embedded ada generation x2,930.0,1680.0,2250.0,16384.0,GDDR6,256.0,576.0,150.0,128.0,65536.0,9728.0,32689.999999999996,,304.0
rtx 5000 max q ada generation,930.0,1680.0,2250.0,16384.0,GDDR6,256.0,576.0,120.0,128.0,65536.0,9728.0,32689.999999999996,,304.0
rtx 5000 mobile ada generation,1425.0,2115.0,2250.0,16384.0,GDDR6,256.0,576.0,120.0,128.0,65536.0,9728.0,41150.0,,304.0
titan ada,2235.0,2520.0,1500.0,49152.0,GDDR6X,384.0,1177.6,800.0,128.0,98304.0,18432.0,92900.0,,
b100,1665.0,1837.0,2000.0,98304.0,HBM3e,4096.0,4198.4,1000.0,256.0,51200.0,16896.0,62080.0,,
b200 sxm 192 gb,1665.0,1837.0,2000.0,98304.0,HBM3e,4096.0,4198.4,1000.0,256.0,51200.0,16896.0,62080.0,,
geforce rtx 3050 6 gb,1042.0,1470.0,1750.0,6144.0,GDDR6,96.0,168.0,70.0,128.0,2048.0,2304.0,6774.0,,72.0
geforce rtx 3050 a mobile,1065.0,1343.0,1500.0,4096.0,GDDR6,128.0,192.0,45.0,128.0,2048.0,1792.0,4813.0,,56.0
geforce rtx 4010,1417.0,1762.0,1500.0,4096.0,GDDR6,64.0,96.0,50.0,128.0,2048.0,768.0,2706.0,,24.0
geforce rtx 4060 ad106,1830.0,2460.0,2125.0,8192.0,GDDR6,128.0,272.0,115.0,128.0,24576.0,3072.0,15110.0,,96.0
geforce rtx 4060 ti ad104,2310.0,2535.0,2250.0,8192.0,GDDR6,128.0,288.0,160.0,128.0,32768.0,4352.0,22060.0,,136.0
geforce rtx 4070 10 gb,2355.0,2520.0,1313.0,10240.0,GDDR6X,160.0,420.2,220.0,128.0,49152.0,7168.0,36130.0,,224.0
geforce rtx 4070 ad103,1920.0,2475.0,1313.0,12288.0,GDDR6X,192.0,504.2,200.0,128.0,36864.0,5888.0,29150.0,,184.0
geforce rtx 4070 gddr6,1920.0,2475.0,2500.0,12288.0,GDDR6,192.0,480.0,200.0,128.0,36864.0,5888.0,29150.0,,184.0
geforce rtx 4070 super,1980.0,2475.0,1313.0,12288.0,GDDR6X,192.0,504.2,220.0,128.0,49152.0,7168.0,35480.0,63000000.0,224.0
geforce rtx 4070 ti super,2340.0,2610.0,1313.0,16384.0,GDDR6X,256.0,672.3,285.0,128.0,49152.0,8448.0,44100.0,83000000.0,264.0
geforce rtx 4070 ti super ad102,2340.0,2610.0,1313.0,16384.0,GDDR6X,256.0,672.3,285.0,128.0,49152.0,8448.0,44100.0,,264.0
geforce rtx 4080 super,2295.0,2550.0,1438.0,16384.0,GDDR6X,256.0,736.3,320.0,128.0,65536.0,10240.0,52220.0,87000000.0,320.0
h200 nvl,1365.0,1785.0,1593.0,144384.0,HBM3e,6144.0,5007.36,600.0,256.0,51200.0,16896.0,60320.0,,
h200 sxm 141 gb,1500.0,1980.0,1593.0,144384.0,HBM3e,6144.0,5007.36,700.0,256.0,51200.0,16896.0,66910.0,,
rtx 1000 mobile ada generation,1485.0,2025.0,2000.0,6144.0,GDDR6,96.0,192.0,35.0,128.0,12288.0,2560.0,10370.0,,80.0
rtx 2000 ada generation,1620.0,2130.0,2000.0,16384.0,GDDR6,128.0,256.0,70.0,128.0,12288.0,2816.0,12000.0,,88.0
rtx 500 mobile ada generation,1485.0,2025.0,2000.0,4096.0,GDDR6,64.0,128.0,35.0,128.0,12288.0,2048.0,8294.0,,64.0
rtx 5880 ada generation,975.0,2460.0,2250.0,49152.0,GDDR6,384.0,864.0,285.0,128.0,73728.0,14080.0,69270.0,,440.0
rtx a1000,727.0,1462.0,1500.0,8192.0,GDDR6,128.0,192.0,50.0,128.0,2048.0,2304.0,6737.0,,72.0
rtx a400,1417.0,1762.0,1500.0,4096.0,GDDR6,64.0,96.0,50.0,128.0,2048.0,768.0,2706.0,,24.0
geforce rtx 5050,2317.0,2572.0,2500.0,8192.0,GDDR6,128.0,320.0,130.0,128.0,24576.0,2560.0,13170.0,,80.0
geforce rtx 5050 mobile,2235.0,2520.0,1750.0,8192.0,GDDR6,128.0,224.0,50.0,128.0,32768.0,2560.0,12900.0,,80.0
geforce rtx 5060,2280.0,2497.0,1750.0,8192.0,GDDR7,128.0,448.0,145.0,128.0,32768.0,3840.0,19180.0,51000000.0,120.0
geforce rtx 5060 mobile,952.0,1455.0,1500.0,8192.0,GDDR7,128.0,384.0,45.0,128.0,32768.0,3328.0,9684.0,,104.0
geforce rtx 5060 ti,2407.0,2572.0,1750.0,16384.0,GDDR7,128.0,448.0,180.0,128.0,32768.0,4608.0,23700.0,59000000.0,144.0
geforce rtx 5060 ti 8 gb,2407.0,2572.0,1750.0,8192.0,GDDR7,128.0,448.0,180.0,128.0,32768.0,4608.0,23700.0,,144.0
geforce rtx 5070,2325.0,2512.0,1750.0,12288.0,GDDR7,192.0,672.0,250.0,128.0,49152.0,6144.0,30870.0,80000000.0,192.0
geforce rtx 5070 mobile,907.0,1425.0,1500.0,8192.0,GDDR7,128.0,384.0,50.0,128.0,32768.0,4608.0,13130.0,,144.0
geforce rtx 5070 super,2325.0,2512.0,1750.0,18432.0,GDDR7,192.0,672.0,275.0,128.0,49152.0,6400.0,32150.0,,200.0
geforce rtx 5070 ti,2295.0,2452.0,1750.0,16384.0,GDDR7,256.0,896.0,300.0,128.0,49152.0,8960.0,43940.0,88000000.0,280.0
geforce rtx 5070 ti mobile,847.0,1447.0,1750.0,12288.0,GDDR7,192.0,672.0,60.0,128.0,49152.0,5888.0,17040.0,,184.0
geforce rtx 5070 ti super,2295.0,2452.0,1750.0,16384.0,GDDR7,256.0,896.0,350.0,128.0,49152.0,8960.0,43940.0,,280.0
geforce rtx 5080,2295.0,2617.0,1875.0,16384.0,GDDR7,256.0,960.0,360.0,128.0,65536.0,10752.0,56280.0,120000000.0,336.0
geforce rtx 5080 mobile,975.0,1500.0,1750.0,16384.0,GDDR7,256.0,896.0,80.0,128.0,65536.0,7680.0,23040.0,,240.0
geforce rtx 5090,2017.0,2407.0,1750.0,32768.0,GDDR7,512.0,1832.96,575.0,128.0,98304.0,21760.0,104800.0,160000000.0,680.0
geforce rtx 5090 d,2017.0,2407.0,1750.0,32768.0,GDDR7,512.0,1832.96,575.0,128.0,98304.0,21760.0,104800.0,,680.0
geforce rtx 5090 mobile,990.0,1515.0,1750.0,24576.0,GDDR7,256.0,896.0,95.0,128.0,65536.0,10496.0,31800.0,,328.0
rtx pro 4000 blackwell,1590.0,2617.0,1750.0,24576.0,GDDR7,192.0,672.0,140.0,128.0,49152.0,8960.0,46900.0,,280.0
rtx pro 4500 blackwell,1590.0,2617.0,1750.0,32768.0,GDDR7,256.0,896.0,200.0,128.0,65536.0,10496.0,54940.0,,328.0
rtx pro 5000 blackwell,1590.0,2617.0,1750.0,49152.0,GDDR7,384.0,1372.16,300.0,128.0,98304.0,14080.0,73690.0,,440.0
rtx pro 6000 blackwell,1590.0,2617.0,1750.0,98304.0,GDDR7,512.0,1832.96,600.0,128.0,131072.0,24064.0,126000.0,,752.0
rtx pro 6000 blackwell max q,1590.0,2288.0,1750.0,98304.0,GDDR7,512.0,1832.96,300.0,128.0,131072.0,24064.0,110100.0,,752.0
rtx pro 6000 blackwell server,1590.0,2617.0,1750.0,98304.0,GDDR7,512.0,1832.96,600.0,128.0,131072.0,24064.0,126000.0,,752.0
switch 2 gpu,561.0,1400.0,800.0,12288.0,LPDDR5X,128.0,102.4,40.0,128.0,4096.0,1536.0,4301.0,,
